{"type": "FeatureCollection", "features": [{"type": "Feature", "geometry": {"type": "Polygon", "coordinates": [[[-49.19261041502638, -27.341346186653293], [-49.192609359966085, -27.34141119514148], [-49.192572170100235, -27.341459480411395], [-49.19249884540165, -27.341491042433017], [-49.19238938587698, -27.341505881149732], [-49.192243791566696, -27.34150399647832], [-49.19213433200738, -27.34151883499272], [-49.192061007158536, -27.341550396776153], [-49.19202381701354, -27.341598681885223], [-49.19202276159955, -27.34166369034997], [-49.19196737207857, -27.341711739815583], [-49.19185764841084, -27.341742830215527], [-49.19169359060965, -27.3417569614221], [-49.1914751987414, -27.341754133246468], [-49.19131114090233, -27.341768264000347], [-49.191201417026086, -27.341799353872556], [-49.191146027099364, -27.341847402990815], [-49.191144971161904, -27.341912411421674], [-49.19112597985508, -27.34196093200292], [-49.19108905316563, -27.341992964726852], [-49.19103419109623, -27.34200850957946], [-49.19096139366545, -27.342007566540552], [-49.190907323635486, -27.341974355025876], [-49.190871981033524, -27.34190887505822], [-49.1908553658529, -27.34181112665085], [-49.19085747805313, -27.34168110980747], [-49.190895460768346, -27.341584068717385], [-49.19096931394553, -27.341520003349675], [-49.19107903759534, -27.341488913648494], [-49.19122463179208, -27.34149079953291], [-49.19133409140135, -27.34147596173639], [-49.19140741638268, -27.341444400342148], [-49.19144460672941, -27.34139611540679], [-49.19144566246872, -27.341331106960357], [-49.191519251247286, -27.341283293388265], [-49.1916653730141, -27.341252674573212], [-49.19188402779177, -27.341239250288044], [-49.192175215676556, -27.341243020195627], [-49.192393342832155, -27.341262099348675], [-49.19253840928963, -27.341296488092183], [-49.19261041502638, -27.341346186653293]]]}, "properties": {"classe": "Alta"}}, {"type": "Feature", "geometry": {"type": "Polygon", "coordinates": [[[-49.19318857274132, -27.341613756893107], [-49.19318751800636, -27.341678765399596], [-49.19320492628683, -27.34172775725017], [-49.19324079760131, -27.341760732439074], [-49.19329513195244, -27.34177769095234], [-49.19336792932699, -27.341778632767785], [-49.19342226370908, -27.341795591232888], [-49.19345813511198, -27.341828566369827], [-49.19347554353303, -27.34187755819258], [-49.19347448895365, -27.341942566706926], [-49.19345549863701, -27.341991087654037], [-49.19341857256985, -27.342023121026234], [-49.193363710754824, -27.342038666809493], [-49.19329091321052, -27.342037724983623], [-49.19323499664634, -27.342118279219548], [-49.19319596096411, -27.342280329530723], [-49.19317380612924, -27.342523875925313], [-49.1931685321708, -27.342848918406272], [-49.193128177530795, -27.343092229279684], [-49.193052742102594, -27.34325380851636], [-49.192942225924746, -27.343333656065468], [-49.19279662918102, -27.3433317718545], [-49.192687959183594, -27.343297854360273], [-49.19261621598552, -27.343231903671526], [-49.192581399576135, -27.343133919844135], [-49.19258350988114, -27.343003902901195], [-49.19260329212114, -27.342906625751162], [-49.19264074627296, -27.342842088386412], [-49.192695872343236, -27.342810290793697], [-49.19276867036847, -27.342811232954134], [-49.19282432388833, -27.342746931066735], [-49.19286283282651, -27.342617385146998], [-49.19288419716042, -27.342422595205267], [-49.192888416921136, -27.342162561246813], [-49.1928733823344, -27.34196730025734], [-49.19283909349645, -27.341836812239464], [-49.1927855504299, -27.341771097182832], [-49.192712753083725, -27.34177015506413], [-49.19265841883874, -27.34175319632864], [-49.192622547708204, -27.34172022099854], [-49.19260513968947, -27.3416712290878], [-49.19260619476394, -27.34160622060218], [-49.19264338466849, -27.34155793532583], [-49.192716709375944, -27.341526373228703], [-49.19282616889295, -27.341511534254213], [-49.19297176325998, -27.34151341831912], [-49.193080695346566, -27.341531083394234], [-49.1931529651759, -27.341564529566696], [-49.19318857274132, -27.341613756893107]]]}, "properties": {"classe": "Alta"}}, {"type": "Feature", "geometry": {"type": "Polygon", "coordinates": [[[-49.19260619476394, -27.34160622060218], [-49.19260513968947, -27.3416712290878], [-49.192622547708204, -27.34172022099854], [-49.19265841883874, -27.34175319632864], [-49.192712753083725, -27.34177015506413], [-49.1927855504299, -27.341771097182832], [-49.19283962096961, -27.341804307993307], [-49.192874964729995, -27.34186978751833], [-49.19289158170444, -27.341967535771197], [-49.192889471852446, -27.34209755275558], [-49.192869690046976, -27.342194829976027], [-49.192832236264834, -27.342259367424944], [-49.192777110512665, -27.34229116508905], [-49.19270431282697, -27.342290222949483], [-49.19264918702552, -27.342322020560424], [-49.19261173307184, -27.34238655794075], [-49.19259195095928, -27.342483835103717], [-49.19258984071103, -27.34261385205695], [-49.19257005852702, -27.342711129210915], [-49.19253260438406, -27.34277566655799], [-49.19247747828882, -27.34280746408494], [-49.19240468027778, -27.342806521772875], [-49.19234981795265, -27.342822067130307], [-49.19231289129486, -27.3428541001775], [-49.19229390030175, -27.342902620928385], [-49.192292844986575, -27.34296762939071], [-49.19223745489244, -27.343015678929092], [-49.192127729979596, -27.343046769476988], [-49.191963670261345, -27.343060900906703], [-49.191745275804045, -27.343058073029376], [-49.191581216047894, -27.34307220400636], [-49.191471490926524, -27.343103294026506], [-49.19141610042662, -27.34315134321752], [-49.19141504458794, -27.343216351645964], [-49.191359654005794, -27.343264400809915], [-49.19124992864042, -27.343295490642845], [-49.191085868505105, -27.34330962101705], [-49.190867473666266, -27.343306791743668], [-49.1907034134931, -27.34332092166514], [-49.19059368791921, -27.3433520109703], [-49.19053829693129, -27.343400059786873], [-49.19053724056909, -27.343465068181427], [-49.19042725070474, -27.343512409443644], [-49.19020832726869, -27.343542083312162], [-49.189880470310236, -27.343554089275408], [-49.18944367999745, -27.343548426571743], [-49.18911582304747, -27.34356043073394], [-49.18889689929217, -27.34359010252365], [-49.18878690868224, -27.343637442452433], [-49.1887858512872, -27.34370245078167], [-49.188748658998655, -27.343750734899775], [-49.188675331789426, -27.343782294776698], [-49.188565869666185, -27.34379713035581], [-49.18842027266943, -27.343795241553906], [-49.18831081051158, -27.343810076930673], [-49.18823748315213, -27.343841636569362], [-49.18820029058442, -27.343889920526564], [-49.18819923283561, -27.34395492883233], [-49.18816204021106, -27.34400321277595], [-49.188088712683616, -27.344034772327376], [-49.187979250259936, -27.344049607430005], [-49.187833652980515, -27.344047718000617], [-49.187724719538124, -27.344030048757173], [-49.187652449955934, -27.343996599786813], [-49.18761684422728, -27.34394737114615], [-49.18761790231563, -27.34388236286131], [-49.18763689550157, -27.343833842860537], [-49.187673823771824, -27.34380181113608], [-49.187728687129066, -27.343786267674005], [-49.18780148559188, -27.34378721245406], [-49.187856348927056, -27.343771668940544], [-49.18789327711598, -27.34373963715368], [-49.187912270156, -27.34369111710744], [-49.18791332806036, -27.343626108809577], [-49.187932321069404, -27.343577588758496], [-49.18796924916989, -27.343545556946488], [-49.188024112364474, -27.34353001335957], [-49.188096910671746, -27.34353095797752], [-49.18815177384425, -27.34351541433918], [-49.1881887018634, -27.34348338246475], [-49.188207694726536, -27.343434862368223], [-49.1882087524469, -27.3433698540573], [-49.188300543458176, -27.34332227846113], [-49.18848306769944, -27.34329213539745], [-49.188756325205354, -27.343279424511117], [-49.18912031610614, -27.343284145274033], [-49.189393573595815, -27.343271433135584], [-49.18957609754415, -27.343241288623865], [-49.18966788791651, -27.343193712094006], [-49.18966894477381, -27.343128703728244], [-49.189706136453765, -27.343080419331265], [-49.18977946292922, -27.343048858873043], [-49.189888924206834, -27.343034022296944], [-49.1900345203271, -27.343035909519763], [-49.19014398157008, -27.343021072741326], [-49.19021730789531, -27.342989512044884], [-49.19025449929611, -27.342941227487028], [-49.190255555799666, -27.3428762190978], [-49.190274547659214, -27.342827698667097], [-49.190311474861495, -27.342795666187175], [-49.19036633740919, -27.342780121644083], [-49.19043913532086, -27.342781065017594], [-49.19049426193576, -27.342749268323264], [-49.19053171721739, -27.342684731579986], [-49.1905515011591, -27.342587454801002], [-49.19055361378406, -27.342457437993936], [-49.190573397654305, -27.342360161205946], [-49.19061085274664, -27.342295624429404], [-49.19066597906774, -27.342263827651067], [-49.19073877665409, -27.34226477085205], [-49.19079363888615, -27.342249226124245], [-49.19083056574536, -27.34221719348787], [-49.190849557229036, -27.342168672956905], [-49.190850613350456, -27.342103664539067], [-49.190869604803176, -27.342055144003254], [-49.19090653157395, -27.342023111341746], [-49.19096139366545, -27.342007566540552], [-49.19103419109623, -27.34200850957946], [-49.19108905316563, -27.341992964726852], [-49.19112597985508, -27.34196093200292], [-49.191144971161904, -27.341912411421674], [-49.191146027099364, -27.341847402990815], [-49.191201417026086, -27.341799353872556], [-49.19131114090233, -27.341768264000347], [-49.1914751987414, -27.341754133246468], [-49.19169359060965, -27.3417569614221], [-49.19185764841084, -27.341742830215527], [-49.19196737207857, -27.341711739815583], [-49.19202276159955, -27.34166369034997], [-49.19202381701354, -27.341598681885223], [-49.192061007158536, -27.341550396776153], [-49.19213433200738, -27.34151883499272], [-49.192243791566696, -27.34150399647832], [-49.19238938587698, -27.341505881149732], [-49.192498317836126, -27.34152354667451], [-49.19257058746733, -27.34155699313979], [-49.19260619476394, -27.34160622060218]]]}, "properties": {"classe": "Media"}}, {"type": "Feature", "geometry": {"type": "Polygon", "coordinates": [[[-49.19375618908685, -27.34253141008223], [-49.193750916826076, -27.342856452667483], [-49.19372876300864, -27.3430999991845], [-49.193689727605474, -27.34326204963032], [-49.19363381065114, -27.343342603996746], [-49.19356101224382, -27.343341662270355], [-49.19350614978416, -27.34335720807621], [-49.19346922325359, -27.343389241434515], [-49.19345023264944, -27.343437762359258], [-49.19344917798498, -27.343502770858187], [-49.19348478625383, -27.343551998132543], [-49.19355705749249, -27.343585444156247], [-49.1936659917076, -27.34360310887265], [-49.19381158887597, -27.34360499219464], [-49.19392052316252, -27.343622656715247], [-49.19399279459045, -27.34365610252159], [-49.194028403153105, -27.343705329670307], [-49.19402734881402, -27.34377033818749], [-49.19404475774156, -27.34381932995324], [-49.19408062995431, -27.343852304961775], [-49.19413496545492, -27.34386926319911], [-49.19420776423015, -27.34387020464307], [-49.194262099761715, -27.34388716283223], [-49.194297972062905, -27.3439201377888], [-49.19431538113104, -27.343969129526712], [-49.19431432694755, -27.344034138051757], [-49.19433173603778, -27.344083129788096], [-49.194367608420315, -27.344116104729938], [-49.19442194409779, -27.344133062863325], [-49.19449474305697, -27.344134004166072], [-49.19454960579172, -27.344118457985168], [-49.19458653228348, -27.344086424340862], [-49.19460552252959, -27.344037903247095], [-49.1946065765433, -27.343972894711627], [-49.19464376646586, -27.34392460891409], [-49.19471709227009, -27.34389304582445], [-49.19482655396261, -27.343878205386112], [-49.194972151583926, -27.34388008751582], [-49.19508108637641, -27.34389775115199], [-49.19515335836327, -27.343931196381767], [-49.19518896753787, -27.343980423261748], [-49.19518791386371, -27.344045431818053], [-49.19520532334658, -27.34409442346411], [-49.195241196005036, -27.34412739819412], [-49.19529553184173, -27.344144355994125], [-49.19536833084342, -27.344145296841937], [-49.19542240332492, -27.34417850673458], [-49.19545774931343, -27.344243985694863], [-49.19547436880229, -27.344341733736016], [-49.19547226175104, -27.34447175086177], [-49.19548888127459, -27.34456949890044], [-49.1955242274134, -27.344634977848326], [-49.19557830017411, -27.34466818769217], [-49.19565109952952, -27.344669128409173], [-49.19570543569784, -27.344686086064215], [-49.19574130869232, -27.344719060679484], [-49.195758718510305, -27.344768052268943], [-49.19575766513322, -27.3448330608384], [-49.19573867522308, -27.344881582101458], [-49.19570174876663, -27.34491361605042], [-49.19564688576652, -27.344929162671303], [-49.195574086241315, -27.344928221943885], [-49.19551895983824, -27.3449600206532], [-49.1954815065208, -27.345024558818146], [-49.19546172628236, -27.345121836451984], [-49.19545961914613, -27.345251853562303], [-49.19543983883626, -27.345349131187138], [-49.19540238532956, -27.34541366931885], [-49.19534725863265, -27.3454454679442], [-49.19527445878204, -27.34544452704429], [-49.19521880517439, -27.345508829888296], [-49.19518029773343, -27.34563837649168], [-49.195158936436556, -27.34583316686482], [-49.19515472131492, -27.34609320101294], [-49.19513335983776, -27.346287991363706], [-49.19509485197397, -27.346417537911872], [-49.195039197746105, -27.34648184064708], [-49.19496639723048, -27.346480899553843], [-49.19491206033264, -27.346463941578158], [-49.194876187065866, -27.346430966742197], [-49.1948587774275, -27.346381975059955], [-49.194859831398965, -27.3463169665372], [-49.1948424217827, -27.34626797485338], [-49.19480654859729, -27.346235000002725], [-49.194752211845376, -27.34621804197124], [-49.194679411513725, -27.346217100736762], [-49.19462586536786, -27.346151386270137], [-49.194591573458865, -27.346020898594652], [-49.19457653576414, -27.345825637720694], [-49.19458075218746, -27.345565603645657], [-49.19460211441104, -27.34537081340055], [-49.19464062240377, -27.345241266980135], [-49.19469627618823, -27.34517696437408], [-49.19476907584072, -27.34517790556687], [-49.19482393906718, -27.345162359303465], [-49.194860865849044, -27.3451303256041], [-49.19487985618365, -27.345081804482742], [-49.19488091008426, -27.34501679594715], [-49.19475430134998, -27.344966392547093], [-49.19450003012678, -27.344930593941488], [-49.1941180964811, -27.344909399433927], [-49.193608500399876, -27.344902807972748], [-49.193226567167635, -27.344881611038335], [-49.19297229679743, -27.344845809682358], [-49.1928456892228, -27.344795404601232], [-49.19284674429774, -27.34473039613602], [-49.19282933578858, -27.344681404245623], [-49.19279346371389, -27.34464842892425], [-49.192739128076354, -27.344631470157918], [-49.19266632886269, -27.344630527924448], [-49.192611993256115, -27.34461356910994], [-49.19257612126987, -27.344580593736598], [-49.1925587129013, -27.344531601818378], [-49.192559768131844, -27.34446659336103], [-49.192542359785364, -27.344417601441226], [-49.192506487880465, -27.344384626053174], [-49.192452152419804, -27.344367667182908], [-49.19237935339011, -27.34436672480822], [-49.19232554564021, -27.344317261664546], [-49.19229072920988, -27.344219277775064], [-49.1922749040858, -27.344072773151808], [-49.19227807020161, -27.343877747795702], [-49.192298644419814, -27.343731714379903], [-49.19233662671129, -27.343634672897636], [-49.19239201708935, -27.343586623336833], [-49.1924648156097, -27.34358756568021], [-49.19251967830536, -27.343572020296758], [-49.192556605157755, -27.34353998720668], [-49.19257559616422, -27.343491466423984], [-49.192576651337994, -27.343426457956348], [-49.19261384191121, -27.343378172730024], [-49.19268716785666, -27.343346610714953], [-49.19279662918102, -27.3433317718545], [-49.192942225924746, -27.343333656065468], [-49.193052742102594, -27.34325380851636], [-49.193128177530795, -27.343092229279684], [-49.1931685321708, -27.342848918406272], [-49.19317380612924, -27.342523875925313], [-49.193214160388536, -27.34228056500503], [-49.193289594842035, -27.34211898561628], [-49.193400109528305, -27.342039137708213], [-49.19354570463109, -27.342041021208335], [-49.193653582864265, -27.342123694382877], [-49.193723744362366, -27.342287157323895], [-49.19375618908685, -27.34253141008223]]]}, "properties": {"classe": "Media"}}, {"type": "Feature", "geometry": {"type": "Polygon", "coordinates": [[[-49.19512995633073, -27.347620901425476], [-49.19512890245823, -27.347685909945795], [-49.19514631238661, -27.34773490160131], [-49.19518218613446, -27.347767876386282], [-49.19523652370443, -27.34778483428668], [-49.195309325083265, -27.34778577528036], [-49.19536339924847, -27.347818985264414], [-49.19539874622722, -27.34788446426162], [-49.19541536601288, -27.347982212285253], [-49.19541325856499, -27.348112229339], [-49.195429878385355, -27.34820997736014], [-49.19546522551445, -27.348275456344957], [-49.195519299958896, -27.348308666280197], [-49.195592101691524, -27.34830960714304], [-49.195645122589134, -27.348407825563722], [-49.195678362721345, -27.34860332156511], [-49.19569182203903, -27.348896095152732], [-49.195685500374275, -27.34928614631481], [-49.195662558400265, -27.34957844946056], [-49.19562299609383, -27.349773004590006], [-49.195566813504115, -27.34986981169762], [-49.19549401075254, -27.349868870772262], [-49.19544072592751, -27.349786904414316], [-49.195406959090036, -27.349623912646976], [-49.195392710205596, -27.34937989547844], [-49.19539797914409, -27.349054852901887], [-49.19538373027632, -27.348810835718027], [-49.19534996373236, -27.34864784393367], [-49.19529667954675, -27.34856587754062], [-49.195223877658464, -27.348564936515686], [-49.195169803189266, -27.348531726465378], [-49.195134456166336, -27.34846624741251], [-49.19511783658304, -27.34836849937033], [-49.195119944398904, -27.34823848234256], [-49.195103324850294, -27.348140734297903], [-49.19506797797771, -27.348075255232626], [-49.19501390378776, -27.348042045133507], [-49.19494110225329, -27.348041103977742], [-49.19488702812018, -27.348007893831966], [-49.19485168141563, -27.347942414718958], [-49.194835062132995, -27.347844666651973], [-49.1948371702318, -27.347714649634746], [-49.19485695160958, -27.34761737217263], [-49.19489440624312, -27.34755283425799], [-49.19494953413908, -27.347521035877577], [-49.19502233533393, -27.347521977012498], [-49.19507667275797, -27.34753893496871], [-49.195112546424454, -27.34757190976837], [-49.19512995633073, -27.347620901425476]]]}, "properties": {"classe": "Alta"}}, {"type": "Feature", "geometry": {"type": "Polygon", "coordinates": [[[-49.214619971706334, -27.349171928799166], [-49.2146189291414, -27.349236938001035], [-49.214563544866444, -27.349284996673468], [-49.214453818841584, -27.349316104749974], [-49.21428975107995, -27.349330262102765], [-49.21407134164773, -27.349327468542917], [-49.213907273847674, -27.349341625442918], [-49.21379754761363, -27.349372732991682], [-49.21374216293244, -27.349420791316987], [-49.213741119843995, -27.34948580048535], [-49.21375853834072, -27.349534790215646], [-49.21379441844118, -27.349567760502094], [-49.213848760148, -27.349584711330706], [-49.21392156344788, -27.349585642679312], [-49.21397590518563, -27.349602593459736], [-49.21401178537451, -27.349635563694118], [-49.2140292040119, -27.349684553396486], [-49.21402816107926, -27.349749562572587], [-49.214045579738816, -27.34979855227335], [-49.21408146000911, -27.349831522492988], [-49.21413580189277, -27.349848473217506], [-49.21420860537652, -27.34984940442474], [-49.21426268659037, -27.349882607396797], [-49.21429804556155, -27.349948082156462], [-49.2143146822835, -27.350045828717008], [-49.214312596715835, -27.35017584708214], [-49.21429283158931, -27.350273128066082], [-49.21425538688062, -27.350337671661222], [-49.21420026259634, -27.350369477854336], [-49.21412745877292, -27.350368546626477], [-49.214072595173576, -27.35038410047358], [-49.214035671779776, -27.350416139415888], [-49.21401668858888, -27.350464663467385], [-49.21401564561416, -27.350529672635794], [-49.21399666239234, -27.350578196682466], [-49.213959738910106, -27.35061023559969], [-49.213904875170094, -27.350625789373495], [-49.21383207119085, -27.35062485798364], [-49.21377825054751, -27.35057540254711], [-49.21374341327997, -27.3504774230871], [-49.21372755937508, -27.35033091961562], [-49.21373068876665, -27.350135892133654], [-49.213714834900166, -27.349989388657058], [-49.2136799978418, -27.349891409184874], [-49.213626177604716, -27.349841953705052], [-49.213553374149015, -27.34984102219444], [-49.21349903237131, -27.349824071247546], [-49.213463152284874, -27.349791100886545], [-49.213445733887085, -27.349742111125405], [-49.2134467771594, -27.34967710196993], [-49.21342935878377, -27.349628112207192], [-49.21339347877874, -27.349595141831433], [-49.21333913714696, -27.349578190828645], [-49.21326633387512, -27.349577259176662], [-49.21321199227425, -27.34956030812568], [-49.21317611235766, -27.349527337697864], [-49.2131586941227, -27.349478347907205], [-49.21315973755082, -27.34941333875947], [-49.21317872090142, -27.349364814826924], [-49.213215644161224, -27.349332776101846], [-49.21327050733285, -27.34931722257026], [-49.21334331043485, -27.349318154211925], [-49.213398173584324, -27.34930260062892], [-49.213435096762716, -27.349270561841475], [-49.21345407996739, -27.349222037863594], [-49.21345512321165, -27.349157028702972], [-49.21352870861533, -27.34910920337057], [-49.21367483612722, -27.34907856174912], [-49.21389350576968, -27.349065103611327], [-49.21418471763862, -27.34906882861991], [-49.21440286590569, -27.349087874277014], [-49.21454795060237, -27.34912224092767], [-49.214619971706334, -27.349171928799166]]]}, "properties": {"classe": "Alta"}}, {"type": "Feature", "geometry": {"type": "Polygon", "coordinates": [[[-49.21372651623754, -27.350395928774994], [-49.21372338680389, -27.35059095624927], [-49.21370283869643, -27.350736993982434], [-49.213664871885776, -27.350834041967747], [-49.21360948638509, -27.35088210019314], [-49.21353668225002, -27.350881168641276], [-49.213482339976814, -27.35086421766601], [-49.21344645957875, -27.35083124728951], [-49.2134290410532, -27.35078225752577], [-49.21343008438162, -27.350717248380548], [-49.21341266587823, -27.35066825861521], [-49.213376785561586, -27.350635288223955], [-49.21332244343431, -27.350618337192785], [-49.21324963948312, -27.350617405499545], [-49.21319477565706, -27.350632958989234], [-49.21315785193759, -27.350664997682095], [-49.213138868322076, -27.35071352159211], [-49.21313782482382, -27.350778530727013], [-49.213082439137175, -27.350826588733984], [-49.21297271122227, -27.350857695546527], [-49.21280864109225, -27.350871851036857], [-49.21259022881332, -27.350869055016023], [-49.21242668060455, -27.350850705499294], [-49.2123179964953, -27.350816802681404], [-49.2122641764724, -27.350767346690137], [-49.2122652204802, -27.350702337586196], [-49.21228420446734, -27.350653813813164], [-49.21232112842052, -27.35062177536332], [-49.21237599234239, -27.350606222222673], [-49.21244879625148, -27.350607154370984], [-49.21250366015119, -27.350591601178905], [-49.21254058402297, -27.350559562666707], [-49.21255956786417, -27.35051103884833], [-49.21256061168809, -27.350446029731504], [-49.21259779644322, -27.350397738920766], [-49.21267112210233, -27.350366166386106], [-49.212780588672, -27.350351312070863], [-49.212926196192605, -27.35035317589179], [-49.21303566272739, -27.350338321374192], [-49.21310898823596, -27.35030674860135], [-49.21314617271172, -27.350258457629916], [-49.21314721618192, -27.350193448489883], [-49.21318440060088, -27.350145157504905], [-49.21325772594136, -27.350113584644927], [-49.21336719220992, -27.35009872985335], [-49.213512799446974, -27.350100593046882], [-49.21362122249258, -27.350150747210858], [-49.21369246142846, -27.35024919243533], [-49.21372651623754, -27.350395928774994]]]}, "properties": {"classe": "Media"}}, {"type": "Feature", "geometry": {"type": "Polygon", "coordinates": [[[-49.21313469430799, -27.350973558127826], [-49.21313365079569, -27.351038567260137], [-49.21304186284688, -27.351086159344604], [-49.21285933040035, -27.351116334198966], [-49.2125860534903, -27.351129091467925], [-49.212222032246345, -27.351124430623145], [-49.21194927742317, -27.351104682095084], [-49.21176778905039, -27.35106984642174], [-49.21167756709379, -27.35101992395843], [-49.211678611455305, -27.350954914877722], [-49.21177039982151, -27.35090732371188], [-49.211952932131204, -27.350877150278695], [-49.2122262084186, -27.350864394222853], [-49.21259022881332, -27.350869055016023], [-49.21286298325068, -27.35088880226969], [-49.2130444717603, -27.35092363652186], [-49.21313469430799, -27.350973558127826]]]}, "properties": {"classe": "Alta"}}, {"type": "Feature", "geometry": {"type": "Polygon", "coordinates": [[[-49.195076204316294, -27.350936335142098], [-49.19507304214614, -27.35113136060277], [-49.195088871411166, -27.35127786499568], [-49.19512369217774, -27.351375848319886], [-49.19517750445913, -27.35142531056336], [-49.195250308215556, -27.35142625170292], [-49.1953046475501, -27.35144320965555], [-49.19534052247602, -27.351476184443452], [-49.19535793299067, -27.351525176080592], [-49.19535687907545, -27.35159018457277], [-49.1953196866864, -27.35163847040065], [-49.19524635579632, -27.351670033534194], [-49.19513688641185, -27.351684873916774], [-49.194991278573475, -27.351682991465136], [-49.19488312690052, -27.35161657105259], [-49.194812431501774, -27.35148561277034], [-49.19477919235065, -27.351290116671432], [-49.194783409285236, -27.351030082770706], [-49.19480477278733, -27.350835292673132], [-49.19484328282581, -27.35070574637348], [-49.19489893942326, -27.350641443861402], [-49.194971742655994, -27.350642385121375], [-49.1950255545314, -27.350691847407898], [-49.195060375089255, -27.350789830744116], [-49.195076204316294, -27.350936335142098]]]}, "properties": {"classe": "Alta"}}, {"type": "Feature", "geometry": {"type": "Polygon", "coordinates": [[[-49.18255300537223, -27.3508388965567], [-49.18255194401249, -27.350903904593945], [-49.182532947256405, -27.350952423688895], [-49.182496015090734, -27.350984453833792], [-49.182441147518155, -27.35099999501468], [-49.182368344557254, -27.350999047211324], [-49.1823134769626, -27.351014588340767], [-49.18227654471557, -27.35104661842322], [-49.18225754781352, -27.351095137472672], [-49.18225648626968, -27.351160145496838], [-49.18221928856403, -27.35120842756595], [-49.182145954669394, -27.351239983649943], [-49.18203648459248, -27.351254813692186], [-49.18189087837382, -27.351252917609436], [-49.18178140826234, -27.351267747449256], [-49.181708074217504, -27.351299303294912], [-49.18167087623261, -27.351347585203012], [-49.18166981433482, -27.351412593203634], [-49.18163261629305, -27.35146087509813], [-49.18155928208016, -27.351492430856467], [-49.18144981170282, -27.35150726042201], [-49.18130420520159, -27.351505363711517], [-49.1811947347897, -27.35152019307465], [-49.1811214004266, -27.351551748594634], [-49.181084202105595, -27.351600030328118], [-49.18108313985384, -27.35166503830517], [-49.181045941475965, -27.35171332002505], [-49.180972606944806, -27.35174487545773], [-49.180863136267064, -27.351759704546563], [-49.180717529483275, -27.351757807208312], [-49.18060859003842, -27.351740132115395], [-49.180536317955635, -27.351706679354965], [-49.18050071322822, -27.35165744898369], [-49.18050177581966, -27.351592441027645], [-49.18052077357089, -27.351543922262085], [-49.180557706468704, -27.35151189267927], [-49.18061257451577, -27.351496352265197], [-49.18068537773068, -27.35149730099966], [-49.18074024575567, -27.351481760534142], [-49.180777178572136, -27.35144973088887], [-49.180796176177395, -27.351401212077803], [-49.18079723858471, -27.351336204108684], [-49.180816236158975, -27.351287685292768], [-49.18085316888695, -27.351255655622307], [-49.180908036771314, -27.35124011508334], [-49.18098083983067, -27.351241063655614], [-49.18103570769296, -27.35122552306518], [-49.181072640339586, -27.351193493332264], [-49.18109163776787, -27.35114497447085], [-49.18109269999106, -27.351079966488676], [-49.18114809885349, -27.351031921856872], [-49.18125783431543, -27.351000840508867], [-49.18142190639026, -27.35098672231692], [-49.1816403151445, -27.350989567092135], [-49.181804387181664, -27.350975448447297], [-49.181914122435245, -27.350944366571294], [-49.181969520891876, -27.350896321591872], [-49.18197058259128, -27.350831313575615], [-49.1820077802647, -27.35078303156943], [-49.18208111388494, -27.350751475543287], [-49.182190583458734, -27.350736645440538], [-49.18233618902659, -27.350738541177932], [-49.18244512785767, -27.35075621489007], [-49.182517399975104, -27.350789666664106], [-49.18255300537223, -27.3508388965567]]]}, "properties": {"classe": "Media"}}, {"type": "Feature", "geometry": {"type": "Polygon", "coordinates": [[[-49.211087820999246, -27.351467525792813], [-49.21108677626994, -27.351532534847728], [-49.21099498710657, -27.351580125521004], [-49.21081245344796, -27.35161029763037], [-49.21053917532834, -27.35162305082054], [-49.21017515287741, -27.351618384563153], [-49.20990161338323, -27.35164738875366], [-49.209718556634535, -27.351710063915235], [-49.2096259825931, -27.351806410402418], [-49.20962389139381, -27.35193642840124], [-49.20960412180246, -27.352033708485596], [-49.20956667379577, -27.352098250647913], [-49.20951154738032, -27.352130054874895], [-49.209438742592596, -27.35212912114765], [-49.2093849233169, -27.35207966408582], [-49.20935008959311, -27.351981683712562], [-49.20933424140802, -27.351835180039924], [-49.209337378695444, -27.351640153068846], [-49.20944893819422, -27.351495283460924], [-49.209668919659265, -27.351400570945977], [-49.20999732314988, -27.35135601501418], [-49.21043414902974, -27.351361614916133], [-49.21076150729417, -27.351382066207783], [-49.210979397966916, -27.351417369662766], [-49.211087820999246, -27.351467525792813]]]}, "properties": {"classe": "Alta"}}, {"type": "Feature", "geometry": {"type": "Polygon", "coordinates": [[[-49.21079242373302, -27.35172383020082], [-49.210791378819806, -27.35178883924286], [-49.21073599164664, -27.351836896239053], [-49.21062626217363, -27.351868001122853], [-49.210462190413956, -27.351882153766528], [-49.21024377643384, -27.351879353981094], [-49.210079704635824, -27.351893506171898], [-49.20996997495371, -27.351924610527902], [-49.2099145873743, -27.35197266717686], [-49.209913541937475, -27.35203767618534], [-49.20989455666342, -27.352086199565633], [-49.20985763153885, -27.35211823731006], [-49.20980276656638, -27.35213378940462], [-49.2097299617646, -27.352132855829076], [-49.209675880956055, -27.352099651123066], [-49.20964052416799, -27.352034175309356], [-49.20962389139381, -27.35193642840124], [-49.2096259825931, -27.351806410402418], [-49.209700355503855, -27.351709830517255], [-49.20984701001712, -27.35164668862565], [-49.210065946159254, -27.351616984501053], [-49.2103571640919, -27.351620717810356], [-49.21057531631976, -27.351639769652998], [-49.210720402874266, -27.351674140374048], [-49.21079242373302, -27.35172383020082]]]}, "properties": {"classe": "Media"}}, {"type": "Feature", "geometry": {"type": "Polygon", "coordinates": [[[-49.19710101425764, -27.35180778499632], [-49.19709996134734, -27.35187279354842], [-49.196989965431776, -27.351920139660745], [-49.19677102644128, -27.35194982307186], [-49.19644314442498, -27.351961843270008], [-49.196006319550754, -27.35195619949322], [-49.19567896441498, -27.351935713639666], [-49.19546107904083, -27.351900386483013], [-49.195352663379175, -27.35185021853502], [-49.195353717308556, -27.351785210045403], [-49.19546371370507, -27.35173786524925], [-49.19568265249905, -27.35170818388505], [-49.19601053373966, -27.35169616544108], [-49.1964473575948, -27.351701809155376], [-49.1967747122961, -27.35172229318056], [-49.196992597866746, -27.351757618290303], [-49.19710101425764, -27.35180778499632]]]}, "properties": {"classe": "Alta"}}, {"type": "Feature", "geometry": {"type": "Polygon", "coordinates": [[[-49.206994024899174, -27.35245536833006], [-49.20699297773566, -27.35252037722994], [-49.20690118614343, -27.352567965080482], [-49.206718650061376, -27.35259813169944], [-49.206445369523806, -27.352610876731475], [-49.206081344660504, -27.35260619964825], [-49.20580858803584, -27.35258643899947], [-49.20562709967926, -27.35255159532318], [-49.20553687955643, -27.35250166897471], [-49.20553792756924, -27.352436660126614], [-49.205629719578575, -27.35238907319483], [-49.20581225552332, -27.352358907997115], [-49.20608553543779, -27.35234616417815], [-49.20644955945181, -27.35235084120959], [-49.20672231569104, -27.352370600583814], [-49.20690380418493, -27.352405442838865], [-49.206994024899174, -27.35245536833006]]]}, "properties": {"classe": "Alta"}}, {"type": "Feature", "geometry": {"type": "Polygon", "coordinates": [[[-49.20291695592668, -27.352402947131925], [-49.20291590638517, -27.352467955886706], [-49.2029333204215, -27.35251694674101], [-49.202969198054255, -27.35254991968905], [-49.203023539286065, -27.352566874716835], [-49.20309634410366, -27.352567811802196], [-49.203150160660265, -27.352617271162597], [-49.2031849889957, -27.3527152528212], [-49.20320082909676, -27.352861756790062], [-49.203197680897134, -27.35305678307014], [-49.203177118417024, -27.353202818516507], [-49.20313914162716, -27.353299863122402], [-49.203083750540785, -27.353347916875776], [-49.203010945213606, -27.353346979759298], [-49.20295607883067, -27.35336252908396], [-49.202919151373386, -27.353394564870005], [-49.20290016283913, -27.353443087131417], [-49.20289911324117, -27.35350809587593], [-49.20284372194778, -27.353556149522642], [-49.20273398891911, -27.353587248005024], [-49.202569914168386, -27.353601391195276], [-49.20235149776192, -27.353598578904457], [-49.202187947982566, -27.35358021728284], [-49.20207926485957, -27.353546306525214], [-49.202025448379715, -27.353496846759363], [-49.202026498487264, -27.35343183804598], [-49.202009084738314, -27.353382847097], [-49.20197320715143, -27.353349873906627], [-49.20191886572927, -27.353332918460875], [-49.20184606045854, -27.353331980737575], [-49.20179171906734, -27.353315025243628], [-49.20175584156892, -27.35328205200124], [-49.201738427960635, -27.353233061024376], [-49.201739478223935, -27.353168052318807], [-49.201722064637785, -27.35311906134035], [-49.201686187220766, -27.35308608808322], [-49.20163184597553, -27.35306913253344], [-49.20155904088878, -27.353068194668815], [-49.2015046996745, -27.353051239070833], [-49.20146882234594, -27.353018265761687], [-49.20145140890046, -27.352969274755345], [-49.201452459319505, -27.35290426605759], [-49.2015260520749, -27.352856447446936], [-49.201672187115534, -27.352825818806064], [-49.20189086446391, -27.352812379907675], [-49.20218208421616, -27.35281613041444], [-49.20240102399693, -27.352786438529822], [-49.202547683644404, -27.352723304586902], [-49.20262206313214, -27.35262672881226], [-49.20262416256899, -27.35249671132601], [-49.202643938310054, -27.352399432535048], [-49.20268139033206, -27.352334892431777], [-49.20273651864165, -27.352303091002934], [-49.20280932327528, -27.352304028229614], [-49.20286366436113, -27.352320983313252], [-49.20289954191249, -27.352353956276023], [-49.20291695592668, -27.352402947131925]]]}, "properties": {"classe": "Media"}}, {"type": "Feature", "geometry": {"type": "Polygon", "coordinates": [[[-49.2034904753469, -27.352963017727696], [-49.20348627839863, -27.353223052804136], [-49.203464929302804, -27.353417844880656], [-49.20342642802813, -27.353547393952038], [-49.20337077459708, -27.353611700007914], [-49.20329796908593, -27.353610763032766], [-49.20324310260394, -27.35362631246538], [-49.20320617513256, -27.353658348325986], [-49.20318718666912, -27.353706870628592], [-49.20318613722692, -27.353771879380908], [-49.2031125445026, -27.35381969886632], [-49.20296640844503, -27.353850328967543], [-49.2027477290767, -27.35386376945721], [-49.202456506493704, -27.35386001999802], [-49.20223835209374, -27.35384095532606], [-49.202093265908076, -27.353806575786404], [-49.20202124791421, -27.353756881606422], [-49.202022298035885, -27.353691872895617], [-49.20207768973543, -27.35364381959626], [-49.20218742297303, -27.353612721641802], [-49.20235149776192, -27.353598578904457], [-49.202569914168386, -27.353601391195276], [-49.20273398891911, -27.353587248005024], [-49.20284372194778, -27.353556149522642], [-49.20289911324117, -27.35350809587593], [-49.20290016283913, -27.353443087131417], [-49.202919151373386, -27.353394564870005], [-49.20295607883067, -27.35336252908396], [-49.203010945213606, -27.353346979759298], [-49.203083750540785, -27.353347916875776], [-49.20313914162716, -27.353299863122402], [-49.203177118417024, -27.353202818516507], [-49.203197680897134, -27.35305678307014], [-49.20320082909676, -27.352861756790062], [-49.203221391455806, -27.352715721328867], [-49.20325936794502, -27.35261867667978], [-49.203314758577626, -27.35257062283072], [-49.203387563409336, -27.352571559764375], [-49.20344111779296, -27.352637271211723], [-49.20347542177964, -27.352767757196037], [-49.2034904753469, -27.352963017727696]]]}, "properties": {"classe": "Alta"}}, {"type": "Feature", "geometry": {"type": "Polygon", "coordinates": [[[-49.21661107257379, -27.352155901924444], [-49.2166006570625, -27.3528059943432], [-49.21661104665745, -27.353293796127215], [-49.21664224171546, -27.353619307315146], [-49.21669424236912, -27.353782527916817], [-49.2167670485268, -27.353783457913305], [-49.21682139277647, -27.353800407695125], [-49.21685727513142, -27.35383337728442], [-49.21687469558903, -27.35388236669521], [-49.21687365413076, -27.353947375933256], [-49.216891074610544, -27.353996365342436], [-49.21692695704693, -27.354029334916977], [-49.21698130144255, -27.354046284642855], [-49.2170541077841, -27.354047214497925], [-49.21710845221064, -27.35406416417561], [-49.21714433473547, -27.354097133698072], [-49.21716175535596, -27.354146123079303], [-49.21716071405356, -27.354211132325055], [-49.21712352983162, -27.354259424360443], [-49.21705020266286, -27.354290999155406], [-49.21694073255387, -27.354305856653312], [-49.21679511954502, -27.354303996770856], [-49.21668617019382, -27.354286349452494], [-49.21661388452359, -27.35425291478537], [-49.216578262527776, -27.35420369282614], [-49.216579304169926, -27.354138683600965], [-49.21656188381125, -27.35408969415932], [-49.2165260014703, -27.354056724495436], [-49.216471657149704, -27.354039774595336], [-49.21639885083616, -27.354038844436836], [-49.21634685052528, -27.35387562374581], [-49.216315656308716, -27.35355011254121], [-49.21630526805384, -27.353062310813183], [-49.2163156854038, -27.35241221852307], [-49.21630529695501, -27.351924416724508], [-49.216274103064315, -27.35159890545613], [-49.216222103864325, -27.351435684727804], [-49.216149299263414, -27.351434754520586], [-49.21609495626567, -27.351417804531895], [-49.21605907488438, -27.351384834783914], [-49.21604165511692, -27.3513358452906], [-49.21604269694474, -27.351270836057758], [-49.21607988054169, -27.351222544265312], [-49.21615320588053, -27.351190969883262], [-49.216262672967815, -27.351176112854965], [-49.21640828184393, -27.351177973097112], [-49.21651488463724, -27.3513418913043], [-49.2165824815927, -27.35166786756915], [-49.21661107257379, -27.352155901924444]]]}, "properties": {"classe": "Alta"}}, {"type": "Feature", "geometry": {"type": "Polygon", "coordinates": [[[-49.201452459319505, -27.35290426605759], [-49.20145140890046, -27.352969274755345], [-49.201359614776834, -27.353016858825445], [-49.201177076887525, -27.353047018085594], [-49.200903795266974, -27.35305975218051], [-49.200539770045125, -27.353055060581827], [-49.200266488407536, -27.353067793424135], [-49.200083950224254, -27.35309795123579], [-49.19999215546085, -27.353145534372082], [-49.19999110417838, -27.353210543015322], [-49.19995391314113, -27.35325883013886], [-49.199880582321875, -27.35329039571268], [-49.19977111172724, -27.353305239680136], [-49.199625501397705, -27.353303361957952], [-49.19951497920011, -27.35338321434758], [-49.1994395449507, -27.3535447969216], [-49.19939919861104, -27.353788109730864], [-49.199393940288026, -27.35411315280453], [-49.1993717950277, -27.354356700334293], [-49.199332762800815, -27.354518752317208], [-49.199276843641826, -27.35459930874507], [-49.19920403764892, -27.354598369604435], [-49.19915022203405, -27.35454890877399], [-49.19911539683703, -27.35445092627693], [-49.1990995620446, -27.35430442212528], [-49.19910271759044, -27.354109396319984], [-49.19908688283611, -27.35396289216324], [-49.19905205784793, -27.353864909654135], [-49.19899824263918, -27.353815448780583], [-49.19892543717003, -27.35381450951943], [-49.198871622043555, -27.353765048600625], [-49.19883679729957, -27.353667066047322], [-49.198820962924835, -27.353520561871587], [-49.198824118853, -27.353325536074344], [-49.19888108956526, -27.353179971195694], [-49.198991874942166, -27.353083867166117], [-49.19915647500759, -27.35303722385976], [-49.1993748899287, -27.353040041094516], [-49.19953896402551, -27.35302590163949], [-49.199648697231666, -27.352994805683647], [-49.19970408953393, -27.352946753354736], [-49.19970514097212, -27.352881744719316], [-49.19981513683777, -27.35283439646305], [-49.200034077061176, -27.35280470832443], [-49.20036196169135, -27.352792679791747], [-49.20079879089603, -27.35279831010294], [-49.201126150232106, -27.352818784112156], [-49.201344039722926, -27.35285410259313], [-49.201452459319505, -27.35290426605759]]]}, "properties": {"classe": "Alta"}}, {"type": "Feature", "geometry": {"type": "Polygon", "coordinates": [[[-49.17842179553778, -27.354101166302208], [-49.17841860376779, -27.354296189872343], [-49.178398008656686, -27.354442220046852], [-49.17836001017547, -27.354539256818942], [-49.17830460833756, -27.354587300176537], [-49.17823180319878, -27.354586350102366], [-49.17817693332622, -27.35460188948291], [-49.17813999870129, -27.35463391833838], [-49.1781209993213, -27.354682436682772], [-49.1781199351995, -27.354747444523813], [-49.1781009357885, -27.354795962863346], [-49.17806400107505, -27.35482799169365], [-49.178009131061856, -27.3548435310007], [-49.17793632576751, -27.354842580764302], [-49.17788225393214, -27.35480936414644], [-49.17784691558289, -27.354743881169917], [-49.17783031071308, -27.354646131847986], [-49.177832439282106, -27.354516116184364], [-49.1778522369524, -27.354418842007547], [-49.177889703700814, -27.35435430930994], [-49.17794483953406, -27.354322518078245], [-49.178017644488676, -27.354323468293593], [-49.178072780272636, -27.35429167700868], [-49.17811024684939, -27.354227144242373], [-49.178130044212246, -27.354129870007913], [-49.17813217238433, -27.353999854312946], [-49.178151969675554, -27.35390258006946], [-49.17818943606279, -27.353838047269797], [-49.17824457155273, -27.35380625590072], [-49.17831737618193, -27.35380720594334], [-49.178371181704875, -27.353856674344172], [-49.178405988161295, -27.353954661126455], [-49.17842179553778, -27.354101166302208]]]}, "properties": {"classe": "Media"}}, {"type": "Feature", "geometry": {"type": "Polygon", "coordinates": [[[-49.19882148891507, -27.353488057572438], [-49.19881938494882, -27.35361807476803], [-49.19883600831456, -27.35371582249514], [-49.19887135905275, -27.353781300750022], [-49.19892543717003, -27.35381450951943], [-49.19899824263918, -27.353815448780583], [-49.19905205784793, -27.353864909654135], [-49.19908688283611, -27.35396289216324], [-49.19910271759044, -27.354109396319984], [-49.1990995620446, -27.35430442212528], [-49.19911539683703, -27.35445092627693], [-49.19915022203405, -27.35454890877399], [-49.19920403764892, -27.354598369604435], [-49.199276843641826, -27.35459930874507], [-49.19933118520576, -27.35461626522723], [-49.19936706235401, -27.354649239073083], [-49.1993844750839, -27.354698230296634], [-49.19938342337689, -27.354763238903665], [-49.19936443305991, -27.35481176058901], [-49.199327504119715, -27.354843795344983], [-49.19927263655893, -27.354859343157564], [-49.199199830396154, -27.354858404006535], [-49.19914496281325, -27.354873951767672], [-49.199108033791646, -27.354905986461212], [-49.19908904332869, -27.354954508101155], [-49.19908799143766, -27.355019516695204], [-49.19906900094374, -27.355068038330298], [-49.199032071833656, -27.355100072998727], [-49.198977204110065, -27.355115620686487], [-49.19890439779156, -27.35511468137334], [-49.198849267036486, -27.355146481155675], [-49.198811811808355, -27.355211020052387], [-49.19879203210055, -27.355308298076725], [-49.198789927936296, -27.35543831523631], [-49.19877014815706, -27.355535593251656], [-49.198732692739604, -27.355600132115132], [-49.198677561690566, -27.35563193181351], [-49.19860475504643, -27.35563099232785], [-49.19854988700697, -27.355646539830882], [-49.198512957553596, -27.355678574342864], [-49.19849396668366, -27.355727095877757], [-49.19849291441043, -27.3557921044433], [-49.198473923509525, -27.355840625973354], [-49.198436993967675, -27.355872660460193], [-49.198382125787525, -27.355888207889844], [-49.198309318987654, -27.355887268242057], [-49.198254450785385, -27.355902815620265], [-49.19821752116212, -27.35593485004469], [-49.19819853011523, -27.355983371529323], [-49.19819747765797, -27.356048380081887], [-49.19816028484773, -27.356096666625103], [-49.1980869516573, -27.35612823112892], [-49.19797747809332, -27.356143073536707], [-49.19783186419627, -27.356141193765176], [-49.19772239059754, -27.35615603597053], [-49.19764905725668, -27.356187600236037], [-49.197611864167065, -27.356235886618368], [-49.19761081135588, -27.35630089514757], [-49.19759181997718, -27.35634941653136], [-49.197554890017685, -27.35638145076204], [-49.19750002148005, -27.35639699782562], [-49.19742721438286, -27.35639605770186], [-49.19737287230126, -27.356379100454276], [-49.19733699524851, -27.356346126105038], [-49.19731958322196, -27.356297134668154], [-49.197320636203024, -27.356232126149358], [-49.19728502246091, -27.356182899659533], [-49.19721274203211, -27.356149455172524], [-49.19710379492325, -27.356131792631675], [-49.196958181111114, -27.356129911949807], [-49.19684923407371, -27.35611224921303], [-49.19677695383426, -27.356078804508535], [-49.196741340386126, -27.356029577892947], [-49.19674239369281, -27.355964569392412], [-49.19670678029401, -27.355915342769762], [-49.19663450022621, -27.355881897998845], [-49.19652555349606, -27.355864235023006], [-49.196379940080334, -27.355862353755082], [-49.19627125681522, -27.355828438462044], [-49.19619950375382, -27.355762489232664], [-49.19616468088548, -27.355664506122864], [-49.1961667881359, -27.355534489155744], [-49.19615016696011, -27.355436741235334], [-49.196114817398616, -27.355371262357938], [-49.19606073945804, -27.35533805251029], [-49.195987933111184, -27.355337111669574], [-49.19593359179053, -27.355320153894713], [-49.19589771550933, -27.355287179207895], [-49.195880304264946, -27.35523818762309], [-49.19588135803878, -27.35517317914612], [-49.19590034991738, -27.35512465801378], [-49.19593727988749, -27.355092624218386], [-49.19599214795173, -27.355077077745957], [-49.1960649541287, -27.35507801857625], [-49.19611982217083, -27.355062472052385], [-49.19615675205953, -27.35503043819456], [-49.196175743792146, -27.3549819170168], [-49.19617679738194, -27.354916908526818], [-49.19630499815795, -27.354869798406277], [-49.196560346043206, -27.35484058630027], [-49.1969428411041, -27.354829271512074], [-49.1974524835503, -27.35483585300327], [-49.19783524180657, -27.354808283626706], [-49.198091115549765, -27.35474656441365], [-49.19822010470954, -27.354650696060073], [-49.19822220946843, -27.354520678926654], [-49.198241989487734, -27.354423400989997], [-49.198279444744216, -27.35435886224249], [-49.19833457524451, -27.354327062670883], [-49.19840738102511, -27.35432800225625], [-49.198462774532345, -27.354279950486895], [-49.198500755710484, -27.354182907380174], [-49.19852132454625, -27.35403687294811], [-49.19852448106888, -27.353841847197497], [-49.19850864709666, -27.353695343008518], [-49.198473822695945, -27.353597360380242], [-49.19842000788, -27.353547899300604], [-49.198347202609, -27.35354695974644], [-49.198292861730714, -27.35353000291118], [-49.1982569852584, -27.353497028816992], [-49.19823957318943, -27.35344803747788], [-49.198240625505214, -27.35338302889959], [-49.19827781730313, -27.353334742271503], [-49.198351148555965, -27.353303177563575], [-49.198460619270364, -27.353288334719142], [-49.19860622948678, -27.353290213654958], [-49.19871491114159, -27.35332412705542], [-49.1987866642879, -27.35339007500926], [-49.19882148891507, -27.353488057572438]]]}, "properties": {"classe": "Media"}}, {"type": "Feature", "geometry": {"type": "Polygon", "coordinates": [[[-49.219753673484796, -27.35599983192331], [-49.21975263361343, -27.356064841243693], [-49.21977005565816, -27.356113830355888], [-49.2198059396375, -27.35614679925411], [-49.21986028555409, -27.356163747924384], [-49.219933093394616, -27.35616467634454], [-49.21998743934211, -27.356181624966602], [-49.2200233234099, -27.356214593812744], [-49.22004074559535, -27.35626358289697], [-49.220039705879906, -27.356328592225058], [-49.22005712808753, -27.356377581307672], [-49.220093012236774, -27.35641055013902], [-49.220147358330244, -27.356427498705145], [-49.22022016635464, -27.35642842698384], [-49.22027451247903, -27.35644537550174], [-49.22031039671671, -27.356478344281008], [-49.22032781906507, -27.356527333335645], [-49.22032677950555, -27.35659234267146], [-49.22034420187608, -27.356641331724486], [-49.22038008619522, -27.356674300488983], [-49.22043443246558, -27.356691248950924], [-49.220507240673854, -27.356692177088167], [-49.22056158697513, -27.3567091255019], [-49.2205974713827, -27.356742094214297], [-49.22061489389397, -27.35679108323936], [-49.22061385449038, -27.35685609258285], [-49.220631277023834, -27.356905081606307], [-49.22066716151287, -27.356938050303917], [-49.220721507960114, -27.356954998661706], [-49.22079431635226, -27.356955926657488], [-49.22084866283042, -27.35697287496704], [-49.2208845474079, -27.357005843612583], [-49.22090197008209, -27.35705483260805], [-49.220900930834425, -27.357119841959253], [-49.22095475780026, -27.357169294907774], [-49.221063451035214, -27.357203191392813], [-49.22122701055241, -27.357221531286623], [-49.221445436322384, -27.357224314394372], [-49.22160899596025, -27.35724265384485], [-49.22171768949546, -27.35727654983288], [-49.221771516914934, -27.357326002486236], [-49.221770478163016, -27.357391011865676], [-49.221787901284145, -27.357440000769486], [-49.221823786296866, -27.357472969191864], [-49.221878133203795, -27.357489917118837], [-49.22195094199162, -27.35749084452821], [-49.22200528892946, -27.35750779240695], [-49.22204117403063, -27.357540760777244], [-49.222058597292495, -27.35758974965307], [-49.22205755869653, -27.35765475904023], [-49.222074981980576, -27.357703747914446], [-49.22211086716321, -27.357736716269937], [-49.22216521424703, -27.357753664092723], [-49.22223802321872, -27.35775459136063], [-49.22229159148314, -27.357820296180552], [-49.22232591909157, -27.357950778575745], [-49.222341006021736, -27.358146038556594], [-49.22233685217788, -27.35840607612056], [-49.222351939141184, -27.358601336091965], [-49.222386267007415, -27.358731818473302], [-49.22243983579884, -27.35879752325422], [-49.22251264546415, -27.358798450411438], [-49.22256673353958, -27.358831650451467], [-49.2226021000524, -27.358897123397114], [-49.22261874499607, -27.358994869261615], [-49.222616668330225, -27.35912488804873], [-49.22259690833469, -27.359222170361683], [-49.2225594649861, -27.359286716192894], [-49.222504338290996, -27.35931852552909], [-49.222431528285846, -27.35931759835135], [-49.22237562267536, -27.359398164670953], [-49.22233662136157, -27.35956022450143], [-49.22231452431045, -27.359803777850978], [-49.22230933155191, -27.36012882472249], [-49.22228723425373, -27.360372378040587], [-49.222248232385965, -27.360534437802357], [-49.22219232598268, -27.36061500399959], [-49.22211951514184, -27.360614076618766], [-49.222067503814294, -27.36045085765739], [-49.22203629209195, -27.360125347134378], [-49.222025879842576, -27.359637545039888], [-49.222036266709864, -27.358987451335306], [-49.222025854268054, -27.358499649170234], [-49.221994642873454, -27.35817413858329], [-49.22194263265827, -27.35801091958433], [-49.221869823530625, -27.35800999215442], [-49.221815476375816, -27.357993044213345], [-49.22177959120715, -27.35796007578326], [-49.22176216802201, -27.357911086878175], [-49.22176320680186, -27.357846077503837], [-49.22172758139358, -27.357796856719222], [-49.22165529183362, -27.357763424498142], [-49.221546338128526, -27.357745780783926], [-49.22140072025495, -27.357743925489416], [-49.221291766621064, -27.357726281579215], [-49.221219477250216, -27.357692849140474], [-49.221183852135866, -27.357643628229848], [-49.221184891241556, -27.357578618873486], [-49.221149266176596, -27.357529397955748], [-49.2210769769774, -27.35749596545043], [-49.220968023650535, -27.35747832130091], [-49.22082240617265, -27.35747646541999], [-49.220713452916996, -27.357458821074466], [-49.22064116390692, -27.35742538835151], [-49.22060553913588, -27.35737616730776], [-49.22060657856741, -27.357311157969402], [-49.22058915599216, -27.357262168943063], [-49.220553271428656, -27.35722920022294], [-49.22049892487951, -27.35721225179509], [-49.22042611633143, -27.357211323637294], [-49.220371769813205, -27.357194375161217], [-49.220335885338145, -27.357161406389025], [-49.22031846290363, -27.357112417334697], [-49.22031950249109, -27.357047408004043], [-49.220302080078746, -27.35699841894812], [-49.22026619568514, -27.356965450161116], [-49.22021184931289, -27.356948501629102], [-49.220139040948695, -27.356947573329848], [-49.22008469460736, -27.356930624749598], [-49.2200488103022, -27.35689765591053], [-49.22003138803059, -27.356848666826618], [-49.22003242777399, -27.35678365750368], [-49.22001500552456, -27.35673466841816], [-49.21997912130085, -27.35670169956431], [-49.21992477510549, -27.356684750928117], [-49.21985196692518, -27.356683822487412], [-49.21979658088541, -27.356731883118723], [-49.21975861693055, -27.356828932839402], [-49.21973807504748, -27.356974971661522], [-49.21973495526566, -27.357169999591843], [-49.21971441326188, -27.35731603839919], [-49.219676449006734, -27.357413088076818], [-49.21962106251331, -27.35746114861269], [-49.21954825383726, -27.357460219989406], [-49.21949390735398, -27.35744327117256], [-49.21945802307678, -27.357410302184324], [-49.219440601003036, -27.35736131303868], [-49.2194416411142, -27.35729630374144], [-49.21942421906263, -27.357247314594193], [-49.21938833486689, -27.357214345591153], [-49.21933398852959, -27.357197396718373], [-49.21926118003743, -27.35719646795364], [-49.21920787397064, -27.357114509741965], [-49.21917407039051, -27.35695152210649], [-49.21915976926296, -27.356707505055425], [-49.21916497045852, -27.35638245858203], [-49.21920527519575, -27.356139138111132], [-49.219280683367145, -27.355977543613648], [-49.21939119501075, -27.355897675038722], [-49.219536810310075, -27.355899532313643], [-49.21964576181162, -27.35591717749969], [-49.219718049538706, -27.355950610684037], [-49.219753673484796, -27.35599983192331]]]}, "properties": {"classe": "Alta"}}, {"type": "Feature", "geometry": {"type": "Polygon", "coordinates": [[[-49.224043296931974, -27.360996191243913], [-49.22404225934405, -27.361061200669504], [-49.22395046710409, -27.361108799692406], [-49.223767920150735, -27.361138988130357], [-49.223494618518, -27.361151765627863], [-49.223130562335236, -27.361147131656335], [-49.22285777982661, -27.361127403209565], [-49.222676271022074, -27.361092580825737], [-49.2225860358876, -27.361042664860342], [-49.22258707432522, -27.36097765548605], [-49.222678866983344, -27.36093005738197], [-49.22286141380065, -27.36089987036584], [-49.22313471481115, -27.36088709408219], [-49.22349877014422, -27.360891728002418], [-49.223771552266065, -27.360911455174435], [-49.22395306120666, -27.36094627613644], [-49.224043296931974, -27.360996191243913]]]}, "properties": {"classe": "Alta"}}, {"type": "Feature", "geometry": {"type": "Polygon", "coordinates": [[[-49.216192217296154, -27.360115808033118], [-49.21619117516196, -27.360180817188947], [-49.21617219097103, -27.36022934143429], [-49.21613526471008, -27.36026138076146], [-49.21608039638173, -27.360276935156456], [-49.21600758600453, -27.36027600459904], [-49.21595141480108, -27.360372820374593], [-49.21591188265018, -27.360567382494317], [-49.21588898950323, -27.36085969096379], [-49.215882735384206, -27.361249745782914], [-49.21585984191264, -27.361542054210013], [-49.21582030906451, -27.361736616245185], [-49.21576413688845, -27.361833431882886], [-49.215691325505645, -27.3618325011119], [-49.215638541398725, -27.361718037047], [-49.21560578464506, -27.3614900397104], [-49.21559305517895, -27.361148509104517], [-49.21560035279165, -27.360693445212004], [-49.21564223109358, -27.360352612661373], [-49.21571868996093, -27.36012601142832], [-49.215829729463316, -27.360013641467766], [-49.21597534986384, -27.360015502713757], [-49.21608430462559, -27.36003315083695], [-49.21615659377188, -27.360066585924514], [-49.216192217296154, -27.360115808033118]]]}, "properties": {"classe": "Alta"}}, {"type": "Feature", "geometry": {"type": "Polygon", "coordinates": [[[-49.21472610394889, -27.360714777408194], [-49.2147240179111, -27.360844795603935], [-49.21474065606372, -27.360942542064716], [-49.214776018447154, -27.361008016786787], [-49.21483010506796, -27.361041219756896], [-49.21490291589889, -27.361042150952258], [-49.214957263300576, -27.36105910159978], [-49.21499314728631, -27.361092071721647], [-49.215010567853454, -27.361141061331857], [-49.215009524983465, -27.36120607043617], [-49.21502694557279, -27.36125506004477], [-49.21506282963998, -27.36128803015185], [-49.21511717718767, -27.361304980743448], [-49.21518998820257, -27.361305911797352], [-49.21524485715065, -27.361290357785002], [-49.21528178401338, -27.361258318726676], [-49.21530076878811, -27.361209794636327], [-49.21530181148817, -27.36114478552171], [-49.21532079623197, -27.36109626142654], [-49.21535772300623, -27.36106422234312], [-49.21541259181355, -27.36104866825745], [-49.21548540267252, -27.36104959914929], [-49.21553922890184, -27.36109905413631], [-49.215574070541415, -27.361197033241655], [-49.2155899275781, -27.36134353647739], [-49.21558679994571, -27.36153856384448], [-49.215529845741564, -27.361684136224525], [-49.21541906484591, -27.36178025354806], [-49.215254457282406, -27.361826915689203], [-49.215036023218104, -27.36182412246565], [-49.2148724584353, -27.361805775050527], [-49.214763762963415, -27.361771873638702], [-49.2147099367893, -27.361722418357967], [-49.214710979857266, -27.36165740926909], [-49.21467535655855, -27.361608186800368], [-49.214603066929605, -27.361574750925644], [-49.21449411097702, -27.361557101588264], [-49.214348488677466, -27.36155523870103], [-49.21424005446385, -27.361505084630775], [-49.21416880841796, -27.361406639467585], [-49.214134750522696, -27.3612599032662], [-49.21413788066209, -27.361064876046004], [-49.21415843092643, -27.360918838518455], [-49.2141964012863, -27.360821790676773], [-49.214251791754876, -27.360773732508886], [-49.21432460238783, -27.36077466399745], [-49.21437947116991, -27.36075911031756], [-49.214416398082555, -27.360727071489432], [-49.21443538312314, -27.360678547527094], [-49.21443642630496, -27.360613538438244], [-49.214455411314596, -27.36056501447109], [-49.21449233813877, -27.36053297561789], [-49.2145472067801, -27.360517421864667], [-49.21462001725714, -27.36051835319116], [-49.21467410359842, -27.360551556210318], [-49.21470946583119, -27.360617030944894], [-49.21472610394889, -27.360714777408194]]]}, "properties": {"classe": "Media"}}, {"type": "Feature", "geometry": {"type": "Polygon", "coordinates": [[[-49.224612301868845, -27.361848724046947], [-49.224605040742134, -27.362303790097734], [-49.22458139171863, -27.362644858071594], [-49.224541354783554, -27.362871927972346], [-49.22448493000226, -27.36298499979758], [-49.224412117520274, -27.362984073538552], [-49.22435906439321, -27.3628858646909], [-49.22432577069119, -27.36269037327739], [-49.22431223636582, -27.362397599303577], [-49.22431846125024, -27.36200754275783], [-49.22430492691967, -27.361714768760937], [-49.224271633540965, -27.361519277324547], [-49.22421858116248, -27.361421068443104], [-49.22414576971414, -27.361420142093834], [-49.2240914205243, -27.36140319495104], [-49.2240555336063, -27.361370227036925], [-49.2240381089575, -27.361321238365452], [-49.22403914655937, -27.361256228942437], [-49.22407633041056, -27.361207935078408], [-49.224149660483796, -27.36117635674337], [-49.22425913678561, -27.361161493880648], [-49.22440475935637, -27.361163346406922], [-49.22451216098045, -27.361278502222753], [-49.22458134184103, -27.361506961421053], [-49.224612301868845, -27.361848724046947]]]}, "properties": {"classe": "Alta"}}, {"type": "Feature", "geometry": {"type": "Polygon", "coordinates": [[[-49.22750924019935, -27.36286088226023], [-49.22750820455327, -27.362925891790788], [-49.22752563096563, -27.362974880102968], [-49.227561519454994, -27.363007847190975], [-49.22761587002397, -27.36302479304081], [-49.22768868265921, -27.36302571763031], [-49.22774303325909, -27.363042663431905], [-49.227778921836915, -27.3630756304678], [-49.22779634839007, -27.363124618751957], [-49.22779531290002, -27.363189628290186], [-49.22775812989049, -27.363237923177728], [-49.227684799334156, -27.363269503384565], [-49.22757532123757, -27.36328436885404], [-49.22742969564107, -27.363282519502796], [-49.22731995856579, -27.363313637149833], [-49.227246109937575, -27.3633777218762], [-49.22720814974597, -27.36347477373787], [-49.22720607804426, -27.36360479276568], [-49.22718632099382, -27.36370207582266], [-49.22714887857126, -27.363766622901217], [-49.227093750783126, -27.363798433988084], [-49.227020937665834, -27.363797509064323], [-49.22696606882933, -27.363813067722337], [-49.226929144255045, -27.36384510998238], [-49.226910163940396, -27.36389363585846], [-49.22690912789869, -27.36395864535827], [-49.22689014755313, -27.364007171229538], [-49.226853222890384, -27.364039213464537], [-49.22679835391308, -27.364054772049275], [-49.22672554063975, -27.364053846963493], [-49.22667144877999, -27.364020648379064], [-49.22663607836108, -27.36395517631878], [-49.22661942937653, -27.363857430795907], [-49.226621501785935, -27.363727411814182], [-49.22664125933151, -27.363630128861278], [-49.22667870198986, -27.36356558192961], [-49.22673382976751, -27.363533771005887], [-49.226806642700915, -27.36353469607119], [-49.22686177042915, -27.363502885094306], [-49.226899212915804, -27.363438338094195], [-49.22691897015433, -27.363341055084103], [-49.2269210421681, -27.363211036071643], [-49.22694079933545, -27.36311375305262], [-49.226978241632985, -27.363049206019436], [-49.22703336906724, -27.363017394958842], [-49.22710618167465, -27.363018319851893], [-49.2271610500961, -27.363002761117478], [-49.22719797431304, -27.36297071877587], [-49.227216954322884, -27.362922192841044], [-49.22721799013892, -27.362857183320724], [-49.22723697011785, -27.36280865738109], [-49.22727389424634, -27.36277661501441], [-49.227328762526994, -27.36276105620674], [-49.22740157497837, -27.362761980937776], [-49.22745592540133, -27.36277892684361], [-49.227491813809195, -27.362811893946443], [-49.22750924019935, -27.36286088226023]]]}, "properties": {"classe": "Alta"}}, {"type": "Feature", "geometry": {"type": "Polygon", "coordinates": [[[-49.22371053926423, -27.36359286141919], [-49.22370950136686, -27.363657870808865], [-49.22369051971038, -27.36370639618268], [-49.22365359428145, -27.363738437532927], [-49.2235987250827, -27.363753994845617], [-49.22352591213268, -27.363753068100504], [-49.223470523889645, -27.36380113005162], [-49.223432560297944, -27.363898180716323], [-49.22341202134449, -27.364044220106713], [-49.22340890705877, -27.36423924822952], [-49.223388367984654, -27.36438528760514], [-49.22335040409265, -27.364482338226818], [-49.223295015395834, -27.364530400082526], [-49.223222201949866, -27.364529473154846], [-49.223168630120206, -27.36446376857179], [-49.22313429995817, -27.36433328635662], [-49.2231192114415, -27.36413802651969], [-49.223123364474404, -27.363877989058537], [-49.22316288565618, -27.36368342443628], [-49.22323777489339, -27.363554332622577], [-49.22334803221218, -27.363490713564342], [-49.22349365775835, -27.363492567185844], [-49.22360261743848, -27.363510209649117], [-49.22367491127596, -27.363543641041346], [-49.22371053926423, -27.36359286141919]]]}, "properties": {"classe": "Alta"}}, {"type": "Feature", "geometry": {"type": "Polygon", "coordinates": [[[-49.246132962784934, -27.3641365144445], [-49.24613193796127, -27.36420152461638], [-49.24611296580071, -27.364250053496164], [-49.246076046289915, -27.364282101076114], [-49.246021179431466, -27.364297667342264], [-49.24594836524386, -27.36429675227432], [-49.24589324212067, -27.364328571029567], [-49.24585581002548, -27.364393123626968], [-49.245836068951846, -27.364490410079803], [-49.24583401892323, -27.36462043039563], [-49.245796074164694, -27.364717488045933], [-49.24572223462284, -27.36478158299988], [-49.245612500307985, -27.364812715201527], [-49.24546687129422, -27.36481088456975], [-49.24535841852019, -27.364760753891947], [-49.24528714206795, -27.364662323258145], [-49.24525304192071, -27.364515592723084], [-49.24525611796282, -27.364320562306272], [-49.24531303553411, -27.364174976061445], [-49.245423794514416, -27.36407883391926], [-49.245588394927005, -27.364032135753803], [-49.24580683693854, -27.364034881382608], [-49.24597041223934, -27.36405319292194], [-49.2460791208591, -27.364087070566615], [-49.246132962784934, -27.3641365144445]]]}, "properties": {"classe": "Alta"}}, {"type": "Feature", "geometry": {"type": "Polygon", "coordinates": [[[-49.22661476640441, -27.364149973495397], [-49.22661373017881, -27.364214982982404], [-49.22655834295496, -27.364263046209075], [-49.226448604692884, -27.364294163108855], [-49.22628451540564, -27.364308333553907], [-49.22606607515933, -27.364305557355152], [-49.225901985833346, -27.364319727347123], [-49.225792247361596, -27.36435084371896], [-49.22573685973102, -27.364398906598453], [-49.225735822981584, -27.36446391605216], [-49.22571684203417, -27.364512441731947], [-49.22567991687545, -27.36454448363007], [-49.225625047508046, -27.364560041732577], [-49.225552233950516, -27.364559116019176], [-49.22549632766379, -27.364639683513854], [-49.22545732854991, -27.364801744230146], [-49.225435236574896, -27.36504529817626], [-49.22543005176877, -27.36537034535509], [-49.22540795954684, -27.365613899269768], [-49.225368959879084, -27.3657759599174], [-49.22531305279948, -27.365856527289772], [-49.225240238406, -27.36585560137335], [-49.22518536832952, -27.36587115926635], [-49.2251484425515, -27.36590320098907], [-49.225129461069315, -27.365951726555473], [-49.22512842389629, -27.366016735973304], [-49.22510944238318, -27.3660652615349], [-49.22507251651668, -27.36609730323255], [-49.22501764629939, -27.36611286105227], [-49.224944831749866, -27.366111934973805], [-49.22489073949863, -27.366078735685868], [-49.224855369572985, -27.366013263211254], [-49.22483872196638, -27.365915517563216], [-49.224840796638446, -27.365785498745524], [-49.22486055620004, -27.365688216163807], [-49.22489800062779, -27.365623669810468], [-49.22495312992822, -27.36559185967226], [-49.225025944137776, -27.36559278573022], [-49.22508211056929, -27.36549596611847], [-49.22512162910166, -27.365301400848207], [-49.225144499686515, -27.36500908992503], [-49.22515072234825, -27.364619033348806], [-49.225246405999826, -27.36432764828697], [-49.22543155025011, -27.36413493454582], [-49.22570615517881, -27.36404089177829], [-49.22607022133649, -27.36404551948392], [-49.226343011917294, -27.364065242010252], [-49.22652452695126, -27.36410005989558], [-49.22661476640441, -27.364149973495397]]]}, "properties": {"classe": "Alta"}}, {"type": "Feature", "geometry": {"type": "Polygon", "coordinates": [[[-49.23414196877913, -27.367106414008756], [-49.23414093682017, -27.367171423733197], [-49.23408555112288, -27.36721949001364], [-49.23397581164726, -27.36725061278349], [-49.23381171840633, -27.36726479191492], [-49.23359327146608, -27.367262027218793], [-49.23342917818621, -27.367276205897106], [-49.23331943850069, -27.367307328139], [-49.233264052396514, -27.367355394072312], [-49.23326301991368, -27.3674204037636], [-49.23324404160838, -27.367468930580127], [-49.23320711746726, -27.367500974514158], [-49.23315224749293, -27.367516535551715], [-49.23307943170394, -27.36751561367253], [-49.23302507802134, -27.367498669817778], [-49.23298918645846, -27.367465704009668], [-49.232971757012706, -27.367416716262156], [-49.23297278966554, -27.367351706581065], [-49.23295536024201, -27.36730271883195], [-49.23291946876066, -27.36726975300899], [-49.2328651152241, -27.36725280909821], [-49.23279229961899, -27.367251887077423], [-49.232737946113325, -27.367234943118387], [-49.23270205472045, -27.367201977243287], [-49.23268462543775, -27.36715298946611], [-49.232685658246695, -27.36708797979266], [-49.2327774521789, -27.367040375118002], [-49.232960007172906, -27.367010175259814], [-49.23323332326253, -27.366997379862557], [-49.23359740057691, -27.36700198839745], [-49.23387020059165, -27.36702169660503], [-49.23405172333699, -27.367056505023612], [-49.23414196877913, -27.367106414008756]]]}, "properties": {"classe": "Media"}}, {"type": "Feature", "geometry": {"type": "Polygon", "coordinates": [[[-49.24697651338953, -27.366065292238293], [-49.24696626908172, -27.366715394042995], [-49.24694038159332, -27.367202741690946], [-49.246898850959234, -27.367527335201597], [-49.24684167730985, -27.367689174584747], [-49.24676886087104, -27.367688259840573], [-49.24671373622489, -27.36772007883715], [-49.246676303334986, -27.367784631593484], [-49.246656562194886, -27.36788191812283], [-49.24665451282805, -27.368011938432748], [-49.246634771616954, -27.368109224953187], [-49.24659733853811, -27.368173777676578], [-49.24654221359796, -27.368205596589622], [-49.246469396832914, -27.368204681673376], [-49.24641657771792, -27.368090227708013], [-49.24638375633098, -27.367862234715613], [-49.24637093260752, -27.367520702698666], [-49.246378106340394, -27.36706563163993], [-49.24640169047724, -27.366724557057722], [-49.246441685002054, -27.366497478955946], [-49.246498089979404, -27.36638439733215], [-49.246570905554435, -27.366385312177517], [-49.24662654186889, -27.366320988117867], [-49.246664998846775, -27.366191425168825], [-49.246686276466114, -27.365996623340784], [-49.246690374759034, -27.365736582638885], [-49.24667524468532, -27.365541323420402], [-49.246640886340344, -27.36541084568779], [-49.24658729974606, -27.365345149430663], [-49.24651448485099, -27.3653442346258], [-49.24646012985279, -27.365327295954135], [-49.24642423476481, -27.365294333437838], [-49.24640679958448, -27.365245347090912], [-49.24640782429326, -27.365180336919135], [-49.24644500019805, -27.365132036721423], [-49.24651832727151, -27.36510044646776], [-49.24662780552008, -27.36508556610144], [-49.24677343498402, -27.365087395539124], [-49.24688009601607, -27.365251292989516], [-49.246947788862656, -27.365577258544942], [-49.24697651338953, -27.366065292238293]]]}, "properties": {"classe": "Alta"}}, {"type": "Feature", "geometry": {"type": "Polygon", "coordinates": [[[-49.23327231213426, -27.366835316518884], [-49.23327127967919, -27.366900326215305], [-49.233234097624, -27.36694862259197], [-49.2331607659414, -27.366980205618884], [-49.233051284637874, -27.366995075239323], [-49.232905653753754, -27.366993231369953], [-49.2327961724151, -27.367008100787935], [-49.23272284058159, -27.367039683576603], [-49.232685658246695, -27.36708797979266], [-49.23268462543775, -27.36715298946611], [-49.23270205472045, -27.367201977243287], [-49.232737946113325, -27.367234943118387], [-49.23279229961899, -27.367251887077423], [-49.2328651152241, -27.36725280909821], [-49.23291946876066, -27.36726975300899], [-49.23295536024201, -27.36730271883195], [-49.23297278966554, -27.367351706581065], [-49.232971757012706, -27.367416716262156], [-49.23298918645846, -27.367465704009668], [-49.23302507802134, -27.367498669817778], [-49.23307943170394, -27.36751561367253], [-49.23315224749293, -27.367516535551715], [-49.2332063430757, -27.367549731780162], [-49.23324171847956, -27.367615202380666], [-49.23325837369801, -27.36771294736648], [-49.23325630869071, -27.36784296674137], [-49.233236555908185, -27.367940250814694], [-49.23319911532703, -27.368004799578884], [-49.23314398695374, -27.36803661302065], [-49.23307117082474, -27.368035691121054], [-49.23301681689408, -27.368018747252297], [-49.232980925175085, -27.367985781436523], [-49.23296349566515, -27.367936793687775], [-49.23296452834574, -27.36787178401181], [-49.23294709885803, -27.367822796261443], [-49.23291120722057, -27.367789830430848], [-49.23285685343595, -27.367772886506042], [-49.23278403749083, -27.367771964464847], [-49.23272968373711, -27.367755020491778], [-49.232693792188115, -27.367722054609047], [-49.23267636284125, -27.367673066830623], [-49.23267739567796, -27.367608057162297], [-49.2326599663533, -27.367559069382253], [-49.23262407488584, -27.367526103484657], [-49.23256972127816, -27.367509159455572], [-49.23249690551693, -27.367508237272776], [-49.23244306842324, -27.3674587883646], [-49.232408210037065, -27.367360812754214], [-49.232392330345405, -27.367214310453647], [-49.232395429282235, -27.367019281463907], [-49.232452364970264, -27.36687370138251], [-49.2325631372895, -27.366777570140048], [-49.232727746263386, -27.3667308876106], [-49.232946192058755, -27.366733653611742], [-49.23310976828973, -27.366751980311427], [-49.2332184749859, -27.366785867904518], [-49.23327231213426, -27.366835316518884]]]}, "properties": {"classe": "Alta"}}, {"type": "Feature", "geometry": {"type": "Polygon", "coordinates": [[[-49.2376190956322, -27.36828826641597], [-49.23761703566961, -27.368418286086264], [-49.23756087822447, -27.368515111154327], [-49.23745062321477, -27.368578741551833], [-49.237286270657386, -27.368609177151644], [-49.23706782066807, -27.368606417767808], [-49.23690449840086, -27.3685718431018], [-49.236796303931285, -27.36850545335101], [-49.23674323724244, -27.368407248642562], [-49.23674529822508, -27.368277229033342], [-49.23680145622849, -27.368180404318398], [-49.236911711170684, -27.36811677442942], [-49.237076063068535, -27.368086339239262], [-49.2372945120378, -27.36808909856202], [-49.23745783375323, -27.368123672745845], [-49.23756602829032, -27.368190061988113], [-49.2376190956322, -27.36828826641597]]]}, "properties": {"classe": "Alta"}}, {"type": "Feature", "geometry": {"type": "Polygon", "coordinates": [[[-49.23267739567796, -27.367608057162297], [-49.23267636284125, -27.367673066830623], [-49.232693792188115, -27.367722054609047], [-49.23272968373711, -27.367755020491778], [-49.23278403749083, -27.367771964464847], [-49.23285685343595, -27.367772886506042], [-49.23291120722057, -27.367789830430848], [-49.23294709885803, -27.367822796261443], [-49.23296452834574, -27.36787178401181], [-49.23296349566515, -27.367936793687775], [-49.232980925175085, -27.367985781436523], [-49.23301681689408, -27.368018747252297], [-49.23307117082474, -27.368035691121054], [-49.23314398695374, -27.36803661302065], [-49.23319782463974, -27.368086061682483], [-49.233232683922736, -27.368184037129684], [-49.23324856478973, -27.36833053937432], [-49.233245467174704, -27.368525568417404], [-49.233206735668205, -27.3686713792669], [-49.233132370194774, -27.368767971891856], [-49.23302237077134, -27.368815346237515], [-49.23287673750718, -27.368813502225297], [-49.23276777077692, -27.36879586670133], [-49.23269547060398, -27.368762439752825], [-49.232659836981846, -27.36871322143644], [-49.23266086987409, -27.368648211778385], [-49.232643440421086, -27.368599223995837], [-49.232607548641376, -27.368566258082975], [-49.232553194537566, -27.368549314025827], [-49.23248037809633, -27.368548391802207], [-49.23242602402342, -27.3685314476968], [-49.23239013233219, -27.368498481731798], [-49.23237270302003, -27.368449493921183], [-49.232373736068396, -27.3683844842708], [-49.23233810270474, -27.368335265882198], [-49.2322658029655, -27.36830183872923], [-49.23215683685718, -27.368284202755206], [-49.23201120435636, -27.368282357872943], [-49.231902496648274, -27.368248469293984], [-49.231830713786245, -27.368182537107064], [-49.23179585575987, -27.368084561368168], [-49.231797922494955, -27.367954542100467], [-49.23178126854721, -27.367856797002748], [-49.23174589395695, -27.367791326071234], [-49.231691798730694, -27.367758129292643], [-49.23161898284113, -27.36775720664422], [-49.231564629299065, -27.36774026222594], [-49.231528738117845, -27.367707296060004], [-49.231511309294866, -27.3676583081604], [-49.23151234281158, -27.36759329853291], [-49.23158593369306, -27.36754546400894], [-49.23173208188795, -27.367514804471142], [-49.23195078741837, -27.36750131969208], [-49.232242050379966, -27.36750500933411], [-49.2324602393982, -27.3675240285826], [-49.232605354504905, -27.36755837778285], [-49.23267739567796, -27.367608057162297]]]}, "properties": {"classe": "Media"}}, {"type": "Feature", "geometry": {"type": "Polygon", "coordinates": [[[-49.229195692827425, -27.366718627974493], [-49.22919258832249, -27.366913656634797], [-49.22917205608941, -27.367059697146896], [-49.22913409609864, -27.36715674950405], [-49.229078708363204, -27.36720481369421], [-49.229005892938744, -27.367203889699987], [-49.22894947012792, -27.367316963375647], [-49.22890943978527, -27.36754403472995], [-49.22888580184556, -27.367885103765328], [-49.22887855632384, -27.36834017047793], [-49.228854917974715, -27.368681239458475], [-49.228814886783134, -27.368908310710843], [-49.22875846281432, -27.36902138423257], [-49.22868564621375, -27.369020460014934], [-49.228633104281364, -27.368889747799372], [-49.228600837100984, -27.368629247607174], [-49.2285888445878, -27.36823895943721], [-49.22859712648841, -27.367718883265802], [-49.228621541640024, -27.367329057165872], [-49.22866209004102, -27.367069481145727], [-49.228718771776194, -27.36694015520654], [-49.228791587016744, -27.36694107934235], [-49.22884671597091, -27.366909267649227], [-49.22888415860224, -27.3668447201461], [-49.22890391490422, -27.366747436846257], [-49.228905984900244, -27.36661741775728], [-49.22892574113106, -27.36652013444849], [-49.22896318357327, -27.36645558691232], [-49.2290183122334, -27.366423775135484], [-49.22909112714789, -27.366424699099035], [-49.229144962200564, -27.36647414921315], [-49.22917981743142, -27.366572125500944], [-49.229195692827425, -27.366718627974493]]]}, "properties": {"classe": "Alta"}}, {"type": "Feature", "geometry": {"type": "Polygon", "coordinates": [[[-49.24344596426723, -27.36826419423963], [-49.243444937693035, -27.368329204279263], [-49.24348057613977, -27.36837842006309], [-49.24355287964383, -27.368411841564928], [-49.24366184821169, -27.36842946872804], [-49.243807481819886, -27.36843130146527], [-49.24391645045877, -27.36844892843226], [-49.243988754151815, -27.36848234971618], [-49.244024392892555, -27.36853156537373], [-49.24402336664458, -27.368596575431052], [-49.24404080119546, -27.368645562028735], [-49.24407669656371, -27.368678525160913], [-49.244131052751904, -27.36869546481362], [-49.244203869746705, -27.368696380964657], [-49.244257969436276, -27.36872957308509], [-49.244293351847965, -27.368795041197714], [-49.244310016975305, -27.3688927853158], [-49.24430796477802, -27.36902280544311], [-49.24428822130162, -27.36912009151282], [-49.24425078652263, -27.369184643517343], [-49.24419566044751, -27.369216461443443], [-49.24412284311268, -27.369215545272127], [-49.244068486676355, -27.369198605605504], [-49.244032591151885, -27.36916564246575], [-49.24401515653669, -27.369116655866854], [-49.24401618281225, -27.369051645814626], [-49.24399874821932, -27.3690026592141], [-49.24396285277641, -27.368969696059466], [-49.24390849648612, -27.368952756336753], [-49.2438356793351, -27.368951840023765], [-49.24378132307569, -27.36893490025277], [-49.243745427721244, -27.368901937045962], [-49.24372799326917, -27.368852950417324], [-49.24372901970094, -27.368787940372673], [-49.24369338101995, -27.368738724643684], [-49.243621077262596, -27.368705303204163], [-49.24351210843534, -27.368687675997414], [-49.243366474514715, -27.368685842936262], [-49.243257505758486, -27.368668215533383], [-49.24318520219011, -27.368634793875955], [-49.24314956380314, -27.368585578020678], [-49.24315059056114, -27.36852056799377], [-49.24307854382073, -27.36847089378002], [-49.24293342365795, -27.368436555269756], [-49.2427152300948, -27.368417552235506], [-49.242423963099235, -27.368413884331993], [-49.2422057697146, -27.368394880507026], [-49.24206064997295, -27.36836054110584], [-49.24198860385228, -27.36831086635596], [-49.24198963127652, -27.368245856367057], [-49.24208142257406, -27.36819824543438], [-49.242263977683336, -27.368168033375635], [-49.242537296638, -27.368155219835234], [-49.24290137956692, -27.368159804284353], [-49.24317418513845, -27.368179494506354], [-49.243355713383096, -27.368214291039582], [-49.24344596426723, -27.36826419423963]]]}, "properties": {"classe": "Alta"}}, {"type": "Feature", "geometry": {"type": "Polygon", "coordinates": [[[-49.24052353092157, -27.368845097699413], [-49.240521474303875, -27.36897511756284], [-49.24050172755703, -27.369072402941217], [-49.24046429065756, -27.36913695382698], [-49.240409163611965, -27.36916877020686], [-49.240336346456644, -27.369167852061896], [-49.24028199070751, -27.369150910948015], [-49.240246096377916, -27.36911794688742], [-49.24022866346527, -27.36906895989409], [-49.240229691951036, -27.369003949973816], [-49.240194054808384, -27.368954733422143], [-49.24012175207374, -27.368921310212855], [-49.24001278375358, -27.36890368028928], [-49.23986714982443, -27.36890184356421], [-49.23975766719775, -27.368916718397017], [-49.239684335833246, -27.36894830487108], [-49.23964715572442, -27.36899660304307], [-49.23964612689862, -27.36906161294301], [-49.23962715100488, -27.369110140735703], [-49.239590228029876, -27.369142186413438], [-49.23953535797619, -27.369157749962234], [-49.23946254086234, -27.36915683136181], [-49.23940844251422, -27.369123637441305], [-49.23937306295916, -27.369058168223507], [-49.23935640219069, -27.368960423721663], [-49.239358460168496, -27.368830403939548], [-49.23943282047515, -27.36873380774211], [-49.23957948300131, -27.368670635009316], [-49.239798447772905, -27.368640885514406], [-49.24008971495114, -27.368644558923883], [-49.240307651159405, -27.36867981854571], [-49.24045225649153, -27.368746664728636], [-49.24052353092157, -27.368845097699413]]]}, "properties": {"classe": "Alta"}}, {"type": "Feature", "geometry": {"type": "Polygon", "coordinates": [[[-49.242846999863765, -27.369297021144998], [-49.24284597289434, -27.369362031154093], [-49.24269956785014, -27.369408954859082], [-49.24240778464702, -27.369437791797267], [-49.24197062336913, -27.369448541057935], [-49.241388084268934, -27.369441201282445], [-49.240951437109096, -27.369419442371246], [-49.24066068189217, -27.36938326569819], [-49.24051581853397, -27.36933267217401], [-49.24051684686354, -27.369267662246134], [-49.240663252503595, -27.369220740865845], [-49.24095503537003, -27.36919190757039], [-49.24139219554702, -27.369181161449106], [-49.24197473328707, -27.369188501143366], [-49.24241137993262, -27.369210256818725], [-49.24270213548623, -27.36924642984904], [-49.242846999863765, -27.369297021144998]]]}, "properties": {"classe": "Alta"}}, {"type": "Feature", "geometry": {"type": "Polygon", "coordinates": [[[-49.22916826861772, -27.36844138094065], [-49.22916619876693, -27.36857140001413], [-49.22918285046674, -27.36866914531035], [-49.2292182237575, -27.36873461682552], [-49.22927231864572, -27.3687678145464], [-49.229345135104104, -27.36876873845018], [-49.22939948874978, -27.368785683738704], [-49.229435379596055, -27.36881865043418], [-49.22945280764035, -27.368867638550576], [-49.229451772864095, -27.3689326480937], [-49.2294874050818, -27.368981867163967], [-49.229559704329894, -27.36901529573519], [-49.22966867061489, -27.369032933750677], [-49.229814303913415, -27.36903478112324], [-49.22992327026958, -27.369052418942633], [-49.2299955697068, -27.369085847296045], [-49.23003120221856, -27.36913506624014], [-49.23003016776843, -27.369200075801157], [-49.22997477932856, -27.369248140303714], [-49.229865036858946, -27.369279259681313], [-49.229700940372624, -27.36929343380606], [-49.229482489935684, -27.369290662488808], [-49.229318910846274, -27.369272331393], [-49.22921020313397, -27.36923844071349], [-49.229156366785716, -27.369188990578177], [-49.229157401745894, -27.36912398104784], [-49.22913997380052, -27.369074992900533], [-49.22910408296814, -27.369042026130444], [-49.22904972925138, -27.36902508072358], [-49.228976912636895, -27.369024156657755], [-49.22892307649585, -27.368974706440824], [-49.228888220868235, -27.36887673009593], [-49.228872345741, -27.36873022763513], [-49.228875451048076, -27.368535199059423], [-49.22889598405622, -27.368389158651855], [-49.2289339447359, -27.36829210640571], [-49.22898933310015, -27.3682440423089], [-49.22906214920461, -27.368244966344037], [-49.229116243813124, -27.368278164114106], [-49.229151616953, -27.3683436356419], [-49.22916826861772, -27.36844138094065]]]}, "properties": {"classe": "Media"}}, {"type": "Feature", "geometry": {"type": "Polygon", "coordinates": [[[-49.23151234281158, -27.36759329853291], [-49.231511309294866, -27.3676583081604], [-49.231455922267976, -27.367706373328105], [-49.231346181690895, -27.367737493969475], [-49.231182087576656, -27.367751669956665], [-49.23096363999132, -27.36774890110054], [-49.230798253411876, -27.367844338635525], [-49.2306859275104, -27.368037982732176], [-49.23062666222827, -27.368329833509915], [-49.23062045777611, -27.368719891037063], [-49.23059760018759, -27.369012203358672], [-49.23055808943808, -27.369206770474886], [-49.23050192557578, -27.369303592380152], [-49.23042910872175, -27.369302669063185], [-49.2303742375196, -27.369318228943502], [-49.23033731195079, -27.369350272041352], [-49.23031833201271, -27.369398798370757], [-49.230317297718685, -27.36946380793941], [-49.23024370501241, -27.369511641695322], [-49.230097553842505, -27.369542299521164], [-49.22987884423114, -27.36955578118944], [-49.229587576274, -27.36955208636252], [-49.22936938405593, -27.369533062460263], [-49.229224267608735, -27.369498709827944], [-49.22915222691025, -27.36944902869308], [-49.229153261884335, -27.369384019165313], [-49.22920865073109, -27.369335955009934], [-49.22931839341052, -27.369304836160392], [-49.229482489935684, -27.369290662488808], [-49.229700940372624, -27.36929343380606], [-49.229865036858946, -27.369279259681313], [-49.22997477932856, -27.369248140303714], [-49.23003016776843, -27.369200075801157], [-49.23003120221856, -27.36913506624014], [-49.23005018222776, -27.36908653995189], [-49.230087107782666, -27.36905449692865], [-49.230141978885904, -27.36903893715645], [-49.230214795556016, -27.369039860615015], [-49.23027095951454, -27.368943038827425], [-49.23031047064044, -27.36874847180496], [-49.23033332888547, -27.36845615955319], [-49.23033953427425, -27.368066102071946], [-49.23041700408376, -27.367774482259737], [-49.23056573801229, -27.367581299992676], [-49.2307857361276, -27.367486555051723], [-49.231076998866925, -27.367490247122646], [-49.231295187548476, -27.367509268182594], [-49.23144030220408, -27.367543618576875], [-49.23151234281158, -27.36759329853291]]]}, "properties": {"classe": "Alta"}}, {"type": "Feature", "geometry": {"type": "Polygon", "coordinates": [[[-49.242260352023656, -27.369549725015293], [-49.24225932470038, -27.369614735001523], [-49.242222145429444, -27.369663033897755], [-49.24214881418351, -27.36969462167399], [-49.24203933096903, -27.369709498273522], [-49.241893695826306, -27.369707663612992], [-49.24178421257661, -27.36972254001005], [-49.24171088117964, -27.36975412754807], [-49.24167370162891, -27.369802426283762], [-49.24167267395179, -27.369867436247105], [-49.241635494344266, -27.3699157349693], [-49.24156216277899, -27.3699473224203], [-49.24145267926245, -27.36996219854342], [-49.24130704383494, -27.369960363255288], [-49.24119756028319, -27.369975239175915], [-49.241124228566896, -27.370006826388718], [-49.241087048679574, -27.370055124950344], [-49.24108602064858, -27.37012013489082], [-49.24104884070445, -27.370168433438952], [-49.240975508819865, -27.370200020564706], [-49.24086602500127, -27.370214896211394], [-49.24072038928898, -27.370213060295644], [-49.240611676670504, -27.370179178297764], [-49.240539887199226, -27.370113250306495], [-49.24050502086479, -27.37001527637781], [-49.240507077593044, -27.369885256534925], [-49.240490415738776, -27.36978751212658], [-49.240455035342265, -27.369722043149032], [-49.240400936410005, -27.369688849589], [-49.24032811891464, -27.36968793142371], [-49.24027376291739, -27.36967099029588], [-49.2402378684316, -27.369638026227676], [-49.24022043545469, -27.369589039233116], [-49.240221463968105, -27.36952402931798], [-49.24034966571923, -27.369476878730744], [-49.24060504063019, -27.369447587116383], [-49.24098758876577, -27.369436153777713], [-49.24149731033338, -27.369442577675386], [-49.24187934473517, -27.36946364687167], [-49.242133691986844, -27.369499362419237], [-49.242260352023656, -27.369549725015293]]]}, "properties": {"classe": "Media"}}, {"type": "Feature", "geometry": {"type": "Polygon", "coordinates": [[[-49.24898055387734, -27.368301234584354], [-49.248974413772224, -27.36869129596904], [-49.24891519558498, -27.368983156740555], [-49.248802899104135, -27.369176816830784], [-49.248637524387725, -27.36927227612028], [-49.24841907176329, -27.369269534438292], [-49.248254976363526, -27.36928373050221], [-49.248145238122575, -27.369314864501224], [-49.24808985702754, -27.369362936563192], [-49.24808883311847, -27.369427946754662], [-49.24806986076978, -27.36947647586416], [-49.2480329399681, -27.369508523884008], [-49.247978070716, -27.369524090800184], [-49.24790525303203, -27.369523176592427], [-49.24785038375767, -27.369538743457166], [-49.247813462874426, -27.36957079141469], [-49.24779449037969, -27.369619320478996], [-49.24779346628684, -27.369684330657776], [-49.24777449376125, -27.369732859717278], [-49.24773757278954, -27.369764907649806], [-49.24768270337431, -27.369780474441356], [-49.24760988553407, -27.36977956007165], [-49.24755501609658, -27.36979512681177], [-49.2475180950433, -27.369827174681976], [-49.247499122371664, -27.36987570369628], [-49.24749809809502, -27.369940713862363], [-49.24747912539251, -27.36998924287188], [-49.24744220425078, -27.37002129071709], [-49.24738733467241, -27.37003685738402], [-49.247314516675914, -27.370035942852372], [-49.24725964707528, -27.370051509467846], [-49.24722272585198, -27.37008355725076], [-49.247203753003426, -27.37013208621505], [-49.24720272854299, -27.370197096368464], [-49.24718375566358, -27.370245625327968], [-49.24714683435182, -27.370277673085866], [-49.2470919646103, -27.370293239628154], [-49.24701914645754, -27.37029232493456], [-49.246963764390166, -27.370340396497195], [-49.2469258183526, -27.3704374543335], [-49.24690530833193, -27.370583498455527], [-49.246902234357904, -27.370778528870012], [-49.24688172421707, -27.370924572977355], [-49.2468437778797, -27.371021630770834], [-49.246788395358685, -27.371069702238387], [-49.24671557670961, -27.371068787362592], [-49.24666045031621, -27.3711006062438], [-49.24662301614211, -27.37116515890098], [-49.24660327418084, -27.37126244534741], [-49.24660122445588, -27.37139246559065], [-49.2465814824236, -27.371489752028175], [-49.246544048060514, -27.3715543046524], [-49.246488921373086, -27.371586123450065], [-49.24641610239771, -27.37158520840218], [-49.246362513181126, -27.37151951198021], [-49.24632815377483, -27.371389034207365], [-49.24631302415687, -27.371193775094035], [-49.24631712423183, -27.3709337346378], [-49.24633840385596, -27.370738933060416], [-49.246376862997145, -27.370609370356746], [-49.24643250167733, -27.370545046516423], [-49.24650531997257, -27.370545961523803], [-49.24656070233507, -27.37049789015868], [-49.24659864870925, -27.370400832438484], [-49.24661915908221, -27.370254788375277], [-49.246622233483684, -27.370059757975785], [-49.24664274373648, -27.36991371389788], [-49.24668068981086, -27.36981665613487], [-49.246736071719724, -27.369768584674652], [-49.24680888951865, -27.369769499499828], [-49.24686375903042, -27.369753933057478], [-49.246900680236514, -27.369721885367863], [-49.246919653134334, -27.36967335644501], [-49.24692067773725, -27.36960834629659], [-49.246939650604205, -27.369559817368927], [-49.246976571721845, -27.369527769654322], [-49.24703144109274, -27.369512203138775], [-49.24710425873541, -27.369513117802], [-49.24715912808404, -27.369497551235014], [-49.247196049120106, -27.36946550345808], [-49.24721502184103, -27.36941697448522], [-49.24721604626016, -27.369351964324103], [-49.24725322332838, -27.36930366398766], [-49.24732655301834, -27.369272073445877], [-49.2474360353365, -27.36925719264204], [-49.24758167032312, -27.36925902149278], [-49.247691152605995, -27.36924414048649], [-49.247764482144866, -27.36921254970652], [-49.247801658933284, -27.369164249209586], [-49.2478026829986, -27.369099239025672], [-49.24785806407301, -27.369051167075643], [-49.247967802116406, -27.369020033292948], [-49.248131897141725, -27.36900583754976], [-49.24835034921482, -27.36900857965687], [-49.2485154678423, -27.368929373250218], [-49.248627252751525, -27.368768218504723], [-49.24868570389865, -27.368525115542482], [-49.24869082146859, -27.368200064432738], [-49.24871286376164, -27.367956504530454], [-49.248751830747125, -27.36779443583278], [-49.248807722458565, -27.367713858331495], [-49.24888053899372, -27.367714772012995], [-49.24893361638128, -27.367812972603357], [-49.248966954691724, -27.36800846012528], [-49.24898055387734, -27.368301234584354]]]}, "properties": {"classe": "Alta"}}, {"type": "Feature", "geometry": {"type": "Polygon", "coordinates": [[[-49.24429719051599, -27.369705411069354], [-49.2442920597814, -27.370030461342726], [-49.24427000716589, -27.370274020001897], [-49.24423103263887, -27.370436087044023], [-49.24417513623399, -27.370516662460876], [-49.24410231804904, -27.370515746238862], [-49.24404667809131, -27.370580069087147], [-49.24400821628477, -27.370709631021356], [-49.24398693260741, -27.370904432051873], [-49.24398282709134, -27.37116447218383], [-49.24392513387103, -27.37135881501724], [-49.24381385279207, -27.371487460482392], [-49.24364898388679, -27.371550408455025], [-49.243430527374294, -27.371547658756302], [-49.24326694171547, -27.371529343757263], [-49.243158226940004, -27.371495463652813], [-49.24310438303498, -27.371446018570794], [-49.24310540994481, -27.371381008572087], [-49.24308797545536, -27.371332021875006], [-49.24305207958517, -27.37129905847374], [-49.24299772233682, -27.371282118354326], [-49.24292490369696, -27.37128120149457], [-49.242871059999175, -27.37123175633083], [-49.24283619128351, -27.37113378288627], [-49.24282029753703, -27.370987281172923], [-49.24282337869379, -27.37079225119182], [-49.242843894095714, -27.370646207928765], [-49.24288184371309, -27.370549151377023], [-49.24293722755887, -27.370501081524512], [-49.24301004568863, -27.370501998353845], [-49.243064916011456, -27.370486433449457], [-49.243101838508814, -27.370454386831646], [-49.24312081317813, -27.370405858514403], [-49.24312184003275, -27.370340848505425], [-49.243140814671186, -27.370292320183378], [-49.24317773708008, -27.37026027354054], [-49.24323260726204, -27.370244708562947], [-49.24330542523557, -27.370245625230304], [-49.24336055207234, -27.370213807696572], [-49.24339798773593, -27.37014925598074], [-49.243417732219875, -27.370051970096068], [-49.24341978554766, -27.369921950050134], [-49.24345773438694, -27.369824893296734], [-49.24353157868431, -27.369760799805036], [-49.24364131845012, -27.369729669519067], [-49.243786953758494, -27.369731502357727], [-49.24389669343529, -27.369700371865996], [-49.24397053740641, -27.369636278124997], [-49.24400848566151, -27.36953922119071], [-49.24401053825402, -27.36940920109394], [-49.244030282037365, -27.36931191508125], [-49.2440677169881, -27.369247363145085], [-49.24412284311268, -27.369215545272127], [-49.24419566044751, -27.369216461443443], [-49.244248990767815, -27.369298411120496], [-49.24428283413518, -27.369461394326397], [-49.24429719051599, -27.369705411069354]]]}, "properties": {"classe": "Media"}}, {"type": "Feature", "geometry": {"type": "Polygon", "coordinates": [[[-49.24282337869379, -27.37079225119182], [-49.24282029753703, -27.370987281172923], [-49.24283619128351, -27.37113378288627], [-49.242871059999175, -27.37123175633083], [-49.24292490369696, -27.37128120149457], [-49.24299772233682, -27.371282118354326], [-49.24305207958517, -27.37129905847374], [-49.24308797545536, -27.371332021875006], [-49.24310540994481, -27.371381008572087], [-49.24310438303498, -27.371446018570794], [-49.243158226940004, -27.371495463652813], [-49.24326694171547, -27.371529343757263], [-49.243430527374294, -27.371547658756302], [-49.24364898388679, -27.371550408455025], [-49.24381256966587, -27.371568723010384], [-49.24392128474123, -27.3716026026173], [-49.24397512909995, -27.37165204740362], [-49.243974102686444, -27.371717057430192], [-49.24390051387942, -27.371764898584004], [-49.243754362627406, -27.371795570747718], [-49.24353564895239, -27.371809073693825], [-49.24324437294983, -27.37180540708462], [-49.2430261727273, -27.371786404231038], [-49.242881048316846, -27.37175206547841], [-49.24280899969649, -27.371702391054228], [-49.24281002679016, -27.37163738106824], [-49.24279259239953, -27.371588394340197], [-49.24275669654315, -27.371555430864298], [-49.24270233922358, -27.371538490626584], [-49.242629520427485, -27.37153757360484], [-49.242575933555884, -27.37147187583426], [-49.24254157866023, -27.37134139733807], [-49.242526455718526, -27.371146138126665], [-49.24253056463529, -27.370886098197605], [-49.242551850845864, -27.370691297509048], [-49.242590314318214, -27.370561736055855], [-49.24264595507434, -27.370497413827646], [-49.24271877319029, -27.370498330808797], [-49.242772616480984, -27.370547776016313], [-49.242807484986464, -27.370645749473294], [-49.24282337869379, -27.37079225119182]]]}, "properties": {"classe": "Alta"}}, {"type": "Feature", "geometry": {"type": "Polygon", "coordinates": [[[-49.16241637405103, -27.370829462684195], [-49.16240992980559, -27.371219505389234], [-49.16242330042751, -27.371512277123877], [-49.16245648608618, -27.37170777790007], [-49.16250948683167, -27.371806007712248], [-49.16258230259472, -27.371806966537463], [-49.1626358404715, -27.371872692749548], [-49.1626701005129, -27.37200318637187], [-49.16268508269591, -27.37219844741481], [-49.16268078692363, -27.3724584758757], [-49.16265936097594, -27.372653257517463], [-49.162620804822225, -27.372782792334814], [-49.1625651184855, -27.372847080317378], [-49.16249230204238, -27.37284612144972], [-49.162438226766994, -27.37281289872326], [-49.16240289268649, -27.372747412160862], [-49.1623862997941, -27.372649661775792], [-49.16238844804914, -27.372519647571725], [-49.162371855191154, -27.372421897184218], [-49.16233652126082, -27.372356410609584], [-49.162282446264896, -27.37232318783456], [-49.16220963017625, -27.372322228836307], [-49.16215528667482, -27.37230525778869], [-49.162119415773844, -27.37227227471394], [-49.16210201747063, -27.372223279626038], [-49.16210309174651, -27.372158272530733], [-49.16208569346534, -27.37210927744127], [-49.16204982264577, -27.372076294351878], [-49.161995479290496, -27.372059323248568], [-49.1619226633863, -27.37205836410911], [-49.161868320062105, -27.3720413929576], [-49.16183244933115, -27.372008409816267], [-49.16181505119073, -27.371959414699088], [-49.16181612562218, -27.37189440761184], [-49.1617987275038, -27.371845412493098], [-49.16176285685424, -27.37181242933712], [-49.1617085136762, -27.371795458129917], [-49.161635697956456, -27.371794498849262], [-49.16158189208978, -27.371745024053734], [-49.16154709611586, -27.3716470337666], [-49.161531310021154, -27.371500527999906], [-49.1615345337389, -27.371305506754524], [-49.161555155330525, -27.371159480648167], [-49.16159317476718, -27.371062449673982], [-49.1616485920624, -27.371014413819935], [-49.161721407272125, -27.371015373068747], [-49.161776287284866, -27.370999840706855], [-49.161813232082, -27.370967816754504], [-49.16183224166079, -27.370919301225666], [-49.16183331603448, -27.37085429412808], [-49.1618523255822, -27.370805778594374], [-49.161889270290715, -27.37077375461676], [-49.16194415016273, -27.370758222181276], [-49.16201696521689, -27.37075918126767], [-49.16207211362361, -27.370727397003737], [-49.16210959534626, -27.370662869408353], [-49.16212941037808, -27.37056559849478], [-49.162131558742146, -27.370435584270687], [-49.162151373702116, -27.370338313348046], [-49.16218885523492, -27.37027378571921], [-49.16224400334732, -27.370242001370915], [-49.162316818075915, -27.37024296028427], [-49.16236981807647, -27.370341190128535], [-49.16240300341819, -27.37053669092667], [-49.16241637405103, -27.370829462684195]]]}, "properties": {"classe": "Media"}}, {"type": "Feature", "geometry": {"type": "Polygon", "coordinates": [[[-49.24655817704956, -27.374122890106435], [-49.24655612702152, -27.37425291029326], [-49.24657279468884, -27.374350654200402], [-49.246608180091776, -27.374416121824076], [-49.246662283236795, -27.37444931315101], [-49.24673510409653, -27.37445022815843], [-49.246789463521075, -27.374467166913824], [-49.24682536152381, -27.374500129439394], [-49.24684279810213, -27.374549115749108], [-49.24684177323751, -27.3746141258488], [-49.24689562034136, -27.374663569617265], [-49.24700433946925, -27.374697446993636], [-49.247167930634106, -27.37471575785003], [-49.24738639380615, -27.374718501991527], [-49.24755049731966, -27.37470430734263], [-49.247660241108704, -27.37467317409258], [-49.24771562516039, -27.374625102369244], [-49.2477166495148, -27.37456009223919], [-49.2477538282487, -27.374511791875396], [-49.247827161334705, -27.374480201247845], [-49.247936648779266, -27.37446532029985], [-49.248082290622676, -27.374467148948], [-49.24819126599637, -27.37448477287137], [-49.24826357492383, -27.37451819215718], [-49.24829921739863, -27.374567406862123], [-49.24829819338435, -27.37463241701241], [-49.24827922010308, -27.374680946078417], [-49.248242297541445, -27.37471299405242], [-49.24818742570204, -27.374728560920442], [-49.248114604603394, -27.374727646662187], [-49.24805973274172, -27.374743213478734], [-49.2480228100985, -27.37477526139043], [-49.24800383667115, -27.37482379041122], [-49.24800281247304, -27.374888800548838], [-49.24791101778745, -27.37493641519395], [-49.247728452552714, -27.374966634164217], [-49.24745511680242, -27.374979457103976], [-49.24709101066533, -27.374974883484203], [-49.24681818734287, -27.3749552001227], [-49.246636646865696, -27.374920407557962], [-49.24654638920024, -27.374870506145665], [-49.246547414248695, -27.37480549605866], [-49.24652997776919, -27.37475650971796], [-49.24649407978024, -27.374723547117743], [-49.24643972028443, -27.374706608244033], [-49.24636689926841, -27.374705693074635], [-49.246313052392495, -27.374656249112437], [-49.246278179696766, -27.37455827638059], [-49.24626228116831, -27.37441177489115], [-49.24626535674121, -27.374216744645135], [-49.24628586854931, -27.374070700760814], [-49.24632381656284, -27.37397364323147], [-49.246379200794735, -27.37392557204501], [-49.24645202130056, -27.373926487184036], [-49.246506124165705, -27.37395967856035], [-49.246541509417526, -27.374025146196725], [-49.24655817704956, -27.374122890106435]]]}, "properties": {"classe": "Alta"}}, {"type": "Feature", "geometry": {"type": "Polygon", "coordinates": [[[-49.248292049226414, -27.375022477900696], [-49.248288977101005, -27.3752175083362], [-49.248250262227, -27.375363324050788], [-49.24817590452876, -27.375459925013555], [-49.24806590402304, -27.37550731116972], [-49.24792026081907, -27.37550548244063], [-49.247811540594114, -27.37547160573165], [-49.24773974340161, -27.375405681131486], [-49.24770486923124, -27.37530770869613], [-49.24770691800891, -27.375177688448833], [-49.247726659911194, -27.375080401885487], [-49.2477640949146, -27.375015848998522], [-49.24781922302557, -27.37498402977463], [-49.247892044280526, -27.37498494419487], [-49.24794691628312, -27.37496937745151], [-49.247983839014815, -27.37493732956483], [-49.24800281247304, -27.374888800548838], [-49.24800383667115, -27.37482379041122], [-49.2480228100985, -27.37477526139043], [-49.24805973274172, -27.374743213478734], [-49.248114604603394, -27.374727646662187], [-49.24818742570204, -27.374728560920442], [-49.24824127348754, -27.374778004199374], [-49.24827614799997, -27.3748759765221], [-49.248292049226414, -27.375022477900696]]]}, "properties": {"classe": "Media"}}, {"type": "Feature", "geometry": {"type": "Polygon", "coordinates": [[[-49.24769616177256, -27.375860294718496], [-49.247695137349304, -27.375925304835736], [-49.247676163555596, -27.375973833788375], [-49.24763924037806, -27.376005881568684], [-49.247584367819286, -27.376021448162707], [-49.247511545897794, -27.37602053355013], [-49.24745667331675, -27.37603610009269], [-49.24741975005762, -27.376068147810688], [-49.247400776117814, -27.3761166767181], [-49.24739975151071, -27.37618168682266], [-49.24736257202716, -27.376229987047534], [-49.24728923763979, -27.376261577362722], [-49.247179748355045, -27.376276457711526], [-49.24703410421322, -27.37627462801053], [-49.246924102447146, -27.376322013200063], [-49.24684974294759, -27.376418613358744], [-49.24681102569776, -27.376564428541386], [-49.24680795077331, -27.37675945877891], [-49.24682385017767, -27.37690596020883], [-49.24685872397676, -27.377003932830135], [-49.24691257218348, -27.37705337663076], [-49.246985394757765, -27.37705429158756], [-49.24703847440094, -27.377152492904845], [-49.247071811183496, -27.377347980605354], [-49.24708540505767, -27.377640754694642], [-49.24707925585739, -27.37803081516118], [-49.24705643802335, -27.37832313176219], [-49.24701695153023, -27.37851770449785], [-49.24696079642581, -27.37861453336256], [-49.246887972830955, -27.378613618345017], [-49.246832586351424, -27.37866168960314], [-49.246794636931625, -27.378758747154347], [-49.24677412455864, -27.378904791010726], [-49.246771049262236, -27.379099821178997], [-49.24675053676904, -27.379245865020682], [-49.24671258704931, -27.379342922529062], [-49.24665720011595, -27.37939099369206], [-49.24658437602456, -27.37939007849225], [-49.24652924532901, -27.379421897089408], [-49.24649180799287, -27.379486449502497], [-49.246472064009694, -27.379583735744802], [-49.24647001340298, -27.3797137558239], [-49.24645026934878, -27.379811042057305], [-49.246412831823584, -27.379875594437447], [-49.24635770083386, -27.37990741295101], [-49.246284876416034, -27.379906497579064], [-49.246231027195456, -27.379857053503443], [-49.246196153212246, -27.37975908074726], [-49.24618025445348, -27.379612579322593], [-49.246183330853206, -27.379417549230492], [-49.24620384413184, -27.37927150551223], [-49.24624179425962, -27.379174448161105], [-49.24629718124946, -27.379126377165033], [-49.24637000515696, -27.3791272925066], [-49.24642539206965, -27.379079221455584], [-49.246463341931936, -27.378982164029424], [-49.24648385473089, -27.378836120240198], [-49.24648693049628, -27.378641090094618], [-49.24650744317503, -27.378495046290684], [-49.246545392737374, -27.378397988821703], [-49.246600779196235, -27.37834991767557], [-49.24667360260721, -27.37835083283487], [-49.24672924526224, -27.378286509118503], [-49.24676770708525, -27.378156946542113], [-49.2467889880543, -27.377962145116083], [-49.246793088201535, -27.37770210484556], [-49.24677795755964, -27.377506845872137], [-49.24674359622404, -27.377376368198252], [-49.2466900042167, -27.37731067181353], [-49.24661718148611, -27.37730975669473], [-49.24656384587205, -27.37722780774955], [-49.24652999743618, -27.377064825001064], [-49.24651563614489, -27.37682080845754], [-49.2465207618694, -27.376495758112302], [-49.24656101712306, -27.376252427914903], [-49.246636401797446, -27.376090817836403], [-49.24674691593003, -27.376010927825856], [-49.24689255970414, -27.376012757810336], [-49.24700204875219, -27.375997877676035], [-49.24707538303386, -27.375966287506362], [-49.24711256254272, -27.37591798735802], [-49.247113587306124, -27.375852977261026], [-49.24715076675818, -27.375804677099197], [-49.2472241008715, -27.375773086842496], [-49.24733358965254, -27.37575820643425], [-49.2474792331416, -27.37576003579103], [-49.247588209647276, -27.375777660237603], [-49.247660519193076, -27.375811079861204], [-49.24769616177256, -27.375860294718496]]]}, "properties": {"classe": "Alta"}}, {"type": "Feature", "geometry": {"type": "Polygon", "coordinates": [[[-49.24908298811274, -27.380299267682254], [-49.24908196430598, -27.380364277806486], [-49.24913581509237, -27.38041372084903], [-49.24924454052748, -27.380447596749033], [-49.24940814062421, -27.380465905378575], [-49.249626615352774, -27.380468646542685], [-49.249790215569654, -27.38048695472836], [-49.24989894130466, -27.380520830130557], [-49.24995279254487, -27.38057027287721], [-49.24995176923473, -27.38063528302919], [-49.249969208017056, -27.380684269017003], [-49.2500051089104, -27.38071723083482], [-49.25005947191733, -27.380734168468678], [-49.25013229702448, -27.380735081896365], [-49.25018717165169, -27.380719514402465], [-49.25022409578044, -27.380687466007277], [-49.250243069408135, -27.380638936724782], [-49.250244092548165, -27.380573926562697], [-49.25028127238926, -27.380525625607728], [-49.250354608904026, -27.380494033829873], [-49.25046410209893, -27.380479151172402], [-49.25060975201424, -27.380480977551876], [-49.25071873374546, -27.380498599781728], [-49.250791047316106, -27.380532017949164], [-49.25082669271974, -27.380581232110924], [-49.250825669919955, -27.380646242293214], [-49.25095234676496, -27.380696597701956], [-49.25120672339991, -27.380732297995237], [-49.25158879988921, -27.380753342475543], [-49.25209857621653, -27.3807597300897], [-49.25248065311257, -27.380780772138788], [-49.25273503059366, -27.380816469675985], [-49.25286170859543, -27.380866823398822], [-49.252860686972774, -27.38093183364922], [-49.25293274613115, -27.380981503310473], [-49.2530778861466, -27.381015832272823], [-49.25329610704098, -27.381034820308614], [-49.25358740878205, -27.381038467072443], [-49.25380562985461, -27.381057454317045], [-49.25395077029095, -27.381091782387823], [-49.254022830069175, -27.381141451512427], [-49.2540218091133, -27.381206461800602], [-49.254039249794474, -27.38125544736397], [-49.25407515213123, -27.38128840819672], [-49.25412951612615, -27.381305344284815], [-49.25420234176585, -27.38130625560611], [-49.25425670579164, -27.38132319164591], [-49.2542926082169, -27.38135615242641], [-49.25431004903905, -27.381405137961604], [-49.25430902823957, -27.381470148257293], [-49.25425364330008, -27.381518222527824], [-49.25414389418046, -27.381549360706604], [-49.25397978089356, -27.381563562665725], [-49.25376130350523, -27.381560828215896], [-49.25359770078939, -27.38154252458675], [-49.2534889727759, -27.381508651973256], [-49.253435119451865, -27.38145921050334], [-49.253436140761735, -27.381394200237903], [-49.253382287514874, -27.38134475875051], [-49.25327355976687, -27.381310885980295], [-49.25310995753057, -27.38129258179932], [-49.252891480776164, -27.381289846012628], [-49.2527273678011, -27.38130404650884], [-49.252617618539524, -27.381335183477233], [-49.25256223297854, -27.381383257045744], [-49.25256121115829, -27.38144826728091], [-49.252596857642494, -27.381497481034604], [-49.252669172467556, -27.381530898280573], [-49.25277815563992, -27.381548518962102], [-49.25292380713606, -27.38155034299198], [-49.2530327903794, -27.381567963477245], [-49.25310510539347, -27.381601380505142], [-49.25314075217185, -27.38165059413236], [-49.25313973067813, -27.381715604385153], [-49.253084345131526, -27.381763678160226], [-49.25297459549193, -27.381794815391007], [-49.252810481772194, -27.381809015949578], [-49.25259200403819, -27.38180627964664], [-49.25242840123669, -27.38178797463839], [-49.2523196733975, -27.381754101119807], [-49.25226582050775, -27.38170465921881], [-49.25226684251186, -27.381639648996288], [-49.25224940257468, -27.381590663247636], [-49.252213500714724, -27.381557701967026], [-49.25215913693456, -27.38154076514048], [-49.25208631122083, -27.381539852745778], [-49.252031436403804, -27.381555420978714], [-49.25199451246496, -27.381587469859586], [-49.25197553940174, -27.381635999402373], [-49.251974517227495, -27.381701009614797], [-49.25191913121169, -27.381749082903887], [-49.25180938131423, -27.381780219203062], [-49.25164526754797, -27.3817944183844], [-49.25142678997881, -27.381791680258612], [-49.251263187471075, -27.381773373893328], [-49.25115446005458, -27.381739499483515], [-49.251100607716445, -27.381690057157094], [-49.25110163040108, -27.381625046974964], [-49.2511206038368, -27.381576517568824], [-49.251157528010225, -27.381544468930954], [-49.25121240292393, -27.38152890104737], [-49.25128522859644, -27.381529813897775], [-49.25134010348786, -27.381514245962727], [-49.25137702757966, -27.381482197262535], [-49.25139600086925, -27.381433667811173], [-49.25139702337002, -27.38136865761639], [-49.25136137747319, -27.381319443581994], [-49.25128906321517, -27.381286025681785], [-49.25118008060241, -27.38126840385904], [-49.25103442961138, -27.38126657802654], [-49.250925447069605, -27.381248956007557], [-49.25085313300062, -27.381215537889265], [-49.25081748739797, -27.381166323728447], [-49.250818510225244, -27.381101313551287], [-49.250801071007665, -27.381052327651815], [-49.25076516976377, -27.381019366024237], [-49.25071080649611, -27.381002428654543], [-49.250637981191346, -27.38100151552055], [-49.250583106475254, -27.381017083187672], [-49.25054618232932, -27.381049131676193], [-49.250527208750974, -27.38109766100014], [-49.25052618575357, -27.381162671167196], [-49.250507212144335, -27.381211200486337], [-49.250470287909906, -27.381243248949882], [-49.25041541305285, -27.381258816543784], [-49.25034258759171, -27.381257903247782], [-49.25028822428362, -27.38124096571146], [-49.250252323141964, -27.38120800395697], [-49.25023488416417, -27.381159017998353], [-49.2502359073317, -27.381094007841405], [-49.250182055719016, -27.381044565189775], [-49.25007332938171, -27.381010689982613], [-49.24990972833268, -27.38099238209197], [-49.24969125254213, -27.38098964132289], [-49.24952765161324, -27.380971332988395], [-49.24941892557583, -27.3809374572834], [-49.249365074416986, -27.380888014335873], [-49.24936609808114, -27.380823004206675], [-49.249312246999466, -27.38077356124169], [-49.24920352122755, -27.380739685380032], [-49.2490399207783, -27.38072137649377], [-49.24882144562193, -27.38071863438795], [-49.24865784529285, -27.380700325057827], [-49.248549119820844, -27.380666448698374], [-49.24849526919301, -27.380617005437497], [-49.24849629335376, -27.38055199533607], [-49.24846064902586, -27.38050278062739], [-49.24838833624574, -27.380469361285225], [-49.24827935501983, -27.380451737252855], [-49.24813370532464, -27.38044990844307], [-49.24802472416975, -27.380432284214454], [-49.24795241157867, -27.38039886465425], [-49.24791676754496, -27.380349649819152], [-49.247917792032176, -27.38028463973539], [-49.24799138509266, -27.380236796701745], [-49.24813754667488, -27.380206120600835], [-49.24835627680076, -27.38019261120508], [-49.248647575565734, -27.380196268176622], [-49.248865793693625, -27.380215263036014], [-49.249010931216596, -27.380249596128696], [-49.24908298811274, -27.380299267682254]]]}, "properties": {"classe": "Media"}}, {"type": "Feature", "geometry": {"type": "Polygon", "coordinates": [[[-49.280546126807224, -27.38052801953474], [-49.280544115954335, -27.380658041950305], [-49.28052440123146, -27.38075533437404], [-49.28048698261493, -27.380819896798407], [-49.280431860111094, -27.380851729210132], [-49.28035903375626, -27.380850831590184], [-49.280303408412486, -27.380915169547137], [-49.28026498400391, -27.38104474309671], [-49.280243760508995, -27.381239552249287], [-49.280239737960514, -27.381499597009956], [-49.28021851428853, -27.38169440614052], [-49.280180089460266, -27.381823979635865], [-49.28012446349729, -27.381888317485604], [-49.28005163647543, -27.381887419674026], [-49.27999651330963, -27.381919251878816], [-49.27995909396355, -27.381983814119028], [-49.27993937843087, -27.382081106407902], [-49.27993736673525, -27.382211128753024], [-49.27991765113187, -27.382308421033073], [-49.27988023159706, -27.382372983240497], [-49.27982510813717, -27.382404815362047], [-49.279752280788536, -27.38240391737868], [-49.27969715727907, -27.382435749447122], [-49.279659737572416, -27.382500311586362], [-49.27964002166227, -27.38259760380972], [-49.279638009572274, -27.38272762612473], [-49.27961829359142, -27.382824918339256], [-49.279580873696034, -27.382889480445748], [-49.279525749892464, -27.382921312430916], [-49.27945292221705, -27.382920414275766], [-49.27939804991341, -27.38293599342117], [-49.279361132963054, -27.382968049887452], [-49.27934217136346, -27.38301658368862], [-49.279341165128024, -27.383081594832312], [-49.2793039965462, -27.383129904065353], [-49.279230665590525, -27.383161511357702], [-49.27912117226733, -27.383176416652645], [-49.27897551661677, -27.383174619866697], [-49.27886602325793, -27.383189524959082], [-49.2787926921507, -27.383221132013308], [-49.278755523288716, -27.383269441086057], [-49.27875451669946, -27.383334452207343], [-49.27873555476789, -27.38338298590846], [-49.27869863748061, -27.383415042181703], [-49.27864376484015, -27.383430621013094], [-49.27857093686501, -27.3834297223823], [-49.2785158125183, -27.383461553940162], [-49.2784783917637, -27.383526115705706], [-49.27845867459485, -27.3836234076922], [-49.27845666103542, -27.383753429907202], [-49.278436943795846, -27.38385072188486], [-49.27839952285248, -27.383915283617625], [-49.27834439821166, -27.383947115092223], [-49.27827156990973, -27.383946216289615], [-49.27821669695252, -27.38396179493694], [-49.27817977932154, -27.38399385105449], [-49.27816081701426, -27.38404238465627], [-49.27815981004409, -27.384107395750004], [-49.278140847705984, -27.38415592934702], [-49.27810392998654, -27.384187985439656], [-49.27804905688829, -27.38420356401388], [-49.277976228429736, -27.384202665049404], [-49.27792135530913, -27.384218243572192], [-49.27788443750799, -27.38425029960255], [-49.27786547502378, -27.3842988331545], [-49.27786446786991, -27.3843638442357], [-49.27782729820768, -27.384412153017188], [-49.277753966009634, -27.384443759468954], [-49.277644471282116, -27.384458663534257], [-49.277498814065275, -27.384456865129632], [-49.277389823020705, -27.384439263460493], [-49.27731749817207, -27.384405858614052], [-49.27728183951303, -27.384356650647042], [-49.27728284700722, -27.38429163958573], [-49.2772653955116, -27.38424265645159], [-49.27722948504464, -27.384209701238813], [-49.2771751156089, -27.38419277393339], [-49.27710228719095, -27.384191874513128], [-49.27704791778603, -27.384174947159373], [-49.277012007407535, -27.384141991894275], [-49.27699455605294, -27.38409300873185], [-49.276995563703764, -27.384027997677904], [-49.27697811237152, -27.383979014513827], [-49.276942202074736, -27.383946059233757], [-49.27688783281592, -27.383929131823688], [-49.27681500458167, -27.383928232261457], [-49.27676088729894, -27.38389505204122], [-49.276725480995175, -27.38382959118572], [-49.276708785664034, -27.38373184970825], [-49.27671080126535, -27.38360182761262], [-49.276766933921635, -27.383504985745052], [-49.2768771835505, -27.383441324037285], [-49.277041550168455, -27.38341084236211], [-49.27726003389087, -27.383413540533322], [-49.27742440038844, -27.383383058400007], [-49.277534649545764, -27.383319396148384], [-49.27759078134635, -27.383222553905654], [-49.27759279587258, -27.38309253174009], [-49.27761251367129, -27.382995239899635], [-49.277649934718845, -27.382930678376734], [-49.27770505902157, -27.382898847158128], [-49.27777788661581, -27.382899746224794], [-49.27783275909144, -27.382884167726505], [-49.277869676429965, -27.382852111683533], [-49.27788863862886, -27.38280357810992], [-49.277889645701514, -27.382738567013345], [-49.277908607869584, -27.38269003343496], [-49.277945525119655, -27.382657977367085], [-49.278000397454264, -27.382642398795696], [-49.27807322489189, -27.3826432977005], [-49.27812885239828, -27.38257896074792], [-49.278167279897595, -27.382449387953677], [-49.27818850736825, -27.38225457932817], [-49.27819253484297, -27.38199453487648], [-49.27821376213645, -27.381799726228945], [-49.27825218921597, -27.38167015338047], [-49.2783078161031, -27.38160581632063], [-49.27838064287368, -27.38160671503374], [-49.27843576630511, -27.38157488348052], [-49.27847318636103, -27.38151032167997], [-49.278492903035115, -27.381413029645365], [-49.27849491635101, -27.381283007384265], [-49.27856925283162, -27.381186389288782], [-49.27871591236709, -27.38112317523896], [-49.2789348949828, -27.381093365007896], [-49.2792262008393, -27.381096958261733], [-49.27944518331249, -27.381067147220573], [-49.27959184224181, -27.381003932218277], [-49.27966617760189, -27.380907313481732], [-49.27966818950261, -27.380777291130883], [-49.27970611152705, -27.38068022335808], [-49.27977994362155, -27.380616110132532], [-49.27988968579625, -27.38058495139826], [-49.28003533812509, -27.380586747074], [-49.28014482879558, -27.38057184093256], [-49.280218157767585, -27.380540233057417], [-49.28025532503476, -27.380491923505293], [-49.280256330624574, -27.380426912306167], [-49.280275291324756, -27.38037837832469], [-49.280312207121874, -27.380346321553166], [-49.28036707801848, -27.380330741977602], [-49.28043990403304, -27.38033163957768], [-49.28049402082334, -27.38036481835698], [-49.28052942841685, -27.38043027833825], [-49.280546126807224, -27.38052801953474]]]}, "properties": {"classe": "Alta"}}, {"type": "Feature", "geometry": {"type": "Polygon", "coordinates": [[[-49.25634866046914, -27.381463143233788], [-49.25634458200747, -27.38172318469357], [-49.256359729656694, -27.381918443331674], [-49.25639410351207, -27.382048919150513], [-49.256447703595455, -27.38211461213968], [-49.25652052985524, -27.38211552227596], [-49.25657438492292, -27.382164962629084], [-49.256609268838645, -27.38226293322213], [-49.25662518158957, -27.382409434067203], [-49.25662212310986, -27.382604465165343], [-49.25663803590028, -27.38275096600519], [-49.25667292002669, -27.3828489365857], [-49.25672677550192, -27.382898376894808], [-49.25679960228582, -27.382899286909392], [-49.256853967532, -27.382916221987973], [-49.25688987125385, -27.382949182152764], [-49.25690731344878, -27.382998167417735], [-49.256906294098286, -27.38306317778872], [-49.25692373631552, -27.383112163052058], [-49.25695964011901, -27.383145123201917], [-49.257014005511316, -27.383162058224315], [-49.25708683247907, -27.383162968097047], [-49.25714094309715, -27.383196155665537], [-49.25717633739297, -27.38326162095255], [-49.2571930153601, -27.383359363971365], [-49.257190976958306, -27.38348938472577], [-49.25720765496086, -27.383587127741997], [-49.25724304940799, -27.38365259301624], [-49.25729716030613, -27.383685780535224], [-49.257369987627875, -27.383686690276175], [-49.25742384381321, -27.383736130343905], [-49.25745872890228, -27.38383410076152], [-49.25747464288225, -27.383980601541086], [-49.25747158568729, -27.38417563268367], [-49.25745108583512, -27.38432167861326], [-49.25741314329586, -27.38441873932313], [-49.25735775808235, -27.384466814801236], [-49.25728493025015, -27.38446590503009], [-49.25723005457218, -27.384481475268984], [-49.25719313102995, -27.384513525538264], [-49.257174159620874, -27.384562055851866], [-49.25717314035834, -27.384627066217526], [-49.2571541689184, -27.384675596526357], [-49.25711724528766, -27.38470764677063], [-49.2570623694687, -27.384723216936344], [-49.25698954148003, -27.384722307003216], [-49.25693466563877, -27.384737877117463], [-49.25689774192637, -27.384769927299413], [-49.256878770340286, -27.38481845756305], [-49.25687775089389, -27.384883467916104], [-49.25684057224724, -27.384931770667077], [-49.25676723437293, -27.384963365785968], [-49.256657737277365, -27.38497825321605], [-49.256512081000814, -27.384976432873877], [-49.256403093734725, -27.384958814933672], [-49.256330775502654, -27.38492539948267], [-49.25629512629818, -27.3848761865776], [-49.25629614608489, -27.384811176244686], [-49.256315117919364, -27.384762646072115], [-49.25635204178821, -27.384730596052155], [-49.256406917694015, -27.384715026170827], [-49.25647974565528, -27.384715936407808], [-49.25653462153876, -27.384700366475005], [-49.25657154532596, -27.38466831639273], [-49.25659051701429, -27.384619786174966], [-49.256591536617144, -27.384554775829436], [-49.256610508274605, -27.384506245606897], [-49.2566474319733, -27.384474195499617], [-49.256702307715784, -27.38445862549363], [-49.2567751355206, -27.384459535568624], [-49.25683077583248, -27.38439520774462], [-49.25686922857544, -27.38426564203729], [-49.25689049372764, -27.38407083845704], [-49.25689457132141, -27.383810797009], [-49.25687942266623, -27.383615538423463], [-49.25684504785735, -27.383485062702867], [-49.256791446916615, -27.38341936983682], [-49.25671861979242, -27.383418459802105], [-49.25666425432873, -27.383401524661384], [-49.256628350538946, -27.383368564436847], [-49.256610908420484, -27.383319579142494], [-49.25661192795482, -27.383254568784135], [-49.25659448585866, -27.38320558348814], [-49.256558582150525, -27.383172623248672], [-49.256504216832965, -27.383155688051765], [-49.25643138989262, -27.383154777875202], [-49.25637727952204, -27.38312159004204], [-49.256341885748654, -27.383056124575074], [-49.25632520856601, -27.38295838148756], [-49.25632724793388, -27.382828360783307], [-49.25631057078664, -27.382730617693213], [-49.25627517716455, -27.38266515221347], [-49.25622106707403, -27.382631964330812], [-49.25614824048766, -27.382631054022475], [-49.256095150258986, -27.38253285574582], [-49.25606179645866, -27.382337369523526], [-49.25604817903911, -27.3820445953612], [-49.256054297834645, -27.381654533247314], [-49.25607709328797, -27.38136221422937], [-49.25611656537343, -27.381167638307566], [-49.256172714138565, -27.381070805476295], [-49.25624553970412, -27.3810717157242], [-49.256299139258914, -27.38113740875308], [-49.25633351285453, -27.38126788458615], [-49.25634866046914, -27.381463143233788]]]}, "properties": {"classe": "Alta"}}, {"type": "Feature", "geometry": {"type": "Polygon", "coordinates": [[[-49.25629614608489, -27.384811176244686], [-49.25629512629818, -27.3848761865776], [-49.256257947409985, -27.384924489161545], [-49.25618460939291, -27.38495608396651], [-49.256075112253384, -27.384970970935786], [-49.25592945603165, -27.384969149985906], [-49.25581919380255, -27.385032794488726], [-49.25574432542048, -27.38516190452023], [-49.25570485085972, -27.385356480133545], [-49.25570077021449, -27.385616521358926], [-49.25567950253214, -27.38581132460515], [-49.25564104778034, -27.385940889867072], [-49.255585405980945, -27.3860052171343], [-49.255512577209984, -27.386004306391175], [-49.25545744547008, -27.38603612845533], [-49.25542001072485, -27.38610068334579], [-49.25540027296783, -27.386197971075816], [-49.25539823222262, -27.386327991652966], [-49.25534207987519, -27.386424823946868], [-49.255231815843324, -27.3864884678892], [-49.25506744014374, -27.386518923352707], [-49.25484895289209, -27.38651619015126], [-49.25468534267378, -27.386497887460454], [-49.254576609518665, -27.38646401547529], [-49.254522753413895, -27.386414574323727], [-49.25452377430388, -27.386349564066652], [-49.25450633273797, -27.386300578550536], [-49.25447042873468, -27.386267617769548], [-49.254416062296585, -27.386250681709672], [-49.25434323341031, -27.386249770348734], [-49.25428912225812, -27.386216581677946], [-49.254253728867425, -27.386151115720086], [-49.25423705323178, -27.38605337248843], [-49.25423909531094, -27.385923351986786], [-49.25427704116318, -27.385826292314377], [-49.25435089073497, -27.38576219344038], [-49.25446064403661, -27.385731055308792], [-49.254606301142196, -27.385732877838404], [-49.25471579916762, -27.385717992068464], [-49.2547891380726, -27.385686398082395], [-49.25482631785073, -27.38563809593692], [-49.25482733852939, -27.38557308566208], [-49.25480989692918, -27.385524100178174], [-49.25477399306863, -27.385491139479377], [-49.2547196269503, -27.38547420355171], [-49.254646798560806, -27.385473292372946], [-49.25459294287753, -27.38542385126281], [-49.2545580599406, -27.38532588024445], [-49.25454214973715, -27.385179379329912], [-49.25454521220133, -27.384984348520266], [-49.25465675098484, -27.384839442211746], [-49.254876765841075, -27.384744660134224], [-49.255205256827885, -27.384700001777123], [-49.25564222430761, -27.384705466389416], [-49.25596969500545, -27.38472581653202], [-49.25618766894706, -27.384761052979613], [-49.25629614608489, -27.384811176244686]]]}, "properties": {"classe": "Media"}}, {"type": "Feature", "geometry": {"type": "Polygon", "coordinates": [[[-49.247241408352565, -27.386225740272604], [-49.247235257445595, -27.386615800291963], [-49.247212436924436, -27.386908116512068], [-49.24717294676375, -27.38710268893305], [-49.24711678701133, -27.387199517549355], [-49.24704395778808, -27.387198602349617], [-49.24699087386517, -27.387100400943208], [-49.24695753531314, -27.386904913352865], [-49.24694394208419, -27.386612139584148], [-49.24695009401218, -27.38622207962553], [-49.246972914973604, -27.385929763446796], [-49.24701240494312, -27.385735191048166], [-49.24706856396854, -27.38563836242399], [-49.24714139217076, -27.38563927756298], [-49.247194475608204, -27.385737478905124], [-49.2472278143514, -27.38593296647312], [-49.247241408352565, -27.386225740272604]]]}, "properties": {"classe": "Media"}}, {"type": "Feature", "geometry": {"type": "Polygon", "coordinates": [[[-49.20764884962249, -27.384129602333346], [-49.20764570501782, -27.384324628216365], [-49.207625140074015, -27.384470663699236], [-49.20758715476171, -27.38456770877519], [-49.20753174909411, -27.384615763432155], [-49.20745892312699, -27.38461482765277], [-49.20740377947307, -27.384646630100928], [-49.2073663180958, -27.384711170795565], [-49.207346538988595, -27.384808449749965], [-49.20734444217477, -27.384938466971743], [-49.207361076114395, -27.385036213853244], [-49.20739644084798, -27.385101690390737], [-49.20745053638211, -27.385134896570932], [-49.20752336268951, -27.385135832371027], [-49.20757745828055, -27.385169038504458], [-49.207612823182515, -27.38523451499406], [-49.20762945738879, -27.385332261853076], [-49.2076273608589, -27.38546227908527], [-49.207607581804616, -27.385559558071304], [-49.20757012020262, -27.385624098803564], [-49.2075149760595, -27.385655901268755], [-49.20744214941181, -27.38565496544796], [-49.20738726732392, -27.3856705157087], [-49.20735032977724, -27.38570255207124], [-49.20733133676913, -27.38575107454959], [-49.2073302883129, -27.385816083151486], [-49.207311295273804, -27.385864605625006], [-49.20727435763853, -27.385896641962415], [-49.207219475409715, -27.385912192149718], [-49.20714664860596, -27.385911256166647], [-49.20709176635496, -27.385926806302457], [-49.207054828638135, -27.385958842577395], [-49.20703583545283, -27.386007365005483], [-49.20703478681236, -27.38607237359444], [-49.207015793596064, -27.386120896017687], [-49.20697885579064, -27.38615293226751], [-49.206923973398716, -27.386168482329882], [-49.2068511464389, -27.386167546184538], [-49.20679626402479, -27.386183096195406], [-49.206759326137814, -27.386215132382745], [-49.206740332775304, -27.386263654760572], [-49.20673928395059, -27.386328663336602], [-49.2067202905571, -27.38637718570959], [-49.206683352581514, -27.386409221871812], [-49.20662847002649, -27.38642477180924], [-49.2065556429106, -27.38642383550162], [-49.20650076033339, -27.386439385387543], [-49.206463822276255, -27.386471421487293], [-49.206444828736544, -27.386519943814857], [-49.20644377972758, -27.38658495237795], [-49.206351958912435, -27.386632538280193], [-49.206169366229865, -27.38666270133904], [-49.20589600171423, -27.386675441198683], [-49.20553186549553, -27.386670757329973], [-49.20525850096242, -27.38668349593524], [-49.2050759079849, -27.386713657543588], [-49.20498408652858, -27.38676124251086], [-49.20498303665473, -27.386826251019595], [-49.204964042410445, -27.386874773109028], [-49.20492710378244, -27.386906808771457], [-49.204872220773346, -27.38692235799287], [-49.20479939340176, -27.386921420752998], [-49.204745297884536, -27.386888213548577], [-49.20470993424893, -27.386822736402443], [-49.204693302488344, -27.386724989327874], [-49.204695402562265, -27.3865949723286], [-49.20476980469824, -27.38649839685746], [-49.20491650878715, -27.386435262794155], [-49.20513551485546, -27.38640556991181], [-49.205426823065174, -27.386409317876844], [-49.205645566626835, -27.38639587631784], [-49.20579174544423, -27.386365245572595], [-49.2058653594949, -27.386317425868757], [-49.205866408830076, -27.38625241732381], [-49.20590360930078, -27.386204129249418], [-49.20597696087973, -27.386172561615542], [-49.20608646357354, -27.386157714365428], [-49.2062321174227, -27.3861595874157], [-49.206341620081616, -27.386144739962933], [-49.2064149715098, -27.386113172090475], [-49.20645217170064, -27.386064883855106], [-49.20645322068141, -27.385999875286867], [-49.2064722141149, -27.385951352950265], [-49.20650915198779, -27.385919316837594], [-49.20656403430272, -27.385903766934845], [-49.206636861078294, -27.38590470322175], [-49.20669200557959, -27.385872901122955], [-49.20672946777007, -27.385808360657375], [-49.206749247643124, -27.38571108183832], [-49.20675134522209, -27.385581064673392], [-49.206734711770636, -27.385483317748296], [-49.20669934732927, -27.385417841059276], [-49.20664525190458, -27.385384634593102], [-49.20657242546931, -27.385383698326912], [-49.206519116784456, -27.385301735381077], [-49.20648532591127, -27.38513874577878], [-49.206471052815395, -27.38489472952825], [-49.20647629736686, -27.3845696866227], [-49.206498437157016, -27.38432613850682], [-49.20653747215632, -27.384164085177684], [-49.206593402399136, -27.38408352662706], [-49.2066662279837, -27.384084462841464], [-49.20672110935853, -27.384068912828326], [-49.206758046505044, -27.384036876607944], [-49.20677703942058, -27.383988354194287], [-49.20677808811845, -27.383923345595118], [-49.20683349373057, -27.38387529123216], [-49.206943256217016, -27.38384419103877], [-49.207107375590994, -27.383830044887052], [-49.207325851918846, -27.383832852587762], [-49.207488922977454, -27.383883714608093], [-49.20759658888659, -27.383982631147962], [-49.20764884962249, -27.384129602333346]]]}, "properties": {"classe": "Media"}}, {"type": "Feature", "geometry": {"type": "Polygon", "coordinates": [[[-49.26443260448972, -27.386213105660758], [-49.264431589399344, -27.38627811626218], [-49.26441262074784, -27.386326647682303], [-49.26437569852182, -27.386358699913437], [-49.26432082272383, -27.386374272941595], [-49.264247993372386, -27.386373366746454], [-49.26419311755207, -27.38638893972315], [-49.26415619524436, -27.386420991891974], [-49.26413722644672, -27.386469523266946], [-49.26413621117252, -27.386534533855784], [-49.26411724234403, -27.38658306522597], [-49.264080319947816, -27.38661511736984], [-49.26402544398647, -27.38663069027337], [-49.2639526144785, -27.386629783916266], [-49.263897738494826, -27.38664535676834], [-49.26386081601695, -27.386677408849888], [-49.2638418470423, -27.386725940174937], [-49.26384083158428, -27.386790950751166], [-49.26382186257878, -27.386839482071416], [-49.2637849400124, -27.38687153412802], [-49.26373006388769, -27.386887106906922], [-49.26365723422319, -27.386886200387853], [-49.263601596372226, -27.386950531040096], [-49.26356315025883, -27.387080098879366], [-49.26354189586126, -27.387274903916033], [-49.26353783321198, -27.387534946155206], [-49.263516578636604, -27.387729751169772], [-49.26347813210265, -27.387859318954614], [-49.263422493631886, -27.387923649499296], [-49.26334966330028, -27.387922742788167], [-49.26329478659674, -27.3879383153665], [-49.26325786350274, -27.3879703672546], [-49.26323889401572, -27.388018898466477], [-49.26323787814909, -27.388083909009847], [-49.26321890863122, -27.388132440216935], [-49.26318198544871, -27.38816449208009], [-49.26312710860413, -27.388180064585246], [-49.26305427811599, -27.388179157712138], [-49.26299914724582, -27.388210982799258], [-49.262961715957246, -27.388275539865617], [-49.26294198424386, -27.388372828924496], [-49.262939952129244, -27.388502849983457], [-49.26292022034497, -27.388600139033457], [-49.262882788867415, -27.388664696066954], [-49.262827657703006, -27.388696521070642], [-49.262754826888134, -27.388695614025515], [-49.26270071188341, -27.38866242845727], [-49.26266531271628, -27.38859696438869], [-49.26264862938032, -27.388499221833058], [-49.26265066183532, -27.388369200794166], [-49.26261577090229, -27.388271231456166], [-49.26254395665531, -27.388205313795776], [-49.2624352191046, -27.38817144775697], [-49.26228955819659, -27.388169633251007], [-49.26218056664705, -27.388152019645382], [-49.26210824447955, -27.388118607027295], [-49.26207259168769, -27.38806939545353], [-49.26207360823509, -27.388004384950293], [-49.26205616306799, -27.387955400222086], [-49.2620202562049, -27.387922441263054], [-49.26196588764839, -27.387905508059198], [-49.261893057385066, -27.38790460058833], [-49.26183868885942, -27.38788766733615], [-49.26180278208485, -27.387854708324845], [-49.26178533705878, -27.3878057235684], [-49.26178635376271, -27.387740713072642], [-49.26176890875896, -27.38769172831456], [-49.261733002066066, -27.38765876928831], [-49.26167863368657, -27.387641835979903], [-49.261605803607104, -27.38764092836713], [-49.261551435258475, -27.387623995010387], [-49.26151552865409, -27.38759103593186], [-49.26149808379138, -27.38754205114555], [-49.261499100651825, -27.38747704065727], [-49.26148165581144, -27.38742805586931], [-49.26144574928872, -27.387395096775847], [-49.26139138108625, -27.387378163362875], [-49.261318551190634, -27.387377255608207], [-49.26126418301902, -27.387360322146904], [-49.261228276584816, -27.387327363001173], [-49.26121083188546, -27.387278378184984], [-49.26121184890243, -27.38721336770421], [-49.26124902653859, -27.38716506374968], [-49.261322364766535, -27.387133466291417], [-49.26143186359266, -27.387118575272684], [-49.2615775230572, -27.387120390610004], [-49.261686513481074, -27.387138004637855], [-49.26175883488786, -27.387171417443486], [-49.26179448727114, -27.387220629083615], [-49.26179347059454, -27.387285639584483], [-49.261810915556005, -27.387334624339747], [-49.26184682217406, -27.387367583343586], [-49.261901190451255, -27.38738451658199], [-49.261974020374204, -27.38738542403278], [-49.26202838868226, -27.387402357222857], [-49.26206429538882, -27.38743531617441], [-49.26208174049132, -27.387484300901452], [-49.262080723971245, -27.38754931140982], [-49.26209816909607, -27.38759829613521], [-49.262134075884305, -27.387631255071835], [-49.26218844433851, -27.387648188205684], [-49.26226127444531, -27.387649095514565], [-49.26231564293038, -27.387666028600076], [-49.26235154980713, -27.38769898748442], [-49.26236899507299, -27.387747972181586], [-49.26236797870944, -27.38781298269742], [-49.262403631560915, -27.38786219419965], [-49.2624759536638, -27.387895606662028], [-49.26258494502452, -27.387913220027833], [-49.26273060561946, -27.38791503420983], [-49.26284112118924, -27.38783513158256], [-49.262916491550605, -27.387673512219067], [-49.26295671666646, -27.38743017617034], [-49.26296179664578, -27.387105123465265], [-49.26298381397932, -27.386861560649326], [-49.263022768635935, -27.386699487719717], [-49.263078660648915, -27.386618904668204], [-49.263151490115945, -27.386619811481125], [-49.26320636617422, -27.386604238926978], [-49.263243288805214, -27.38657218702606], [-49.26326225800638, -27.386523655792388], [-49.263263273791104, -27.386458645233635], [-49.26330045029563, -27.386410340673812], [-49.263373787492526, -27.386378742082908], [-49.26348328538819, -27.386363849404162], [-49.26362894402285, -27.386365662554134], [-49.263738441883035, -27.386350769672806], [-49.26381177892851, -27.386319170843638], [-49.26384895515291, -27.386270866123375], [-49.263849970583635, -27.386205855542002], [-49.26388714675122, -27.386157550808267], [-49.26396048362824, -27.386125951892144], [-49.264069981221084, -27.386111058736905], [-49.264215639569976, -27.386112871259073], [-49.26432462955364, -27.3861304832007], [-49.264396951195685, -27.386163894649023], [-49.26443260448972, -27.386213105660758]]]}, "properties": {"classe": "Media"}}, {"type": "Feature", "geometry": {"type": "Polygon", "coordinates": [[[-49.26121184890243, -27.38721336770421], [-49.26121083188546, -27.387278378184984], [-49.261228276584816, -27.387327363001173], [-49.26126418301902, -27.387360322146904], [-49.261318551190634, -27.387377255608207], [-49.26139138108625, -27.387378163362875], [-49.26144574928872, -27.387395096775847], [-49.26148165581144, -27.38742805586931], [-49.261499100651825, -27.38747704065727], [-49.26149808379138, -27.38754205114555], [-49.26151552865409, -27.38759103593186], [-49.261551435258475, -27.387623995010387], [-49.261605803607104, -27.38764092836713], [-49.26167863368657, -27.387641835979903], [-49.261733002066066, -27.38765876928831], [-49.26176890875896, -27.38769172831456], [-49.26178635376271, -27.387740713072642], [-49.26178533705878, -27.3878057235684], [-49.26174815941673, -27.387854027662563], [-49.26167482080913, -27.387885625325126], [-49.26156532124239, -27.38790051649936], [-49.26141966075673, -27.387898701101793], [-49.261310669648175, -27.38788108683434], [-49.261238347940306, -27.387847673784258], [-49.26120269562673, -27.387798462008256], [-49.261203712671026, -27.387733451532586], [-49.261168060406995, -27.387684239749387], [-49.26109573887103, -27.3876508266324], [-49.26098674806952, -27.387633212124896], [-49.26084108797891, -27.387631396139632], [-49.26073082560419, -27.387695044511275], [-49.26065596079979, -27.387824157315837], [-49.26061649354006, -27.388018734606444], [-49.260612423919326, -27.38827877641338], [-49.260591164021804, -27.388473580716344], [-49.26055271381507, -27.38860314751024], [-49.26049707332093, -27.388667476784665], [-49.26042424261537, -27.38866656852393], [-49.260371145940816, -27.388568371645054], [-49.260337783367994, -27.388372886170764], [-49.26032415484949, -27.388080112106632], [-49.260330260219696, -27.387690049441137], [-49.26038946156933, -27.387398183631994], [-49.26050175868622, -27.38720451461113], [-49.26066715162804, -27.387109042258956], [-49.26088564072234, -27.387111766404498], [-49.261049253286686, -27.387130061908383], [-49.261157989350984, -27.38716392896564], [-49.26121184890243, -27.38721336770421]]]}, "properties": {"classe": "Alta"}}, {"type": "Feature", "geometry": {"type": "Polygon", "coordinates": [[[-49.255984434250834, -27.386107741008768], [-49.25598341422542, -27.386172751318792], [-49.256019063669434, -27.38622196430784], [-49.256091382619296, -27.38625537994968], [-49.256200371081405, -27.386272998187582], [-49.256346029032215, -27.386274818934318], [-49.25645501756529, -27.386292436975925], [-49.25652733670415, -27.38632585239961], [-49.25656298644241, -27.386375065262136], [-49.25656196674364, -27.386440075589736], [-49.25657940924926, -27.386489060891215], [-49.25661531397781, -27.38652202116079], [-49.25666968093184, -27.38653895638443], [-49.25674251009798, -27.386539866539966], [-49.25679687708288, -27.386556801715297], [-49.256832781899945, -27.3865897619326], [-49.25685022454658, -27.38663874720589], [-49.256849205004286, -27.386703757540978], [-49.25686664767324, -27.38675274281262], [-49.25690255257195, -27.38678570301502], [-49.25695691970302, -27.386802638134135], [-49.25702974905303, -27.386803548147803], [-49.25708411621497, -27.386820483218603], [-49.257120021202205, -27.38685344336873], [-49.25713746401217, -27.386902428612178], [-49.257136444626354, -27.386967438954773], [-49.25715388745863, -27.387016424196577], [-49.257189792527534, -27.387049384331792], [-49.25724415983562, -27.387066319346378], [-49.257316989369514, -27.387067229218175], [-49.257371101894556, -27.387100416771762], [-49.257406497438154, -27.38716588202991], [-49.2574231759939, -27.387263625005897], [-49.25742113752153, -27.387393645703526], [-49.25743781611269, -27.387491388676924], [-49.25747321180764, -27.38755685392229], [-49.25752732461281, -27.387590041426368], [-49.25760015450076, -27.387590951166345], [-49.25765350302679, -27.38767289638894], [-49.2576873702527, -27.38783587711722], [-49.25770175614509, -27.388079893359425], [-49.25769666057542, -27.388404945108945], [-49.25767463119555, -27.388648506483165], [-49.2576356679745, -27.388810577479244], [-49.25757977094564, -27.388891158088967], [-49.25750694020673, -27.388890248298665], [-49.257452826797596, -27.38885706076326], [-49.257417430745654, -27.388791595505555], [-49.25740075204448, -27.388693852538808], [-49.25740279065383, -27.388563831866826], [-49.257386111988076, -27.388466088897488], [-49.2573507160875, -27.388400623626993], [-49.257296602958505, -27.388367436042067], [-49.25722377257368, -27.38836652611995], [-49.257170169214845, -27.38830083332274], [-49.25713579293364, -27.388170357673626], [-49.257120643708205, -27.387975099183045], [-49.257124721443276, -27.387715057848553], [-49.2571095722525, -27.387519799348432], [-49.257075196231185, -27.38738932368508], [-49.25702159340114, -27.38732363084812], [-49.25694876371077, -27.38732272081431], [-49.25689439633128, -27.387305785681377], [-49.256858491276084, -27.387272825471488], [-49.2568410485426, -27.38722384019865], [-49.2568420681123, -27.38715882986869], [-49.256824625401116, -27.38710984459421], [-49.256788720427586, -27.38707688436939], [-49.25673435319426, -27.387059949180244], [-49.25666152368777, -27.38705903900457], [-49.25660715648532, -27.387042103767108], [-49.256571251600306, -27.387009143490022], [-49.256553809030144, -27.386960158187343], [-49.25655482875632, -27.38689514786489], [-49.25653738620847, -27.38684616256057], [-49.25650148140512, -27.38681320226858], [-49.25644711434882, -27.386796266974905], [-49.25637428502621, -27.386795356657363], [-49.2563199180008, -27.386778421315373], [-49.256284013285956, -27.38674546097111], [-49.25626657087912, -27.3866964756386], [-49.256267590761766, -27.38663146532365], [-49.25623194108319, -27.3865822523896], [-49.25615962187979, -27.38654883681022], [-49.256050633158, -27.38653121852877], [-49.25590497489425, -27.38652939745802], [-49.2557959862434, -27.386511778980267], [-49.25572366722903, -27.38647836318274], [-49.25568801784468, -27.386429150122172], [-49.25568903805398, -27.38636413982478], [-49.25567159596383, -27.386315154430363], [-49.255635691592765, -27.38628219393309], [-49.25558132494336, -27.38626525831894], [-49.25550849600222, -27.38626434756573], [-49.255454129383686, -27.386247411903266], [-49.25541822510114, -27.386214451353734], [-49.255400783152, -27.386165465931125], [-49.255401803517756, -27.386100455641248], [-49.255438983188256, -27.386052153329178], [-49.255512322136106, -27.38602055896488], [-49.255621820367715, -27.386005672491617], [-49.25576747792335, -27.386007493825947], [-49.255876466078384, -27.386025112303834], [-49.25594878485635, -27.38605852801254], [-49.255984434250834, -27.386107741008768]]]}, "properties": {"classe": "Alta"}}, {"type": "Feature", "geometry": {"type": "Polygon", "coordinates": [[[-49.204688577270424, -27.38701752756684], [-49.20468752721229, -27.38708253606263], [-49.2046685327908, -27.387131058101787], [-49.20463159399263, -27.387163093676588], [-49.20457671082043, -27.387178642773044], [-49.2045038832928, -27.38717770537088], [-49.204448212444184, -27.387242010780078], [-49.20440969819821, -27.387371559016188], [-49.20438834053239, -27.3875663500896], [-49.2043841394781, -27.387826384005503], [-49.20436278163205, -27.388021175056547], [-49.20432426696283, -27.38815072323749], [-49.20426859549293, -27.38821502853795], [-49.20419576729875, -27.388214090942373], [-49.20414140876283, -27.38819713560439], [-49.20410551989849, -27.388164162546225], [-49.204088100703075, -27.388115171781873], [-49.20408915115798, -27.388050163317118], [-49.20407173198475, -27.388001172551178], [-49.20403584320196, -27.387968199478223], [-49.203981484812275, -27.387951244084302], [-49.20390865680237, -27.38795030634717], [-49.20385482373585, -27.387900846676], [-49.20381998565265, -27.387802865094013], [-49.203804142539504, -27.38765636161326], [-49.20380729433004, -27.387461336234693], [-49.20382786504922, -27.38731530164274], [-49.20386585466772, -27.387218257830607], [-49.20392126319877, -27.38717020478623], [-49.20399409069817, -27.387171142492246], [-49.204048973934285, -27.387155593628858], [-49.2040859128885, -27.387123558216352], [-49.20410490755818, -27.38707503626871], [-49.20410595795663, -27.387010027793664], [-49.2041431594377, -27.386961740243027], [-49.20421651197411, -27.38693017358673], [-49.20432601557247, -27.386915327768037], [-49.2044716702733, -27.386917202703554], [-49.20458064877935, -27.386934860928765], [-49.204652951113935, -27.38696830253095], [-49.204688577270424, -27.38701752756684]]]}, "properties": {"classe": "Media"}}, {"type": "Feature", "geometry": {"type": "Polygon", "coordinates": [[[-49.2603277163304, -27.387852575554554], [-49.260322628487714, -27.388177627769394], [-49.26033702018451, -27.388421644000648], [-49.26037089154928, -27.388584624254886], [-49.26042424261537, -27.38866656852393], [-49.26049707332093, -27.388667476784665], [-49.2605511876197, -27.38870066317756], [-49.260586585539095, -27.388766127725404], [-49.26060326707272, -27.38886387044147], [-49.26060123218031, -27.38899389132956], [-49.26058149825491, -27.389091179942483], [-49.2605440652729, -27.38915573627267], [-49.26048893324072, -27.38918756030686], [-49.26041610219477, -27.389186652026027], [-49.26036173331198, -27.389169718182128], [-49.260325826605744, -27.389136758797353], [-49.260308382073504, -27.389087773885695], [-49.260309399696744, -27.389022763452974], [-49.26029195518682, -27.38897377853968], [-49.260256048562276, -27.388940819139954], [-49.26020167982565, -27.38892388523983], [-49.26012884896357, -27.3889229768171], [-49.26007575244743, -27.38882477983565], [-49.26004239034796, -27.3886292943182], [-49.260028762617736, -27.388336520270304], [-49.26003486909113, -27.387946457680496], [-49.26005765637189, -27.387654137834236], [-49.26009712443419, -27.38745956073173], [-49.260153273325436, -27.387362726367392], [-49.260226103166374, -27.38736363472984], [-49.26027945358882, -27.387445579035607], [-49.26031332465461, -27.38760855930777], [-49.2603277163304, -27.387852575554554]]]}, "properties": {"classe": "Media"}}, {"type": "Feature", "geometry": {"type": "Polygon", "coordinates": [[[-49.27670021920731, -27.384284443586132], [-49.27669921137278, -27.384349454627536], [-49.27673486976305, -27.384398662731552], [-49.27680719441443, -27.384432067871902], [-49.27691618533329, -27.384449669991838], [-49.277061842495975, -27.38445146900418], [-49.27717083348558, -27.384469070927786], [-49.277243158325746, -27.38450247584988], [-49.27727881701013, -27.384551683827162], [-49.277277809502394, -27.38461669488592], [-49.277258846686195, -27.3846652283378], [-49.27722192854811, -27.384697284175104], [-49.27716705509068, -27.384712862383843], [-49.2770942263324, -27.384711962943687], [-49.27703910093911, -27.38474379386325], [-49.277001678874456, -27.384808355161585], [-49.27698196013208, -27.384905646851927], [-49.27697994473566, -27.385035668941857], [-49.276960225922544, -27.385132960623366], [-49.276922803669095, -27.385197521888905], [-49.276867677981656, -27.385229352725187], [-49.276794848896586, -27.3852284531132], [-49.276740479047405, -27.385211525620672], [-49.27670456844752, -27.385178570269815], [-49.276687117094404, -27.3851295870746], [-49.27668812496956, -27.385064576040854], [-49.2766706736388, -27.38501559284399], [-49.27663476312062, -27.38498263747813], [-49.276580393417554, -27.38496570992932], [-49.2765075645162, -27.38496481017535], [-49.276452690840635, -27.384980388091655], [-49.276415772372374, -27.385012443698557], [-49.27639680910887, -27.385060977010045], [-49.27639580106354, -27.385125988033835], [-49.27637683776922, -27.385174521340556], [-49.27633991921249, -27.385206576922517], [-49.27628504539589, -27.38522215476573], [-49.276212216337896, -27.385221254849874], [-49.27615734249894, -27.385236832641645], [-49.27612042386051, -27.385268888161335], [-49.276101460420065, -27.38531742142296], [-49.27610045219102, -27.38538243243424], [-49.276081488719754, -27.385430965691096], [-49.27604456999285, -27.38546302118587], [-49.27598969601284, -27.38547859890453], [-49.27591686679824, -27.385477698826783], [-49.275861992795875, -27.385493276493996], [-49.27582507398728, -27.38552533192648], [-49.27580611036988, -27.385573865138262], [-49.27580510195712, -27.385638876136994], [-49.27576793097269, -27.385687184299986], [-49.27569459738915, -27.385718789597227], [-49.27558510121284, -27.385733691971982], [-49.27543944248394, -27.385731891340765], [-49.275329946272045, -27.385746793512933], [-49.27525661253696, -27.385778398571983], [-49.27521944127236, -27.385826706574644], [-49.27521843250568, -27.38589171755091], [-49.27519946855627, -27.3859402506626], [-49.27516254941071, -27.385972305901998], [-49.275107675071524, -27.385987883255112], [-49.27503484555723, -27.385986982701642], [-49.274979971195705, -27.386002560003305], [-49.274943051968435, -27.38603461518044], [-49.2749240878729, -27.386083148247025], [-49.27492307892249, -27.386148159210762], [-49.27490411479612, -27.386196692272573], [-49.274867195480375, -27.38622874742476], [-49.274812320977794, -27.38624432465333], [-49.27473949130689, -27.386243423937948], [-49.27468461678196, -27.386259001115054], [-49.274647697384516, -27.38629105620497], [-49.27462873311202, -27.38633958922168], [-49.27462772397787, -27.38640460017291], [-49.274608759674535, -27.386453133184855], [-49.274571840188614, -27.38648518824983], [-49.27451696552264, -27.386500765353826], [-49.274444135695106, -27.386499864476548], [-49.274389261006775, -27.386515441529102], [-49.27435234143915, -27.386547496531787], [-49.27433337698969, -27.38659602949863], [-49.274332367671796, -27.386661040437332], [-49.274313403191506, -27.3867095733994], [-49.274276483535395, -27.38674162837716], [-49.27422160870602, -27.38675720535659], [-49.27414877872187, -27.386756304317405], [-49.27409390387014, -27.38677188124539], [-49.274056984132336, -27.386803936160863], [-49.2740380195059, -27.386852469077837], [-49.274037010004264, -27.386917480003987], [-49.27401804534701, -27.38696601291618], [-49.27398112552071, -27.386998067806733], [-49.273926250527936, -27.3870136446616], [-49.27385342038717, -27.387012743460502], [-49.27379854537204, -27.387028320263923], [-49.27376162546405, -27.38706037509217], [-49.27374266066065, -27.387108907959266], [-49.27374165097525, -27.38717391887289], [-49.273704478573286, -27.38722222641036], [-49.27363114342726, -27.387253830541678], [-49.27352164554356, -27.387268731210067], [-49.273375984962364, -27.387266928332096], [-49.273266234550576, -27.387298081521887], [-49.27319239423421, -27.387362190860713], [-49.27315446400307, -27.38745925640457], [-49.27315244391083, -27.387589278184244], [-49.273132721194436, -27.387686569114358], [-49.27309529583028, -27.38775112918734], [-49.2730401678247, -27.38778295838992], [-49.272967337214084, -27.387782056703063], [-49.27291246170874, -27.38779763313276], [-49.27287554129018, -27.387829687699334], [-49.272856575955856, -27.387878220416784], [-49.272855565719176, -27.38794323129282], [-49.27283660035401, -27.387991764005488], [-49.27279967984697, -27.388023818547115], [-49.27274480420057, -27.3880393949037], [-49.27267197343333, -27.388038493054925], [-49.27261709776459, -27.38805406936004], [-49.27258017717583, -27.38808612383939], [-49.27256121166453, -27.388134656506946], [-49.272560201244076, -27.388199667370447], [-49.27254123570194, -27.38824820003323], [-49.27250431502469, -27.38828025448765], [-49.27244943921489, -27.388295830719642], [-49.27237660829103, -27.38829492870894], [-49.27232173245888, -27.388310504889482], [-49.272284811699926, -27.388342559281586], [-49.272265846011635, -27.388391091899265], [-49.27226483540741, -27.388456102750215], [-49.272209454161455, -27.388504184306232], [-49.27209970223353, -27.388535336500766], [-49.2719355796364, -27.388549559205817], [-49.27171708643572, -27.388546852232036], [-49.2715529637987, -27.388561074483654], [-49.27144321165964, -27.388592226150045], [-49.27138783000579, -27.388640307359196], [-49.27138681887738, -27.388705318177607], [-49.27136785273276, -27.38875385064968], [-49.2713309315585, -27.388785904767673], [-49.27127605535716, -27.388801480517582], [-49.27120322414724, -27.3888005778791], [-49.27114834792356, -27.38881615357754], [-49.2711114266676, -27.388848207633245], [-49.27109246037682, -27.388896740060197], [-49.27109144906462, -27.38896175086609], [-49.271072482742994, -27.389010283288258], [-49.27103556139854, -27.389042337319005], [-49.27098068503379, -27.38905791294432], [-49.27090785366726, -27.389057010143897], [-49.27085297728018, -27.38907258571775], [-49.27081605585401, -27.389104639686206], [-49.27079708938623, -27.389153172063253], [-49.27079607789024, -27.389218182856602], [-49.27077711139162, -27.389266715228878], [-49.27074018987696, -27.389298769172374], [-49.2706853133488, -27.389314344673096], [-49.27061248182566, -27.389313441710723], [-49.270557605275165, -27.389329017159987], [-49.2705206836788, -27.389361071041186], [-49.270501717034016, -27.38940960336833], [-49.27050070535422, -27.38947461414913], [-49.270481738678605, -27.389523146471507], [-49.27044481699374, -27.389555200327774], [-49.270389940302174, -27.38957077570389], [-49.27031710862243, -27.38956987257957], [-49.27026223190852, -27.389585447904228], [-49.270225310141946, -27.389617501698176], [-49.27020634332016, -27.389666033975434], [-49.270205331456566, -27.389731044743677], [-49.270149948699164, -27.38977912540244], [-49.27004019500773, -27.389810275885182], [-49.26987607039501, -27.38982449606389], [-49.269657574926725, -27.389821785749202], [-49.26949395641681, -27.389803500103138], [-49.26938521489528, -27.3897696393207], [-49.269331350349375, -27.38972020352989], [-49.269332362723596, -27.389655192791622], [-49.269242082424604, -27.38960530513526], [-49.269060509550044, -27.389570540387773], [-49.26878764413308, -27.389550898193246], [-49.26842348614242, -27.389546378012884], [-49.26815062096986, -27.3895267345796], [-49.26796904864671, -27.389491968432168], [-49.267878769139784, -27.389442079926535], [-49.267879782351415, -27.389377069235696], [-49.26786233440156, -27.389328085114016], [-49.26782642530873, -27.38929512755564], [-49.267772055075476, -27.389278196546577], [-49.26769922368838, -27.389277292064634], [-49.267644853485976, -27.38926036100723], [-49.26760894448165, -27.38922740339656], [-49.26759149667286, -27.38917841924662], [-49.26759251004108, -27.38911340856323], [-49.267575062254615, -27.38906442441164], [-49.26753915333199, -27.389031466786], [-49.26748478327574, -27.389014535672338], [-49.26741195207247, -27.389013631048446], [-49.267357582047076, -27.38899669988644], [-49.267321673212955, -27.38896374220851], [-49.26730422556755, -27.388914758028665], [-49.26730523909235, -27.388849747352726], [-49.26728779146928, -27.388800763171236], [-49.267251882716856, -27.38876780547834], [-49.26719751283762, -27.388750874260076], [-49.26712468181817, -27.38874996949424], [-49.26707031196978, -27.388733038227638], [-49.26703440330586, -27.388700080482458], [-49.26701695582384, -27.3886510962727], [-49.267017969505225, -27.388586085604235], [-49.26700052204555, -27.388537101392824], [-49.266964613463315, -27.3885041436327], [-49.26691024376109, -27.38848721230983], [-49.266837412925454, -27.388486307402044], [-49.26678304325408, -27.388469376030862], [-49.26674713476035, -27.388436418218422], [-49.26672968744172, -27.388387433978778], [-49.26673070127967, -27.38832242331773], [-49.266713253983376, -27.38827343907643], [-49.26667734557134, -27.388240481249063], [-49.266622976046115, -27.3882235498216], [-49.26655014539432, -27.388222644771876], [-49.26649577589994, -27.38820571329609], [-49.26645986757641, -27.38817275541641], [-49.26644242042116, -27.388123771146873], [-49.26644343441568, -27.388058760493262], [-49.26646240253613, -27.388010228780857], [-49.266499324769086, -27.387978176001923], [-49.266554201117124, -27.387962602142466], [-49.26662703159874, -27.387963507182175], [-49.266681907924436, -27.387947933271256], [-49.26671883007571, -27.38791588043002], [-49.266737798049995, -27.387867348672472], [-49.2667388118607, -27.387802338006292], [-49.26670315704185, -27.3877531275237], [-49.26663083362982, -27.387719717198415], [-49.26652184163099, -27.387702106973723], [-49.26637618102176, -27.387700296762375], [-49.26626744261358, -27.387666433678476], [-49.26619562646006, -27.387600517810778], [-49.26616073255096, -27.38750254921528], [-49.26616276081225, -27.387372527915307], [-49.26614607449578, -27.387274785627124], [-49.26611067364174, -27.387209322346912], [-49.26605655825655, -27.387176138061406], [-49.265983728312754, -27.387175232747843], [-49.26592935942086, -27.38715830107663], [-49.265893451594266, -27.38712534306992], [-49.26587600483042, -27.38707635874174], [-49.265877019110796, -27.38701134809793], [-49.265895987268635, -27.386962816458805], [-49.265932909290534, -27.386930763816682], [-49.26598778517903, -27.386915190157538], [-49.26606061495264, -27.38691609546109], [-49.266115490818805, -27.3869005217505], [-49.26615241275901, -27.38686846904605], [-49.2661713807707, -27.38681993736179], [-49.26617239486728, -27.386754926705404], [-49.266154948027044, -27.386705942406635], [-49.2661190402685, -27.38667298445968], [-49.266064671594215, -27.386656052850526], [-49.26599184199078, -27.386655147556993], [-49.26593798046051, -27.38660571057459], [-49.26590308704359, -27.38650774192639], [-49.26588716172725, -27.386361241624503], [-49.26589020444574, -27.386166209669977], [-49.26591069376004, -27.386020162035383], [-49.265948629640185, -27.385923098714038], [-49.266004012098946, -27.385875019693835], [-49.26607684119185, -27.38587592495732], [-49.266131209493466, -27.385892856545865], [-49.266167117017176, -27.385925814481652], [-49.26618456376044, -27.385974798778673], [-49.266183549704756, -27.38603980944275], [-49.26621920378017, -27.386089020033474], [-49.26629152602306, -27.386122430524583], [-49.26640051643984, -27.386140040859352], [-49.26654617500688, -27.386141850950555], [-49.2666551654945, -27.386159461088983], [-49.26672748792631, -27.38619287136189], [-49.266763142295915, -27.386242081825987], [-49.26676212856695, -27.386307092507543], [-49.26677957562695, -27.386356076742544], [-49.266815483494426, -27.38638903452517], [-49.26686985217193, -27.38640596584143], [-49.266942681646064, -27.386406870669138], [-49.26699705035441, -27.38642380193707], [-49.267032958310374, -27.386456759667407], [-49.26705040551141, -27.38650574387416], [-49.267049391939004, -27.38657075456317], [-49.267066839162375, -27.386619738768267], [-49.26710274720002, -27.38665269648366], [-49.26715711605451, -27.386669627695326], [-49.267229945712444, -27.386670532381107], [-49.26728406123723, -27.386703716218356], [-49.2673194626563, -27.38676917922983], [-49.267336149963285, -27.386866921428826], [-49.26733412311796, -27.38699694281914], [-49.267350810460464, -27.38709468501553], [-49.267386212031, -27.38716014801418], [-49.26744032783594, -27.387193331801804], [-49.26751315784786, -27.38719423635565], [-49.26756752703442, -27.387211167421263], [-49.267603435409036, -27.387244125020853], [-49.26762088296915, -27.387293109168393], [-49.26761986969624, -27.387358119869702], [-49.26763731727869, -27.38740710401559], [-49.267673225734995, -27.38744006160021], [-49.267727595067704, -27.387456992609568], [-49.267800425263424, -27.387457897021477], [-49.267854794626984, -27.387474827982494], [-49.26789070317178, -27.387507785514824], [-49.26790815089527, -27.38755676963246], [-49.26790713777894, -27.387621780341235], [-49.26797920828197, -27.387671442697457], [-49.26812436248029, -27.387705756591288], [-49.26834260039562, -27.38772472179506], [-49.268633921995374, -27.387728337963242], [-49.26885266637332, -27.3877147970055], [-49.268998833434374, -27.387684099259854], [-49.26907242315682, -27.387636244953978], [-49.269073435592404, -27.387571234205193], [-49.26909240248918, -27.387522702074524], [-49.269129323833745, -27.387490648554238], [-49.26918419962866, -27.387475073630355], [-49.26925702989243, -27.38747597728253], [-49.269311905665006, -27.38746040230718], [-49.26934882692788, -27.3874283487246], [-49.269367793678505, -27.387379816548798], [-49.26936880593029, -27.38731480578748], [-49.269405980183464, -27.387266499495357], [-49.26947931641059, -27.38723489764244], [-49.26958881461804, -27.387220000171986], [-49.26973447484601, -27.38722180700053], [-49.26984397301792, -27.387206909327496], [-49.26991730909356, -27.387175307236344], [-49.26995448306656, -27.387127000783835], [-49.269955494964364, -27.387061989999957], [-49.26997446138293, -27.387013457723995], [-49.27001138230883, -27.386981403948255], [-49.27006625774463, -27.386965828658717], [-49.270139087708834, -27.38696673183508], [-49.270194216060155, -27.386934903795716], [-49.27023164276223, -27.386870344559615], [-49.27025136780869, -27.386773054140086], [-49.27025339122314, -27.386643032544672], [-49.27030953104687, -27.386546193648865], [-49.2704197871975, -27.38648253738439], [-49.270584159691616, -27.386452063623995], [-49.27080264864469, -27.3864547721815], [-49.270966262559746, -27.38647305608142], [-49.271075001466826, -27.386506915518726], [-49.27112886535317, -27.386556350621394], [-49.271127854163275, -27.386621361450352], [-49.271145303221154, -27.38667034522864], [-49.27118121254531, -27.386703301950423], [-49.27123558213828, -27.386720231601714], [-49.27130841198667, -27.38672113416031], [-49.27136278161048, -27.386738063763275], [-49.271398691023116, -27.38677102043275], [-49.27141614022204, -27.386820004182773], [-49.271415129188746, -27.386885015019136], [-49.2714507859087, -27.386934224386618], [-49.27152311041826, -27.386967632258976], [-49.27163210272381, -27.386985238579427], [-49.271777762801705, -27.386987043260785], [-49.27188726055982, -27.38697214395924], [-49.27196059595797, -27.386940540758257], [-49.27199776898978, -27.38689223371462], [-49.27199877968271, -27.386827222858283], [-49.272054160136825, -27.38677914134039], [-49.2721639103119, -27.38674798909441], [-49.27232803022068, -27.386733765992364], [-49.27254651992884, -27.386736471844888], [-49.27271063979772, -27.386722248289434], [-49.27282038976166, -27.386691095515353], [-49.27287576980791, -27.386643013650634], [-49.27287677997671, -27.386578002761777], [-49.27289574504739, -27.386529470022257], [-49.27293266500655, -27.386497415424348], [-49.27298753985673, -27.386481838954033], [-49.27306036961642, -27.386482740591017], [-49.273115496949856, -27.386450911344642], [-49.27315292182068, -27.386386351233917], [-49.27317264422254, -27.38628906027212], [-49.27317466417906, -27.386159038466825], [-49.273194386510134, -27.386061747496193], [-49.273231811192126, -27.385997187352654], [-49.273286938231394, -27.385965358022943], [-49.273359767664296, -27.38596625948804], [-49.27341489465399, -27.385934430105202], [-49.2734523191641, -27.38586986989344], [-49.27347204118828, -27.38577257886604], [-49.27347406075016, -27.38564255703055], [-49.27358481916122, -27.38554639266891], [-49.27380431626054, -27.385484085514957], [-49.274132552099005, -27.385455635056864], [-49.27456952693926, -27.385461040537177], [-49.27489751038389, -27.385448841007815], [-49.27511650226786, -27.38541903723219], [-49.275226502544164, -27.385371629722876], [-49.27522751128373, -27.385306618741478], [-49.27524647509689, -27.385258085616204], [-49.27528339397025, -27.385226030339357], [-49.27533826790635, -27.385210452896906], [-49.275411096923676, -27.385211353268566], [-49.27546622298573, -27.38517952302692], [-49.27550364605615, -27.385114962190986], [-49.2755233661286, -27.385017670774065], [-49.275525383226714, -27.38488764878369], [-49.275490481668044, -27.38478968214473], [-49.27541866152656, -27.38472377083387], [-49.27530992281242, -27.384689914795104], [-49.27516426547199, -27.384688113939703], [-49.275055526881154, -27.384654257707588], [-49.274983707093554, -27.38458834618748], [-49.27494880609902, -27.384490379435377], [-49.27495082382358, -27.384360357474606], [-49.27498875129859, -27.384263291279318], [-49.27506258847042, -27.384199180818726], [-49.275172335349225, -27.38416802603683], [-49.275317992009, -27.384169826852382], [-49.27542698236957, -27.384187430114107], [-49.27549930645458, -27.38422083590921], [-49.275534964257666, -27.384270044294436], [-49.275533955742496, -27.384335055296013], [-49.27555140647442, -27.38438403861159], [-49.27558731647195, -27.38441699423532], [-49.2756416857376, -27.38443392215319], [-49.27571451425798, -27.38443482234304], [-49.27576888355446, -27.38445175021257], [-49.275804793640454, -27.384484705783994], [-49.275822244513414, -27.384533689071276], [-49.275821236154854, -27.384598700080264], [-49.27585689421684, -27.384647908392825], [-49.275929218735726, -27.384681313982693], [-49.27603820971787, -27.38469891679314], [-49.27618386713961, -27.384700716736965], [-49.27629361425879, -27.384669561083093], [-49.27636745100144, -27.3846054499128], [-49.2764053773574, -27.38450838328208], [-49.27640739338032, -27.384378361221724], [-49.27642711250069, -27.384281069624535], [-49.27646453469488, -27.38421650848297], [-49.27651965996923, -27.384184677783754], [-49.2765924883601, -27.38418557750786], [-49.276646857690444, -27.384202505036207], [-49.276682767973696, -27.384235460390954], [-49.27670021920731, -27.384284443586132]]]}, "properties": {"classe": "Alta"}}, {"type": "Feature", "geometry": {"type": "Polygon", "coordinates": [[[-49.25826555022774, -27.38928986137234], [-49.25826147488709, -27.38954990280631], [-49.258222002682956, -27.38974447914874], [-49.258147133521035, -27.389873590369373], [-49.25803686742701, -27.389937236415083], [-49.257891204546496, -27.389935417209845], [-49.257782212179784, -27.389917800121918], [-49.25770989035041, -27.38988438523855], [-49.25767423905199, -27.389835172616475], [-49.2576752582481, -27.389770162281966], [-49.257694230465106, -27.389721631966058], [-49.257731155689626, -27.389689581661084], [-49.257786033924226, -27.389674011353012], [-49.25785886518743, -27.389674921021548], [-49.25791399816213, -27.389643098075954], [-49.257951432811936, -27.389578542535215], [-49.25797116913041, -27.389481254412644], [-49.25797320714114, -27.389351233715782], [-49.257956527891935, -27.38925349079621], [-49.25792113142306, -27.389188025650157], [-49.25786701774093, -27.389154838264297], [-49.257794186818124, -27.389153928615887], [-49.257739818410656, -27.389136993768926], [-49.257703912531895, -27.389104033745603], [-49.2576864691793, -27.389055048559932], [-49.25768748833431, -27.388990038217713], [-49.2577246680876, -27.388941735314], [-49.25779800841171, -27.388910139818737], [-49.2579075093131, -27.38889525167522], [-49.258053170832, -27.38889707079997], [-49.25816139810684, -27.38896344540333], [-49.258232191247316, -27.38909437557642], [-49.25826555022774, -27.38928986137234]]]}, "properties": {"classe": "Alta"}}, {"type": "Feature", "geometry": {"type": "Polygon", "coordinates": [[[-49.2570798633436, -27.390575511963835], [-49.257075785005725, -27.390835553185504], [-49.257054518185825, -27.391030356568514], [-49.25701606285153, -27.39115992210774], [-49.256960419024686, -27.3912242497928], [-49.25688758678132, -27.391223339607983], [-49.25683321753848, -27.3912064043714], [-49.25679731130955, -27.391173444105227], [-49.25677986809196, -27.391124458823473], [-49.2567808878672, -27.391059448531983], [-49.256763444671925, -27.39101046324859], [-49.25672753852468, -27.390977502967502], [-49.256673169428026, -27.3909605676747], [-49.256600337368575, -27.390959657347988], [-49.25654622327915, -27.39092646943565], [-49.256510827187164, -27.39086100396044], [-49.2564941490862, -27.390763260935664], [-49.25649618893598, -27.3906332403651], [-49.25651592675843, -27.39053595253089], [-49.25655336252999, -27.39047139742547], [-49.25660849625707, -27.390439575035543], [-49.256681327976096, -27.390440485342108], [-49.256736206710734, -27.390424915473076], [-49.25677313244245, -27.390392865448753], [-49.25679210516867, -27.39034433528314], [-49.2567931249028, -27.39027932498394], [-49.25681209759815, -27.390230794813537], [-49.25684902324133, -27.390198744764213], [-49.25690390183492, -27.390183174821985], [-49.256976733397444, -27.390184084966524], [-49.257030337480884, -27.39024977785833], [-49.25706471413688, -27.390380253520636], [-49.2570798633436, -27.390575511963835]]]}, "properties": {"classe": "Alta"}}, {"type": "Feature", "geometry": {"type": "Polygon", "coordinates": [[[-49.26175229232176, -27.389918564331335], [-49.26175025868164, -27.39004858527925], [-49.26173052551157, -27.390145874078964], [-49.261693092787965, -27.390210430722906], [-49.26163796051724, -27.390242255197805], [-49.26156512873578, -27.39024134748463], [-49.26150974217195, -27.39028942452206], [-49.261471800770195, -27.39038648632757], [-49.2614513045177, -27.390532532913237], [-49.26144825344439, -27.390727564285772], [-49.261464173166715, -27.3908740647636], [-49.26149906375048, -27.390972034345687], [-49.261552925208505, -27.391021473019933], [-49.261625757500596, -27.391022380763225], [-49.26168012749515, -27.391039314161205], [-49.261716035205545, -27.391072273236045], [-49.261733480629225, -27.391121258001775], [-49.26173246374768, -27.391186268464192], [-49.26169528486608, -27.391234572468107], [-49.26162194395702, -27.391266169983496], [-49.26151244102687, -27.391281060953613], [-49.26136677611592, -27.391279245294974], [-49.26125879889524, -27.391196620394723], [-49.261188509500705, -27.391033186344792], [-49.261155907895166, -27.390788943196103], [-49.26116099386841, -27.39046389095877], [-49.26118301622997, -27.390220328754186], [-49.26122197494874, -27.390058256579522], [-49.26127787005806, -27.389977674426582], [-49.26135070165564, -27.389978582281675], [-49.26140557961151, -27.38996301053253], [-49.26144250390714, -27.389930959199464], [-49.261461474539985, -27.389882428296474], [-49.26146249152342, -27.38981741783128], [-49.26148146212539, -27.389768886923513], [-49.261518386332504, -27.389736835565472], [-49.26157326414732, -27.38972126374315], [-49.26164609558836, -27.389722171436244], [-49.261700210751805, -27.389755357418373], [-49.26173560966507, -27.38982082171231], [-49.26175229232176, -27.389918564331335]]]}, "properties": {"classe": "Alta"}}, {"type": "Feature", "geometry": {"type": "Polygon", "coordinates": [[[-49.26260340372417, -27.391392189285593], [-49.26260238733961, -27.39145719977556], [-49.262638041373606, -27.391506411252685], [-49.262710365862524, -27.39153982369067], [-49.26281936081279, -27.39155743703281], [-49.2629650262008, -27.39155925119183], [-49.263074021221975, -27.391576864337583], [-49.26314634589989, -27.391610276557355], [-49.26318200022818, -27.391659487907845], [-49.263180984170404, -27.39172449841531], [-49.263125597491324, -27.39177257608304], [-49.263015840150736, -27.391803720844454], [-49.26285171216144, -27.391817932571563], [-49.26263321358924, -27.391815211074963], [-49.26246959380003, -27.39179691710767], [-49.262360852823754, -27.391763050864714], [-49.262306990647616, -27.391713612474085], [-49.26230800721605, -27.391648601996724], [-49.26227235329126, -27.391599390440852], [-49.262200028909646, -27.39156597778023], [-49.2620910340776, -27.391548363958126], [-49.26194536877154, -27.391546548887288], [-49.261836374010414, -27.391528934868816], [-49.261764049817806, -27.39149552198997], [-49.2617283961873, -27.39144631030748], [-49.26172941308252, -27.391381299847623], [-49.261784800128446, -27.39133322275106], [-49.2618945572849, -27.391302078951178], [-49.26205868456468, -27.391287868320045], [-49.2622771820336, -27.39129059066825], [-49.26244080103698, -27.391308884826383], [-49.26254954160477, -27.391342750989512], [-49.26260340372417, -27.391392189285593]]]}, "properties": {"classe": "Alta"}}, {"type": "Feature", "geometry": {"type": "Polygon", "coordinates": [[[-49.195059552044974, -27.38786859269903], [-49.195056384854674, -27.38806361712625], [-49.19507221639683, -27.38821012103816], [-49.195107046737924, -27.38830810443382], [-49.19516087589126, -27.388357567301163], [-49.19523370381695, -27.388358509616985], [-49.195287796956556, -27.388391720402357], [-49.195323155337306, -27.38845719968009], [-49.19533977895256, -27.388554947463504], [-49.195337667761756, -27.3886849637563], [-49.195354291411796, -27.388782711537214], [-49.19538964994321, -27.388848190802538], [-49.19544374336266, -27.388881401538978], [-49.195516571642884, -27.388882343723708], [-49.195570928987436, -27.38889930237538], [-49.19560681540962, -27.38893227751622], [-49.195624230906766, -27.38898126916023], [-49.19562317546026, -27.389046277313177], [-49.19564059097957, -27.3890952689556], [-49.19567647748329, -27.389128244081697], [-49.19573083497409, -27.38914520267746], [-49.19580366343867, -27.38914614472068], [-49.19585802096049, -27.389163103268178], [-49.19589390755285, -27.389196078342195], [-49.19591132321308, -27.389245069956704], [-49.19591026792258, -27.389310078117507], [-49.195927683604964, -27.389359069730432], [-49.195963570278856, -27.389392044789687], [-49.19601792794693, -27.389409003281283], [-49.196090756595865, -27.389409945182987], [-49.196144850504794, -27.38944315566824], [-49.196180209700955, -27.3895086347599], [-49.19619683417772, -27.389606382471218], [-49.19619472389453, -27.389736398805937], [-49.19621134840608, -27.389834146514772], [-49.196246707752934, -27.389899625593987], [-49.196300801941725, -27.38993283603032], [-49.1963736309452, -27.38993377780092], [-49.19642798894566, -27.389950736147238], [-49.19646387595637, -27.38998371109148], [-49.19648129197469, -27.39003270264767], [-49.19648023698201, -27.39009771082161], [-49.196497653022504, -27.390146702376207], [-49.19653354011476, -27.390179677305706], [-49.19658789826146, -27.3901966355961], [-49.196660727449306, -27.390197577225177], [-49.19671455819539, -27.390247039557696], [-49.19674939053962, -27.39034502261686], [-49.196765224468706, -27.390491526414753], [-49.196762059916175, -27.39068655095231], [-49.19674147907852, -27.39083258395587], [-49.19670348192647, -27.390929625418625], [-49.19664806847332, -27.39097767532853], [-49.19657523877492, -27.390976733668204], [-49.19652035275073, -27.390992279439725], [-49.19648341038215, -27.39102431266337], [-49.19646441166652, -27.391072833353135], [-49.19646335661713, -27.391137841516766], [-49.196426150413416, -27.39118612676193], [-49.1963527930281, -27.391217689058557], [-49.196243284467826, -27.391232528349914], [-49.19609762477316, -27.39123064455259], [-49.19598811617809, -27.391245483641217], [-49.19591475864208, -27.391277045699187], [-49.195877552158464, -27.39132533078322], [-49.19587649675451, -27.39139033892345], [-49.195821082721636, -27.391438388473194], [-49.19571131001995, -27.391469479365806], [-49.195547178662764, -27.39148361147331], [-49.19532868871654, -27.391480784606454], [-49.195165085234194, -27.391462412203552], [-49.195056368244956, -27.391428494459717], [-49.195002537735526, -27.39137903150292], [-49.195003593650064, -27.391314023393964], [-49.19498617812813, -27.391265031683545], [-49.19495029118832, -27.391232056365876], [-49.19489593283332, -27.391215097426937], [-49.19482310304982, -27.39121415484451], [-49.19476874472584, -27.391197195857295], [-49.19473285787468, -27.391164220487532], [-49.19471544249368, -27.39111522874921], [-49.194716498564226, -27.391050220648104], [-49.194699083205386, -27.391001228908195], [-49.194663196435776, -27.390968253523685], [-49.194608838258056, -27.390951294480576], [-49.194536008658936, -27.390950351756622], [-49.19448217861222, -27.390900888618116], [-49.1944473481578, -27.390802905088286], [-49.19443151728236, -27.390656401179175], [-49.19443468591942, -27.39046137689173], [-49.19441885508206, -27.390314872977537], [-49.1943840248368, -27.39021688943566], [-49.19433019519692, -27.390167426254024], [-49.19425736612256, -27.390166483409413], [-49.19420327248334, -27.390133272205354], [-49.19416791430652, -27.390067792664667], [-49.194151291585435, -27.389970044800652], [-49.19415340427954, -27.389840028617005], [-49.19417319598859, -27.3897427522023], [-49.19421066668934, -27.389678215548923], [-49.19426581638843, -27.389646418643565], [-49.19433864512242, -27.389647361467315], [-49.194394058820194, -27.389599312482854], [-49.19443205742589, -27.389502271707567], [-49.1944526409262, -27.389356239153496], [-49.19445580935037, -27.389161214827435], [-49.19443997856608, -27.389014710897307], [-49.194405148639824, -27.388916727362197], [-49.19435131958489, -27.388867264210013], [-49.19427849136142, -27.38886632141755], [-49.194225190516335, -27.388784354167676], [-49.19419141711077, -27.38862136248364], [-49.19417717111013, -27.38837734637366], [-49.19418245238408, -27.388052305830886], [-49.194241033926126, -27.387809232522113], [-49.19435291555286, -27.387648126377645], [-49.19451809730953, -27.38756898727529], [-49.19473657947001, -27.387571815040477], [-49.19489964925692, -27.387622691745175], [-49.19500730678989, -27.38772161758935], [-49.195059552044974, -27.38786859269903]]]}, "properties": {"classe": "Media"}}, {"type": "Feature", "geometry": {"type": "Polygon", "coordinates": [[[-49.26230800721605, -27.391648601996724], [-49.262306990647616, -27.391713612474085], [-49.262360852823754, -27.391763050864714], [-49.26246959380003, -27.39179691710767], [-49.26263321358924, -27.391815211074963], [-49.26285171216144, -27.391817932571563], [-49.263015332070566, -27.391836226094718], [-49.26312407334655, -27.391870091839507], [-49.26317793597662, -27.391919529933883], [-49.2631769199052, -27.39198454043881], [-49.2632307826125, -27.392033978515677], [-49.26333952415407, -27.392067844103572], [-49.26350314454272, -27.392086137074514], [-49.263721643748475, -27.392088857233446], [-49.26388526425701, -27.39210714976025], [-49.26399400609829, -27.392141014849955], [-49.26404786925951, -27.392190452630558], [-49.264046853685116, -27.39225546316301], [-49.263955050470535, -27.392303087907443], [-49.263772459553884, -27.39233332668144], [-49.263499080968444, -27.39234617912905], [-49.26313491484263, -27.3923416447208], [-49.26286204437236, -27.39232199066867], [-49.26268046958879, -27.392287217511495], [-49.26259019045862, -27.39223732560526], [-49.26259120688415, -27.39217231512296], [-49.262555552675124, -27.392123103629363], [-49.26248322786795, -27.3920896910982], [-49.26237423246902, -27.392072077472715], [-49.262228566454745, -27.392070262665662], [-49.262119571126725, -27.39205264884381], [-49.26204724650855, -27.392019236094402], [-49.26201159259383, -27.391970024474187], [-49.26201260934615, -27.3919050140094], [-49.261995163694465, -27.391856029272375], [-49.26195925565729, -27.391823070257278], [-49.26190488523719, -27.391806136950112], [-49.26183205242078, -27.391805229328668], [-49.26177768203155, -27.391788295973157], [-49.2617417740829, -27.39175533690577], [-49.26172432857228, -27.39170635214052], [-49.26172534548116, -27.39164134168323], [-49.261762524496646, -27.39159303767973], [-49.26183586559131, -27.391561440099984], [-49.26194536877154, -27.391546548887288], [-49.2620910340776, -27.391548363958126], [-49.262200028909646, -27.39156597778023], [-49.26227235329126, -27.391599390440852], [-49.26230800721605, -27.391648601996724]]]}, "properties": {"classe": "Media"}}, {"type": "Feature", "geometry": {"type": "Polygon", "coordinates": [[[-49.26028090495384, -27.39084305532666], [-49.26027988723487, -27.39090806574144], [-49.26029733199317, -27.39095705065722], [-49.260333239247274, -27.3909900100682], [-49.26038760899973, -27.391006943960356], [-49.260460441237136, -27.391007852311517], [-49.26051430222586, -27.391057291366018], [-49.26054919200606, -27.391155261146956], [-49.260565110564926, -27.391301761666426], [-49.260562057836644, -27.391496792925494], [-49.26054156010555, -27.391642839289904], [-49.26050361734173, -27.391739900752945], [-49.260448229558, -27.391787977302556], [-49.26037539680993, -27.391787068921253], [-49.260320517817284, -27.39180264021223], [-49.26028359256154, -27.391834691195825], [-49.26026462104014, -27.39188322188603], [-49.26026360326648, -27.391948232290552], [-49.2602446317142, -27.391996762975964], [-49.26020770636993, -27.392028813934573], [-49.260152827236226, -27.39204438515237], [-49.260079994331605, -27.39204347660905], [-49.260025115175566, -27.39205904777537], [-49.259988189749606, -27.392091098671642], [-49.25996921805114, -27.392139629311874], [-49.25996820009357, -27.392204639703788], [-49.259931020105526, -27.392252943178804], [-49.259857678059596, -27.39228453970692], [-49.259748173962166, -27.392299429231382], [-49.259602507853515, -27.392297611668717], [-49.25949300372064, -27.39231250099054], [-49.25941966152329, -27.392344097280315], [-49.25938248125504, -27.392392400594822], [-49.25938146294334, -27.392457410964045], [-49.25930786603007, -27.392505259780084], [-49.259161690463586, -27.392535946925523], [-49.258942936265704, -27.392549472172654], [-49.2586516035317, -27.392545835183412], [-49.258433868170016, -27.392494349290907], [-49.25828973033558, -27.39239501484734], [-49.2582191899963, -27.392247832078485], [-49.258222246933066, -27.39205280108377], [-49.25820633143024, -27.391906300451087], [-49.25817144355365, -27.391808330179362], [-49.25811758331614, -27.39175889025654], [-49.25804475067755, -27.391757980659467], [-49.25798987142657, -27.39177355101852], [-49.25795294554467, -27.391805601354015], [-49.2579339730293, -27.391854131679942], [-49.25793295389385, -27.39191914200402], [-49.257913981347606, -27.391967672325162], [-49.25787705537718, -27.39199972263566], [-49.25782217598514, -27.39201529292151], [-49.257749343190014, -27.39201438316242], [-49.25769497341596, -27.391997448239483], [-49.25765906667637, -27.39196448817492], [-49.257641622968684, -27.391915502982727], [-49.25764264227436, -27.3918504926687], [-49.25760699042681, -27.391801280014576], [-49.25753466746245, -27.391767864994076], [-49.257425673387694, -27.39175024755047], [-49.25728000817898, -27.39174842759649], [-49.257171014175185, -27.391730809956517], [-49.25709869139988, -27.391697394717813], [-49.25706303984665, -27.39164818193711], [-49.25706405947907, -27.39158317164068], [-49.257046616088154, -27.391534186386544], [-49.25701070969244, -27.391501226168884], [-49.25695634029448, -27.39148429097372], [-49.25688350788089, -27.39148338077885], [-49.256829138513815, -27.391466445535354], [-49.256793232206626, -27.391433485265434], [-49.256775788956766, -27.39138449998309], [-49.256776808745705, -27.39131948969415], [-49.25683219778745, -27.39127141466335], [-49.25694195604183, -27.391240274824103], [-49.2571060835217, -27.39122607004844], [-49.25732458029291, -27.391228800146973], [-49.25748819804964, -27.39124710007514], [-49.257596936821784, -27.391280970028028], [-49.25765079659651, -27.391330410133573], [-49.25764977731822, -27.391395420452703], [-49.257758261484994, -27.391445542868507], [-49.257976249217606, -27.39148077713053], [-49.258303740563555, -27.39150112272614], [-49.25874073549704, -27.391506578880456], [-49.259068736391725, -27.39149441750688], [-49.25928774308191, -27.39146463936899], [-49.259397755520126, -27.39141724497942], [-49.2593987737771, -27.391352234599935], [-49.25941774556561, -27.391303704037462], [-49.25945467087226, -27.391271653284274], [-49.25950954969962, -27.3912560823264], [-49.25958238206622, -27.39125699114351], [-49.259637260871266, -27.391241420134154], [-49.259674186096234, -27.391209369318638], [-49.25969315773855, -27.39116083871097], [-49.259694175811624, -27.39109582831888], [-49.25971314742308, -27.391047297706425], [-49.25975007255951, -27.391015246865944], [-49.2598049512235, -27.390999675783387], [-49.25987778343356, -27.39100058443848], [-49.25993266207522, -27.39098501330446], [-49.25996958712997, -27.390952962401634], [-49.25998855859524, -27.390904431744016], [-49.25998957648442, -27.39083942133928], [-49.260008547918815, -27.390790890676875], [-49.26004547288504, -27.390758839749072], [-49.260100351385645, -27.390743268541854], [-49.26017318343917, -27.390744177034932], [-49.26022755304544, -27.39076111098333], [-49.26026346021785, -27.39079407040924], [-49.26028090495384, -27.39084305532666]]]}, "properties": {"classe": "Media"}}, {"type": "Feature", "geometry": {"type": "Polygon", "coordinates": [[[-49.2654598819517, -27.3950690399667], [-49.26545886707845, -27.395134050521065], [-49.265476314713446, -27.39518303489776], [-49.2655122248752, -27.39521599309099], [-49.26556659756626, -27.3952329250867], [-49.26563943277324, -27.39523383086274], [-49.26569304443728, -27.39529952073072], [-49.26572743261006, -27.395429994713872], [-49.26574259726989, -27.395625252822576], [-49.26573853832157, -27.395885295054423], [-49.265717285132865, -27.396080100287257], [-49.26567883767124, -27.396209668515954], [-49.265623195958426, -27.396273999730088], [-49.26555036007041, -27.39627309391398], [-49.26549649433269, -27.39622365661825], [-49.265461598785485, -27.39612568786603], [-49.26544567341601, -27.395979187669386], [-49.26544871815848, -27.395784156029382], [-49.26543279282876, -27.395637655827493], [-49.265397897492626, -27.39553968706264], [-49.26534403216287, -27.395490249722748], [-49.265271196799276, -27.395489343784696], [-49.26521707779441, -27.39545615903496], [-49.26518167517572, -27.3953906954963], [-49.26516498893681, -27.395292953182008], [-49.26516701903745, -27.39516293209589], [-49.265186750374106, -27.39506564277788], [-49.265224182923184, -27.395001085220418], [-49.265279316691064, -27.394969259410185], [-49.265352151714154, -27.394970165328203], [-49.265406524259014, -27.3949870973802], [-49.26544243433905, -27.39502005558836], [-49.2654598819517, -27.3950690399667]]]}, "properties": {"classe": "Alta"}}, {"type": "Feature", "geometry": {"type": "Polygon", "coordinates": [[[-49.27855816715349, -27.396011608625113], [-49.278557159901204, -27.396076619620928], [-49.27882954057246, -27.39612874900068], [-49.27937530955132, -27.39616799517553], [-49.28019446712436, -27.396194354939368], [-49.28128701348049, -27.396207823468803], [-49.28210617245034, -27.396234172033616], [-49.28265194384505, -27.39627340545719], [-49.282924327378396, -27.396325526945642], [-49.28292332266663, -27.39639053808786], [-49.28295898746271, -27.396439744824328], [-49.283031321803, -27.396473147128795], [-49.28314032569382, -27.396490744944472], [-49.283285999111484, -27.396492538184134], [-49.283395003073025, -27.396510135803368], [-49.28346733760214, -27.396543537889404], [-49.28350300269252, -27.396592744499028], [-49.2835019983078, -27.39665775565852], [-49.28348303580198, -27.39670628990755], [-49.28344611516163, -27.396738347238458], [-49.283391236389285, -27.39675392763718], [-49.283318399503436, -27.39675303108345], [-49.2832635207087, -27.39676861143072], [-49.28322659998659, -27.39680066869933], [-49.28320763733458, -27.396849202903294], [-49.28320663276608, -27.3969142140503], [-49.28318767008324, -27.396962748249493], [-49.283150749272615, -27.39699480549319], [-49.28309587033674, -27.397010385767356], [-49.283023033294114, -27.39700948905169], [-49.282968154335855, -27.397025069274395], [-49.28293123344347, -27.397057126455802], [-49.282912270614425, -27.397105660609924], [-49.282911265862154, -27.397170671744444], [-49.28276483795403, -27.397217636419462], [-49.28247298680475, -27.397246554171822], [-49.282035712496594, -27.397257424089716], [-49.28145301527952, -27.39725024481257], [-49.28101574104201, -27.397261111525747], [-49.28072388953416, -27.397290025589815], [-49.2805774606736, -27.397336987916553], [-49.28057645454559, -27.397401998969123], [-49.28050286271263, -27.397449859213374], [-49.28035668512289, -27.39748056853191], [-49.28013792179794, -27.39749412669698], [-49.279846572832675, -27.397490533370384], [-49.27962780947209, -27.397504090731125], [-49.279481631621245, -27.39753479911741], [-49.27940803925859, -27.397582658756985], [-49.27940703243594, -27.39764766976726], [-49.279260602618265, -27.397694630661036], [-49.27896874972035, -27.397723540975164], [-49.27853147382465, -27.39773439979782], [-49.27794877518136, -27.397727205768437], [-49.27751149935689, -27.39773806138631], [-49.27721964610105, -27.397766968011993], [-49.27707321533132, -27.397813926557333], [-49.27707220713288, -27.397878937485494], [-49.27701682292183, -27.397927020768126], [-49.276907062657905, -27.397958176338676], [-49.2767429263538, -27.39797240406914], [-49.27652441407518, -27.39796970377002], [-49.276360277731065, -27.39798393104686], [-49.27625051725575, -27.39801508608911], [-49.27619513263654, -27.39806316902481], [-49.27619412391369, -27.39812817992055], [-49.276156948597645, -27.39817648791925], [-49.27608360666091, -27.398208092990945], [-49.27597409810985, -27.398222995078843], [-49.27582842298464, -27.398221194099435], [-49.275719418901105, -27.398203590545545], [-49.275647085882916, -27.398170184504405], [-49.27561142392371, -27.3981209760328], [-49.275612432987124, -27.398055965156978], [-49.275594980429894, -27.39800698184012], [-49.27555906627052, -27.39797402607636], [-49.27550469051155, -27.39795709785169], [-49.27543185313957, -27.39795619714392], [-49.27537747741145, -27.397939268870886], [-49.27534156334061, -27.397906313054783], [-49.27532411092451, -27.397857329709623], [-49.27532512014464, -27.39779231884121], [-49.27528945844451, -27.397743110296894], [-49.27521712586051, -27.397709704050403], [-49.275108122398976, -27.397692100044956], [-49.274962448036256, -27.39769029819331], [-49.27485344464552, -27.397672693991407], [-49.274781112250444, -27.39763928752654], [-49.27474545084466, -27.397590078855455], [-49.274746460391796, -27.397525068004402], [-49.27472900829266, -27.397476084597088], [-49.27469309456577, -27.39744312862764], [-49.27463871921366, -27.39742620008208], [-49.27456588222293, -27.397425298938202], [-49.27451175932104, -27.397392117633164], [-49.274476350535444, -27.39732665618973], [-49.2744596558598, -27.397228914621188], [-49.274461675253924, -27.39709889293136], [-49.2744449806139, -27.397001151360193], [-49.27440957197993, -27.39693568990388], [-49.274355449358374, -27.39690250854913], [-49.274282612721755, -27.396901607273172], [-49.27422899506666, -27.39683592045157], [-49.27419459644486, -27.396705448107507], [-49.27417941683472, -27.396510190251405], [-49.27418345614122, -27.396250146880874], [-49.274241112643786, -27.39605579032524], [-49.274352386187104, -27.3959271205149], [-49.27451727680299, -27.395864137325496], [-49.27473578471032, -27.395866840577742], [-49.27489941331462, -27.395885120510478], [-49.27500816264598, -27.395918977318782], [-49.27506203269168, -27.39596841113062], [-49.275061023396205, -27.396033422007], [-49.27511489351917, -27.396082855801303], [-49.2752236431161, -27.39611671245257], [-49.2753872721997, -27.3961349918328], [-49.27560578073988, -27.396137693746915], [-49.27576940994312, -27.396155972682877], [-49.27587815983952, -27.396189828835766], [-49.27593203041636, -27.39623926233357], [-49.27593102161811, -27.396304273237273], [-49.27596668318701, -27.39635348161893], [-49.2760390151594, -27.39638688745229], [-49.27614801754165, -27.396404490680574], [-49.276293690310084, -27.39640629121655], [-49.27640319702728, -27.396391388789112], [-49.27647653765305, -27.39635978348177], [-49.27651371218106, -27.3963114753513], [-49.27651472063875, -27.396246464427698], [-49.27655189510995, -27.396198156283756], [-49.27662523556714, -27.396166550889497], [-49.2767347420167, -27.396151648188148], [-49.27688041449881, -27.396153448096197], [-49.276989920912726, -27.3961385451922], [-49.27706326121829, -27.39610693955966], [-49.27710043540914, -27.396058631255347], [-49.27710144351276, -27.39599362030927], [-49.27719324473622, -27.395945986812027], [-49.27737583901748, -27.395915730581162], [-49.277649226389556, -27.3959028512607], [-49.278013406980506, -27.39590734832101], [-49.27828629062786, -27.39592697323971], [-49.27846787736318, -27.39596172655575], [-49.27855816715349, -27.396011608625113]]]}, "properties": {"classe": "Alta"}}, {"type": "Feature", "geometry": {"type": "Polygon", "coordinates": [[[-49.26484725107141, -27.39697960247749], [-49.26484522043928, -27.397109623507674], [-49.26482548833854, -27.39720691271933], [-49.2647880547456, -27.397271470104894], [-49.26473291966684, -27.39730329565108], [-49.264660083138665, -27.397302389338883], [-49.26460494801033, -27.397334214831893], [-49.26456751424541, -27.39739877214916], [-49.264547781837514, -27.39749606130394], [-49.26454575081025, -27.397626082303816], [-49.26452601833145, -27.39772337144974], [-49.26448858437749, -27.39778792873412], [-49.26443344895477, -27.397819754143693], [-49.2643606120997, -27.39781884765943], [-49.26430547662739, -27.39785067301583], [-49.26426804250145, -27.397915230231916], [-49.26424830971548, -27.398012519320957], [-49.26424627829308, -27.398142540290532], [-49.264262963998675, -27.39824028265898], [-49.264298366872495, -27.398305746422515], [-49.26435248692095, -27.39833893156782], [-49.26442532411659, -27.398339838072136], [-49.264478174733966, -27.398454286282593], [-49.26451103885158, -27.39868227622128], [-49.26452391640546, -27.399023807890647], [-49.264516807189196, -27.39947888127359], [-49.26449326562466, -27.399819959667674], [-49.26445329169476, -27.400047043076857], [-49.26439688546346, -27.400160131498655], [-49.2643240470758, -27.400159224924167], [-49.26427094196613, -27.400061029268393], [-49.2642375702053, -27.399865544554043], [-49.26422393174596, -27.39957277078669], [-49.26423002642258, -27.399182707954864], [-49.26421638796188, -27.39888993416426], [-49.26418301652939, -27.398694449426376], [-49.26412991217241, -27.398596253735597], [-49.264057074820144, -27.39859534706924], [-49.26400346268332, -27.398529656572705], [-49.26396907581365, -27.39839918226918], [-49.26395391418937, -27.398203924169103], [-49.263957977715286, -27.39794388227007], [-49.263979234522004, -27.397749077515307], [-49.264017684577034, -27.397619509899712], [-49.26407332790211, -27.397555179412898], [-49.26414616457326, -27.397556086039142], [-49.26420129993635, -27.397524260739782], [-49.26423873395498, -27.397459703533855], [-49.26425846662275, -27.397362414434628], [-49.26426049796326, -27.397232393449666], [-49.26428023056011, -27.397135104341555], [-49.2643176643897, -27.39707054710275], [-49.26437279945842, -27.39703872171996], [-49.26444563580268, -27.397039628174138], [-49.26450051694257, -27.397024055364025], [-49.26453744285957, -27.396992003309922], [-49.26455641355113, -27.39694347202584], [-49.264557429030646, -27.3968784615195], [-49.26457639969133, -27.396829930230634], [-49.26461332551978, -27.396797878151567], [-49.264668206518564, -27.39678230526826], [-49.2647410427062, -27.39678321156042], [-49.26479516218156, -27.396816396512406], [-49.264830564972094, -27.396881860147005], [-49.26484725107141, -27.39697960247749]]]}, "properties": {"classe": "Alta"}}, {"type": "Feature", "geometry": {"type": "Polygon", "coordinates": [[[-49.26507768170571, -27.400883857459828], [-49.265075651004885, -27.401013878433155], [-49.265092337730195, -27.40111162071797], [-49.2651277419219, -27.40117708431046], [-49.26518186358638, -27.40121026919734], [-49.26525470269619, -27.401211175355833], [-49.26530882441752, -27.401244360195804], [-49.26534422877782, -27.401309823740032], [-49.26536091577071, -27.40140756600178], [-49.26535888535592, -27.401537586984876], [-49.26537557238434, -27.40163532924404], [-49.2654109768962, -27.401700792775422], [-49.26546509889789, -27.40173397756576], [-49.26553793836196, -27.40173488359225], [-49.26559231419149, -27.401751815711442], [-49.26562822639986, -27.401784773945536], [-49.26564567498454, -27.401833758308534], [-49.26564465992701, -27.40189876880627], [-49.265662108534045, -27.401947753167605], [-49.26569802082417, -27.401980711386727], [-49.265752396799954, -27.401997643449636], [-49.26582523644797, -27.40199854933412], [-49.265879612454626, -27.40201548134866], [-49.26591552483332, -27.40204843951546], [-49.26593297358149, -27.40209742384853], [-49.26593195868063, -27.402162434353727], [-49.26594940745117, -27.402211418685148], [-49.26598531991161, -27.40224437683701], [-49.26603969606452, -27.40226130879525], [-49.2661125358965, -27.402262214537703], [-49.26616564361493, -27.402360409586944], [-49.266199019290724, -27.40255589396564], [-49.26621266287656, -27.402848667679418], [-49.26620657420699, -27.40323873071676], [-49.26618379745712, -27.403531051549628], [-49.26614433260078, -27.403725630178243], [-49.26608817968529, -27.403822466596985], [-49.26601533883137, -27.40382156079443], [-49.26596197688746, -27.403739618304073], [-49.26592809391549, -27.403576639148984], [-49.265913689882225, -27.403332623337423], [-49.26591876465924, -27.40300757086278], [-49.2659043606474, -27.402763555035612], [-49.265870477975106, -27.402600575862547], [-49.2658171166756, -27.402518633335273], [-49.265744276686945, -27.40251772743076], [-49.26568990046251, -27.402500795354115], [-49.26565398801571, -27.40246783712752], [-49.26563653934397, -27.402418852765013], [-49.265637554428785, -27.402353842272415], [-49.2656201057794, -27.402304857908252], [-49.26558419341434, -27.40227189966672], [-49.265529817336166, -27.40225496753378], [-49.26545697753147, -27.402254061487238], [-49.265402601484176, -27.40223712930594], [-49.26536668920769, -27.40220417101206], [-49.26534924069945, -27.402155186619648], [-49.26535025594094, -27.402090176134493], [-49.26533280745505, -27.402041191740427], [-49.265296895260306, -27.402008233431605], [-49.265242519359276, -27.401991301194013], [-49.26516967973853, -27.401990395005463], [-49.26511555771131, -27.401957210099877], [-49.26508015330508, -27.40189174650005], [-49.26506346651342, -27.40179400421926], [-49.2650654972961, -27.40166398326131], [-49.26504881053998, -27.40156624097792], [-49.26501340628529, -27.40150077736525], [-49.26495928453844, -27.401467592410043], [-49.26488644527196, -27.401466686089492], [-49.264832577460446, -27.401417248468906], [-49.2647976811441, -27.401319279571428], [-49.26478175631016, -27.401172779409105], [-49.26478480289278, -27.40097774798303], [-49.26480529752084, -27.400831701001543], [-49.26484324016435, -27.400734638457934], [-49.26489863083609, -27.4006865603401], [-49.26497146959165, -27.400687466630583], [-49.26502559097578, -27.4007206515671], [-49.26506099501593, -27.400786115172405], [-49.26507768170571, -27.400883857459828]]]}, "properties": {"classe": "Alta"}}, {"type": "Feature", "geometry": {"type": "Polygon", "coordinates": [[[-49.26585989200574, -27.406778178583526], [-49.265858876859404, -27.406843189042558], [-49.26587632621236, -27.40689217338445], [-49.265912240083104, -27.406925131603384], [-49.2659666184742, -27.40694206368532], [-49.26603946137225, -27.40694296960806], [-49.266093839794245, -27.406959901641624], [-49.26612975375358, -27.40699285980822], [-49.266147203247705, -27.407041844121846], [-49.2661461882581, -27.40710685458833], [-49.26612721625294, -27.40715538597288], [-49.266090287218816, -27.40718743826776], [-49.266035401158284, -27.407203011458996], [-49.265962558089875, -27.40720210552623], [-49.26590411901117, -27.407445215261216], [-49.26586008353683, -27.407932340644194], [-49.26583045137788, -27.408663481635344], [-49.26581522234167, -27.409638638174776], [-49.265785588776616, -27.41036977895079], [-49.265741550875305, -27.41085690402328], [-49.26568310892673, -27.411100013432115], [-49.2656102633163, -27.411099107196996], [-49.26555639074212, -27.41104966968908], [-49.26552149124445, -27.4109517009315], [-49.265505564810496, -27.41080520093633], [-49.265508611374436, -27.410610169704654], [-49.26549268498027, -27.41046366970423], [-49.265457785693854, -27.410365700934022], [-49.26540391352796, -27.41031626338189], [-49.26533106844234, -27.41031535702474], [-49.26527770417681, -27.410233414223597], [-49.26524382079332, -27.410070435001536], [-49.26522941825863, -27.40982641936681], [-49.26523449644426, -27.40950136731284], [-49.26525651612427, -27.409257804858772], [-49.26529547726741, -27.409095732001806], [-49.26535137990695, -27.40901514873369], [-49.26542422414066, -27.409016055040738], [-49.26548114210485, -27.408870461287428], [-49.265522133602076, -27.408578367476938], [-49.265547198527436, -27.408139773604063], [-49.265556336868684, -27.40755467965521], [-49.26558140119212, -27.407116085697737], [-49.26562239151004, -27.406823991745284], [-49.26567930792731, -27.406678397803045], [-49.26575215064136, -27.406679303867847], [-49.26580652888617, -27.406696236006088], [-49.26584244267515, -27.40672919423997], [-49.26585989200574, -27.406778178583526]]]}, "properties": {"classe": "Alta"}}, {"type": "Feature", "geometry": {"type": "Polygon", "coordinates": [[[-49.26663151029605, -27.413355103916924], [-49.266624405367985, -27.413810176873874], [-49.26660086464997, -27.414151255114824], [-49.26656088812477, -27.41437833864375], [-49.26650447585629, -27.414491427458174], [-49.266431627989604, -27.414490521549165], [-49.26637876864447, -27.414376073882185], [-49.26634589789948, -27.414148084479294], [-49.26633301569069, -27.413806553342987], [-49.26634012181168, -27.413351480456143], [-49.26636366301555, -27.41301040225123], [-49.266403639285066, -27.412783318732227], [-49.266460050684174, -27.41267022989664], [-49.26653289735793, -27.41267113573555], [-49.266585756155855, -27.412785583340455], [-49.26661862715653, -27.41301357273342], [-49.26663151029605, -27.413355103916924]]]}, "properties": {"classe": "Alta"}}, {"type": "Feature", "geometry": {"type": "Polygon", "coordinates": [[[-49.26631169632537, -27.41517177181502], [-49.26630458953613, -27.415626844576227], [-49.26628104712737, -27.415967922614804], [-49.26624106908185, -27.416195005934746], [-49.266184655463505, -27.41630809453356], [-49.266111806417435, -27.41630718840232], [-49.2660589466531, -27.416192740617596], [-49.26602607624907, -27.415964751201468], [-49.26601319514145, -27.415623220156426], [-49.26602030312371, -27.415168147465344], [-49.26604384601834, -27.41482706946281], [-49.26608382380812, -27.41459998615281], [-49.26614023655698, -27.414486897532832], [-49.26621308441002, -27.41448780359396], [-49.266265943627126, -27.414602251316584], [-49.266298814286884, -27.414830240722775], [-49.26631169632537, -27.41517177181502]]]}, "properties": {"classe": "Alta"}}, {"type": "Feature", "geometry": {"type": "Polygon", "coordinates": [[[-49.26660461218761, -27.415077879945425], [-49.26659852171748, -27.415467942379944], [-49.26661216596054, -27.415760715659943], [-49.266645545082326, -27.41595619979689], [-49.26669865913014, -27.416054394785206], [-49.26677150803305, -27.41605530060217], [-49.26682538347592, -27.416104737744416], [-49.26686028549903, -27.41620270623503], [-49.266876214089585, -27.416349206086153], [-49.26687316918176, -27.416544237298837], [-49.26685267314956, -27.416690284262046], [-49.266814725962966, -27.416787346969073], [-49.26675932763475, -27.416835425407836], [-49.266686478220514, -27.416834519560826], [-49.26663234872576, -27.416801334954414], [-49.26659693917796, -27.416735871611362], [-49.26658024957074, -27.416638129545017], [-49.26658227986381, -27.41650810875916], [-49.26656559029216, -27.41641036669019], [-49.266530180896055, -27.416344903334313], [-49.266476051681884, -27.4163117186782], [-49.26640320262218, -27.41631081269909], [-49.26635034254934, -27.416196365010947], [-49.26631747154196, -27.415968375635817], [-49.26630458953613, -27.415626844576227], [-49.26631169632537, -27.41517177181502], [-49.26633523832866, -27.41483069372188], [-49.266375215528754, -27.414603610300755], [-49.266431627989604, -27.414490521549165], [-49.26650447585629, -27.414491427458174], [-49.266557589150594, -27.414589622481607], [-49.26659096794347, -27.41478510664215], [-49.26660461218761, -27.415077879945425]]]}, "properties": {"classe": "Media"}}, {"type": "Feature", "geometry": {"type": "Polygon", "coordinates": [[[-49.26713665772902, -27.418335646155978], [-49.267134627926865, -27.41846566694598], [-49.26715131820739, -27.418563408956903], [-49.26718672861087, -27.418628872184918], [-49.26724085914369, -27.41866205661673], [-49.26731370977837, -27.418662962229533], [-49.2673673329787, -27.41872865181443], [-49.267401728796465, -27.418859125394654], [-49.26741689720994, -27.419054382980605], [-49.267412838123896, -27.419314424569894], [-49.26739158097481, -27.419509229361623], [-49.26735312573006, -27.419638797350697], [-49.267297472411386, -27.419703128526645], [-49.26722462109484, -27.419702222873795], [-49.267170743811675, -27.419652785820972], [-49.26713584060216, -27.4195548173913], [-49.26711991145351, -27.41940831759689], [-49.2671229562999, -27.4192132864388], [-49.26710702719111, -27.419066786639128], [-49.267072124192985, -27.4189688181968], [-49.267018247318305, -27.418919381099702], [-49.26694539652679, -27.418918475324737], [-49.26689151973458, -27.418869038182063], [-49.266856616981926, -27.418771069694806], [-49.26684068825605, -27.41862456987508], [-49.266843733491115, -27.41842953872395], [-49.266864229989686, -27.418283491812282], [-49.26690217772172, -27.41818642913337], [-49.26695757669999, -27.41813835067514], [-49.267030426980114, -27.41813925642007], [-49.267084557232316, -27.418172440901568], [-49.267119967484085, -27.41823790414244], [-49.26713665772902, -27.418335646155978]]]}, "properties": {"classe": "Alta"}}, {"type": "Feature", "geometry": {"type": "Polygon", "coordinates": [[[-49.267711344593316, -27.418862973654573], [-49.267709315418486, -27.418992994474362], [-49.267726006261555, -27.419090736436548], [-49.267761417162795, -27.419156199537316], [-49.267815548128596, -27.419189383763353], [-49.26788839913146, -27.419190289091883], [-49.2679420229216, -27.419255978478457], [-49.267976419550806, -27.41938645194631], [-49.267991588997354, -27.419581709505856], [-49.26798753116603, -27.419841751154685], [-49.2680027006478, -27.42003700870464], [-49.268037097537885, -27.420167482158107], [-49.268090721858016, -27.420233171504645], [-49.26816357355639, -27.420234076721048], [-49.2682177051587, -27.42026726081591], [-49.26825311669243, -27.420332723812027], [-49.268269808151196, -27.4204304657227], [-49.26826777949472, -27.420560486551746], [-49.26824804499798, -27.420657775881505], [-49.268210604637304, -27.420722333704436], [-49.26815545841908, -27.420754160007213], [-49.26808260637975, -27.4207532547708], [-49.26802822097247, -27.420736323217554], [-49.26799230221068, -27.42070336536967], [-49.26797485009181, -27.420654381241203], [-49.26797586459734, -27.42058937083796], [-49.267958412500846, -27.420540386707845], [-49.26792249382089, -27.420507428844996], [-49.26786810856001, -27.420490497235395], [-49.26779525670478, -27.420489591856832], [-49.26774112513378, -27.420456407599666], [-49.26770571387451, -27.420390944486716], [-49.267689022920564, -27.420293202531248], [-49.26769105223169, -27.4201631817371], [-49.26767436131335, -27.420065439779027], [-49.26763895020581, -27.4199999766532], [-49.267584818915466, -27.419966792346333], [-49.26751196741481, -27.41996588683563], [-49.26745859726446, -27.41988394468776], [-49.267424708526406, -27.41972096592579], [-49.26741030116742, -27.419476950557993], [-49.267415375059066, -27.419151898577788], [-49.267437393122314, -27.41890833596745], [-49.26747635532583, -27.418746262724188], [-49.267532261702854, -27.418665678839734], [-49.267605112351156, -27.4186665843004], [-49.26765924303633, -27.418699768576136], [-49.267694653785846, -27.41876523168977], [-49.267711344593316, -27.418862973654573]]]}, "properties": {"classe": "Media"}}, {"type": "Feature", "geometry": {"type": "Polygon", "coordinates": [[[-49.26769105223169, -27.4201631817371], [-49.267689022920564, -27.420293202531248], [-49.26770571387451, -27.420390944486716], [-49.26774112513378, -27.420456407599666], [-49.26779525670478, -27.420489591856832], [-49.26786810856001, -27.420490497235395], [-49.26792249382089, -27.420507428844996], [-49.267958412500846, -27.420540386707845], [-49.26797586459734, -27.42058937083796], [-49.26797485009181, -27.420654381241203], [-49.26799230221068, -27.42070336536967], [-49.26802822097247, -27.420736323217554], [-49.26808260637975, -27.4207532547708], [-49.26815545841908, -27.420754160007213], [-49.26820984385726, -27.42077109151206], [-49.26824576270769, -27.420804049307545], [-49.268263214967845, -27.420853033407713], [-49.268262200619176, -27.42091804381839], [-49.26827965290171, -27.420967027916905], [-49.26831557183399, -27.420999985697424], [-49.268369957418564, -27.421016917145913], [-49.268442809642, -27.421017822240163], [-49.26849719525747, -27.42103475364025], [-49.26853311427839, -27.42106771136839], [-49.26855056670222, -27.421116695438602], [-49.2685495525104, -27.421181705856714], [-49.2685670049566, -27.42123068992527], [-49.268602924059365, -27.42126364763842], [-49.268657309821236, -27.42128057898216], [-49.268730162228785, -27.42128148393424], [-49.26878175934104, -27.421477193895345], [-49.26881210125594, -27.421867708880807], [-49.268821187788326, -27.42245302887025], [-49.26880901846992, -27.423233153807665], [-49.26878167764023, -27.42381802120556], [-49.26873916538391, -27.424207631097484], [-49.268681481886134, -27.42440198350382], [-49.2686086274326, -27.424401078431693], [-49.268556268828874, -27.424254126228153], [-49.26852440616519, -27.42396112691329], [-49.26851303933681, -27.423522080481916], [-49.26852216804403, -27.422936986903515], [-49.26851080109352, -27.422497940415667], [-49.268478938784966, -27.422204941048925], [-49.2684265812231, -27.422057988808458], [-49.26835372831771, -27.422057083674186], [-49.26829959582948, -27.42202389959794], [-49.268264183785924, -27.42195843660249], [-49.268247492180635, -27.42186069470116], [-49.26824952097336, -27.421730673897756], [-49.268232829403686, -27.421632931993805], [-49.26819741751188, -27.42156746898549], [-49.268143285304326, -27.42153428485953], [-49.26807043275355, -27.421533379593107], [-49.268016300602895, -27.421500195420165], [-49.26798088887987, -27.421434732363522], [-49.26796419757809, -27.421336990436465], [-49.26796622665728, -27.421206969642828], [-49.267949535391104, -27.421109227713163], [-49.26791412381983, -27.421043764643652], [-49.26785999194984, -27.421010580421], [-49.26778713975365, -27.421009675022425], [-49.26773275427477, -27.420992743350702], [-49.2676968355266, -27.42095978542802], [-49.267679383506604, -27.420910801268437], [-49.267680398196234, -27.420845790877774], [-49.26766294619862, -27.42079680671653], [-49.267627027532285, -27.42076384877889], [-49.267572642199795, -27.420746917050803], [-49.26749979018772, -27.42074601151008], [-49.26744591229594, -27.420696574541527], [-49.26741100856474, -27.42059860616828], [-49.26739507898134, -27.420452106402447], [-49.2673981234799, -27.4202570752451], [-49.26741861973123, -27.42011102827021], [-49.267456567705274, -27.42001396547109], [-49.26751196741481, -27.41996588683563], [-49.267584818915466, -27.419966792346333], [-49.26763895020581, -27.4199999766532], [-49.26767436131335, -27.420065439779027], [-49.26769105223169, -27.4201631817371]]]}, "properties": {"classe": "Alta"}}, {"type": "Feature", "geometry": {"type": "Polygon", "coordinates": [[[-49.269651332351216, -27.42529183894715], [-49.2696503186235, -27.425356849364235], [-49.269667772113415, -27.42540583331984], [-49.26970369283949, -27.42543879080812], [-49.269758080804294, -27.42545572181506], [-49.269830935994385, -27.42545662631843], [-49.26988532399008, -27.425473557276945], [-49.26992124480483, -27.425506514712847], [-49.269938698436064, -27.425555498640122], [-49.26993768486526, -27.425620509064636], [-49.26995513851889, -27.42566949299027], [-49.26999105941549, -27.425702450411166], [-49.27004544755763, -27.425719381313314], [-49.27011830293185, -27.425720285674497], [-49.27017243774479, -27.425753469135998], [-49.270207852023965, -27.425818931720645], [-49.270224545762986, -27.425916673441723], [-49.27022251892158, -27.42604669430305], [-49.270202784867166, -27.426143983870855], [-49.27016534357607, -27.426208542137555], [-49.27011019505465, -27.426240369089843], [-49.270037339339375, -27.42623946470868], [-49.269982950948254, -27.426222533792828], [-49.269947029894745, -27.426189576364493], [-49.26992957617627, -27.42614059243772], [-49.269930589774305, -27.426075582018314], [-49.26991313607822, -27.42602659808988], [-49.26987721510657, -27.425993640646567], [-49.26982282686189, -27.425976709674327], [-49.269749971330754, -27.42597580515096], [-49.26969558311697, -27.425958874130316], [-49.26965966223398, -27.4259259166346], [-49.26964220867923, -27.425876932677852], [-49.26964322243418, -27.425811922265883], [-49.26962576890182, -27.425762938307464], [-49.269589848100686, -27.42572998079676], [-49.269535460033346, -27.425713049719747], [-49.269462604686346, -27.42571214505418], [-49.2694082166499, -27.425695213928744], [-49.26937229593744, -27.42566225636565], [-49.2693548425464, -27.42561327237892], [-49.26935585645826, -27.4255482619744], [-49.26933840308961, -27.425499277986024], [-49.269302482459004, -27.425466320407924], [-49.26924809456899, -27.425449389226124], [-49.269175239406145, -27.425448484418368], [-49.26912085154702, -27.425431553188137], [-49.26908493100509, -27.42539859555767], [-49.26906747777777, -27.425349611540963], [-49.269068491846525, -27.425284601143876], [-49.26910567990503, -27.42523629577875], [-49.26917904192578, -27.425204695415513], [-49.26928857791517, -27.42518979999737], [-49.26943428791345, -27.425191609440688], [-49.26954331697478, -27.425209219026936], [-49.26961566512283, -27.42524262884349], [-49.269651332351216, -27.42529183894715]]]}, "properties": {"classe": "Alta"}}, {"type": "Feature", "geometry": {"type": "Polygon", "coordinates": [[[-49.270793713103984, -27.426801547598778], [-49.27079067372216, -27.4269965789238], [-49.27080660824969, -27.42714307842135], [-49.27084151675239, -27.42724104609034], [-49.270895399243024, -27.427290481918675], [-49.27096825568127, -27.42729138588321], [-49.27102213825439, -27.427340821665922], [-49.27105704700269, -27.427438789289933], [-49.27107298191343, -27.427585288767368], [-49.27106994292076, -27.427780320099277], [-49.27094016415507, -27.427925011688796], [-49.27068364532908, -27.428019363169902], [-49.27030038651677, -27.428063373845525], [-49.26979038815346, -27.42805704268763], [-49.269408142987324, -27.428036040499762], [-49.269153651035815, -27.42800036833715], [-49.269026912235105, -27.42795002689879], [-49.26902792644008, -27.42788501652734], [-49.26901047291098, -27.427836032503215], [-49.26897455166634, -27.427803074820584], [-49.268920162708724, -27.427786143465394], [-49.268847306024696, -27.42778523841543], [-49.26879317068185, -27.427752054420612], [-49.26875775670769, -27.427686591503726], [-49.268741064095835, -27.4275888496781], [-49.26874309280599, -27.42745882894752], [-49.26878104253014, -27.42736176594805], [-49.26885491321453, -27.42729766064884], [-49.26896470486941, -27.427266512993786], [-49.26911041756892, -27.427268322901494], [-49.269219448586306, -27.427285932828394], [-49.269291797945236, -27.42731934286186], [-49.26932746563932, -27.42736855305873], [-49.26932645163214, -27.427433563445305], [-49.2693439052501, -27.427482547436068], [-49.269379826511766, -27.427515505025173], [-49.26943421541968, -27.427532436198618], [-49.2695070719604, -27.42753334093417], [-49.269561967836935, -27.427517766862483], [-49.269598903030726, -27.42748571400392], [-49.269617877539226, -27.427437182372497], [-49.26961889137588, -27.42737217197592], [-49.26963786585348, -27.427323640339722], [-49.2696748009586, -27.427291587456164], [-49.26972969669379, -27.427276013311232], [-49.26980255307759, -27.42727691788458], [-49.26985744879039, -27.427261343688105], [-49.26989438381364, -27.427229290742158], [-49.269913358144805, -27.427180759060764], [-49.26991437179729, -27.42711574865162], [-49.26995156016088, -27.427067443084155], [-49.27002492320805, -27.427035842328312], [-49.27013446094519, -27.427020946327247], [-49.27028017341256, -27.427022754997342], [-49.27038996445588, -27.42699160618661], [-49.270463834000985, -27.42692749997647], [-49.27050178203767, -27.426830436423007], [-49.27050380861968, -27.426700415557075], [-49.270523542539905, -27.426603125946407], [-49.27056098377466, -27.42653856758343], [-49.270616132330346, -27.426506740454855], [-49.27068898824338, -27.426507644541616], [-49.2707428703253, -27.426557080414273], [-49.27077777861642, -27.426655048095952], [-49.270793713103984, -27.426801547598778]]]}, "properties": {"classe": "Media"}}, {"type": "Feature", "geometry": {"type": "Polygon", "coordinates": [[[-49.26874309280599, -27.42745882894752], [-49.268741064095835, -27.4275888496781], [-49.26875775670769, -27.427686591503726], [-49.26879317068185, -27.427752054420612], [-49.268847306024696, -27.42778523841543], [-49.268920162708724, -27.427786143465394], [-49.26897455166634, -27.427803074820584], [-49.26901047291098, -27.427836032503215], [-49.26902792644008, -27.42788501652734], [-49.269026912235105, -27.42795002689879], [-49.268971508958046, -27.427998105929763], [-49.268861716568594, -27.428029253553607], [-49.26869753507953, -27.428043469642123], [-49.2684789645567, -27.428040754005618], [-49.268315290341455, -27.428022464467045], [-49.26820651246389, -27.427988601221692], [-49.26815263091123, -27.427939164397788], [-49.268153645627834, -27.427874154056358], [-49.26817262083364, -27.42782562265675], [-49.26820955651522, -27.42779357019129], [-49.26826445267512, -27.427777996645908], [-49.2683373093319, -27.427778902000277], [-49.268392459111894, -27.427747075815585], [-49.26842990197868, -27.427682518110867], [-49.26844963792585, -27.42758522889945], [-49.26845166697709, -27.42745520818888], [-49.2684714028533, -27.427357918968575], [-49.2685088455308, -27.42729336123099], [-49.268563995015995, -27.427261534962792], [-49.26863685134531, -27.427262440144947], [-49.2686909864074, -27.427295624189508], [-49.26872640022976, -27.42736108711926], [-49.26874309280599, -27.42745882894752]]]}, "properties": {"classe": "Alta"}}, {"type": "Feature", "geometry": {"type": "Polygon", "coordinates": [[[-49.236072218984845, -27.429032301051574], [-49.236071185426, -27.42909731026673], [-49.23608862432936, -27.429146297736988], [-49.23612453571354, -27.42917926345649], [-49.236178919581135, -27.429196207411213], [-49.23625177591876, -27.42919712957892], [-49.23630590146021, -27.429230325790734], [-49.2363412962329, -27.429295796069496], [-49.23635796023033, -27.429393540428517], [-49.23635589341207, -27.429523558871562], [-49.236372557444795, -27.429621303228007], [-49.23640795236895, -27.429686773494073], [-49.23646207819104, -27.429719969656464], [-49.23653493488363, -27.429720891692345], [-49.23658931908414, -27.42973783550106], [-49.23662523080594, -27.429770801104873], [-49.23664267004643, -27.429819788517786], [-49.23664163678703, -27.429884797745647], [-49.23662264763079, -27.429933324172914], [-49.236585702564305, -27.429965367791876], [-49.2365308015902, -27.429980928588478], [-49.23645794472706, -27.429980006542408], [-49.23640304373063, -27.429995567287445], [-49.23636609858235, -27.430027610843894], [-49.2363471092796, -27.43007613722581], [-49.23634607583577, -27.430141146440906], [-49.23632708650203, -27.430189672818006], [-49.236290141265, -27.430221716349383], [-49.23623524012728, -27.43023727702099], [-49.23616238310747, -27.430236354812525], [-49.236107481947435, -27.430251915432564], [-49.2360705366286, -27.43028395890143], [-49.23605154714836, -27.43033248523318], [-49.2360505135201, -27.430397494435503], [-49.23601330972133, -27.430445790185654], [-49.23593993572463, -27.430477372453527], [-49.23583039153651, -27.43049224118227], [-49.235684677197426, -27.430490396288317], [-49.23557513297402, -27.43050526481405], [-49.235501758825855, -27.430536846843097], [-49.235464554746436, -27.43058514243225], [-49.23546352076318, -27.430650151611637], [-49.23540810230376, -27.430698216529443], [-49.23529829932801, -27.430729337118937], [-49.235134111848964, -27.430743513251954], [-49.234915539932814, -27.430740744738824], [-49.23475186961758, -27.430722415840883], [-49.23464310093302, -27.430688526753542], [-49.23458923386609, -27.430639077604983], [-49.23459026836102, -27.4305740684562], [-49.23453640137143, -27.43052461929018], [-49.23442763295312, -27.430490730045918], [-49.23426396311911, -27.430472400595264], [-49.234045391839665, -27.4304696307428], [-49.233881722126426, -27.43045130084738], [-49.23377295400911, -27.43041741110439], [-49.23371908747469, -27.430367961642023], [-49.233720122467375, -27.430302952521288], [-49.233666256010295, -27.430253503041452], [-49.23355748815924, -27.430219613141578], [-49.233393818927226, -27.430201282693453], [-49.23317524828455, -27.43019851150169], [-49.23301157917333, -27.430180180608815], [-49.23290281162328, -27.430146290210207], [-49.23284894562137, -27.430096840434068], [-49.23284998111181, -27.430031831341374], [-49.2328325435471, -27.429982843532574], [-49.23279663294584, -27.429949877001896], [-49.23274224931063, -27.429932931735266], [-49.232669392628104, -27.429932007710466], [-49.232614491212864, -27.429947566938303], [-49.23257754504632, -27.42997960943908], [-49.232558554125866, -27.43002813522686], [-49.23255751846488, -27.43009314430935], [-49.23250209910722, -27.430141208028186], [-49.232392296012755, -27.430172326316654], [-49.23222810919452, -27.430186499046556], [-49.23200953871875, -27.430183726028257], [-49.23184535186143, -27.430197898303845], [-49.23173554855636, -27.430229016062952], [-49.23168012879047, -27.430277079433793], [-49.231679092603926, -27.43034208848305], [-49.2315690300512, -27.430389458362708], [-49.231349941061815, -27.430419188810493], [-49.23102182568405, -27.43043127931293], [-49.23058468408499, -27.43042572910531], [-49.23025708722406, -27.43040531330104], [-49.23003903512607, -27.4303700326763], [-49.22993052774271, -27.430319887744588], [-49.22993156495257, -27.430254878756653], [-49.229895914481695, -27.430205659269042], [-49.22982357636665, -27.430172229255536], [-49.22971455061396, -27.43015458865926], [-49.229568837200134, -27.430152737392813], [-49.2294598115188, -27.430135096599923], [-49.22938747359346, -27.430101666368], [-49.22935182341758, -27.430052446753876], [-49.229352860954606, -27.429987437783822], [-49.22929899669026, -27.429937986712307], [-49.22919023068035, -27.429904093478378], [-49.22902656293794, -27.429885757953837], [-49.22880799343336, -27.429882979943294], [-49.22864432581183, -27.429864643974025], [-49.22853556010304, -27.42983075024141], [-49.22848169629391, -27.429781298873657], [-49.228482734328644, -27.429716289931715], [-49.228592797369394, -27.429668922517305], [-49.22881188534573, -27.42963919636817], [-49.22913999830599, -27.429627110970852], [-49.22957713641731, -27.42963266556069], [-49.22990473078391, -27.429653082852344], [-49.23012278143049, -27.429688363622006], [-49.23023128830875, -27.42973850838312], [-49.2302302512973, -27.42980351738644], [-49.23026590180299, -27.429852736792075], [-49.230338239862355, -27.42988616657378], [-49.23044726548194, -27.429903806674698], [-49.23059297863825, -27.429905657007435], [-49.23070252269983, -27.429890792402425], [-49.230775897626216, -27.429859212943228], [-49.23081310341088, -27.429810918686712], [-49.23081414008124, -27.429745909662948], [-49.23088777403698, -27.429698077881536], [-49.23103400522654, -27.42966742322485], [-49.231252833672094, -27.429653945464807], [-49.23154425946959, -27.429657644262896], [-49.23176308788141, -27.429644165697336], [-49.231909318811645, -27.42961351010665], [-49.23198295223811, -27.429565677718887], [-49.23198398821237, -27.42950066865168], [-49.23209404970266, -27.429453298388264], [-49.23231313663846, -27.429423566666387], [-49.232641249068045, -27.429411472972625], [-49.23307838715839, -27.429417016542274], [-49.23340649959215, -27.42940492104096], [-49.23362558620233, -27.429375187233358], [-49.23373564694071, -27.429327815632927], [-49.233736681877794, -27.4292628065019], [-49.233792100267955, -27.429214742240028], [-49.233901902071054, -27.42918362278058], [-49.23406608730011, -27.4291694479954], [-49.23428465602132, -27.429172217694834], [-49.23444884121126, -27.42915804245535], [-49.2345586428037, -27.429126922466594], [-49.23461406078563, -27.429078857856748], [-49.2346150951972, -27.42901384869257], [-49.23470694115966, -27.42896624553494], [-49.23488959861131, -27.428936048201116], [-49.23516306758601, -27.42892325633463], [-49.23552734821317, -27.428927869405264], [-49.235800300312434, -27.428947580885676], [-49.235981923914274, -27.428982391315618], [-49.236072218984845, -27.429032301051574]]]}, "properties": {"classe": "Media"}}, {"type": "Feature", "geometry": {"type": "Polygon", "coordinates": [[[-49.26782821822484, -27.430048377768752], [-49.267826188218805, -27.430178398387994], [-49.26780645113597, -27.43027568742981], [-49.26776900695264, -27.430340244886622], [-49.267713855675225, -27.430372070745108], [-49.26764099734017, -27.43037116498624], [-49.267585846013084, -27.430402990791503], [-49.267548401657486, -27.43046754817993], [-49.267528664267005, -27.430564837164855], [-49.2675266338653, -27.430694857753807], [-49.26750689640384, -27.430792146729846], [-49.26746945185893, -27.430856704085404], [-49.26741430023697, -27.430888529807145], [-49.267341441574416, -27.430887623876032], [-49.26728603606398, -27.43093570211538], [-49.26724808365001, -27.431032764542707], [-49.26722758431972, -27.431178811170106], [-49.26722453810319, -27.431373842004284], [-49.267204038652885, -27.43151988861704], [-49.26716608593873, -27.43161695100166], [-49.26711067997351, -27.43166502914604], [-49.26703782081289, -27.43166412303266], [-49.2669836842265, -27.431630938289533], [-49.26694827024187, -27.43156547493946], [-49.266931578852606, -27.431467732995745], [-49.26693361001842, -27.431337712462216], [-49.26691691866477, -27.431239970515897], [-49.266881504831964, -27.431174507152956], [-49.26682736852639, -27.4311413223601], [-49.26675450972054, -27.431140416114523], [-49.26670113525056, -27.431058473578368], [-49.26666724517846, -27.43089549477473], [-49.266652839471014, -27.430651479711877], [-49.266657917999666, -27.43032642838322], [-49.266734584948004, -27.430083546138192], [-49.266882840054414, -27.429922832852863], [-49.267102683371334, -27.429844288304906], [-49.267394115265226, -27.429847912173624], [-49.26761218166236, -27.429883134827854], [-49.26775688265742, -27.4299499566171], [-49.26782821822484, -27.430048377768752]]]}, "properties": {"classe": "Media"}}, {"type": "Feature", "geometry": {"type": "Polygon", "coordinates": [[[-49.268300972862185, -27.43710923897356], [-49.268295897678655, -27.437434290269035], [-49.26827387544606, -27.43767785231417], [-49.26823490613301, -27.43783992510611], [-49.2681789897727, -27.437920508636658], [-49.268106126463024, -27.43791960289205], [-49.26805274799212, -27.437837660752418], [-49.26801885442209, -27.43767468224089], [-49.268004445719676, -27.437430667365668], [-49.26800952175634, -27.437105616120228], [-49.26803154438045, -27.43686205411946], [-49.26807051356059, -27.436699981360533], [-49.268126429329996, -27.436619397835226], [-49.26819929178654, -27.4366203035298], [-49.26825266983525, -27.436702245604778], [-49.268286563538204, -27.436865224083295], [-49.268300972862185, -27.43710923897356]]]}, "properties": {"classe": "Alta"}}, {"type": "Feature", "geometry": {"type": "Polygon", "coordinates": [[[-49.26777137290261, -27.43368895413809], [-49.26776934251484, -27.43381897468552], [-49.26774960454867, -27.433916263638437], [-49.26771215898041, -27.43398082098927], [-49.26765700581645, -27.434012646724717], [-49.26758414509326, -27.434011740825714], [-49.26752873804255, -27.43405981907357], [-49.267490784608675, -27.434156881485787], [-49.26747028477884, -27.434302928074473], [-49.26746723858312, -27.43449795884635], [-49.26748316919936, -27.434644458420152], [-49.26751807669343, -27.43474242679482], [-49.26757196107812, -27.43479186395824], [-49.26764482231311, -27.434792769887267], [-49.267699214421384, -27.434809701874435], [-49.267735137416366, -27.434842659941957], [-49.26775259129552, -27.434891644103896], [-49.267751576040276, -27.43495665436606], [-49.267769029941824, -27.435005638526334], [-49.26780495301871, -27.435038596578888], [-49.267859345273486, -27.435055528509665], [-49.26793220669271, -27.435056434296445], [-49.26798659897841, -27.435073366178788], [-49.268022522144, -27.43510632417892], [-49.26803997618695, -27.435155308310883], [-49.26803896108868, -27.435220318580484], [-49.268056415154014, -27.435269302710783], [-49.2680923384015, -27.43530226069592], [-49.2681467308337, -27.435319192521874], [-49.26821959243718, -27.435320098166414], [-49.26827296993127, -27.43540204021991], [-49.26830686337808, -27.43556501870546], [-49.26832127274437, -27.435809033631315], [-49.26831619790161, -27.436134084990925], [-49.26829417613789, -27.436377647096666], [-49.268255207421795, -27.436539719945696], [-49.26819929178654, -27.4366203035298], [-49.268126429329996, -27.436619397835226], [-49.268072290060026, -27.436586213410546], [-49.26803687400415, -27.43652075027856], [-49.268020181155975, -27.436423008452607], [-49.26802221147521, -27.436292987936483], [-49.26796908757729, -27.43619479322116], [-49.267860809571616, -27.43612842424949], [-49.26769737747479, -27.436093880893964], [-49.26747879121067, -27.436091162956732], [-49.26731459764215, -27.43610537683803], [-49.26720479670334, -27.436136522727615], [-49.26714938838145, -27.43618460075373], [-49.267148372716804, -27.436249610983047], [-49.26712939541463, -27.436298142099524], [-49.2670924564615, -27.43633019409545], [-49.26703755585997, -27.43634576695678], [-49.266964693628594, -27.436344860663173], [-49.26690979300467, -27.43636043347294], [-49.266872853969645, -27.43639248540643], [-49.266853876520955, -27.4364410164777], [-49.26685286067205, -27.43650602669443], [-49.26683388319244, -27.436554557760907], [-49.266796944068695, -27.436586609669412], [-49.26674204330336, -27.4366021824059], [-49.26666918091501, -27.43660127595001], [-49.26661402612838, -27.436633101186693], [-49.266576578907, -27.436697658135003], [-49.26655683924447, -27.436794946808256], [-49.26655480716449, -27.43692496721402], [-49.26648042043846, -27.437021575949327], [-49.26633367895632, -27.437084772893915], [-49.266114582743675, -27.437114557820358], [-49.26582313196175, -27.437110930394034], [-49.26560479806308, -27.437091956882643], [-49.265459581080286, -27.437057637632414], [-49.26538748099162, -27.437007972871495], [-49.26538849772093, -27.436942962709974], [-49.26537104463338, -27.436893978298983], [-49.26533512174756, -27.436861019632676], [-49.26528072906599, -27.43684408669704], [-49.26520786657527, -27.436843179469815], [-49.26515347392464, -27.436826246485733], [-49.26511755112753, -27.436793287767028], [-49.26510009818139, -27.436744303327725], [-49.265101115067665, -27.43667929317367], [-49.26508366214392, -27.436630308732713], [-49.26504773942872, -27.43659734999901], [-49.2649933469246, -27.436580416958556], [-49.26492048461815, -27.436579509589098], [-49.26486634639917, -27.436546323963345], [-49.26483093229515, -27.436480860104094], [-49.26481424229971, -27.436383118024697], [-49.264816276372514, -27.436253097728937], [-49.26479958641267, -27.436155355646914], [-49.264764172460495, -27.43608989177482], [-49.26471003452238, -27.436056706099347], [-49.26463717257083, -27.436055798597682], [-49.264582780399635, -27.436038865410858], [-49.264546858022236, -27.436005906561093], [-49.26452940543609, -27.435956922062456], [-49.26453042262262, -27.435891911920734], [-49.26451297005886, -27.43584292742044], [-49.26447704776336, -27.43580996855571], [-49.26442265573868, -27.435793035312503], [-49.2643497939714, -27.435792127668606], [-49.264294893318485, -27.435807699444396], [-49.264257953761394, -27.435839750660218], [-49.26423897529756, -27.435888281330108], [-49.264237957940416, -27.435953291461793], [-49.26418254849697, -27.436001368253283], [-49.26407274692692, -27.436032511637933], [-49.26390855324309, -27.436046721487454], [-49.263689967511375, -27.43604399761213], [-49.26352628267763, -27.43602570195432], [-49.263417498771894, -27.4359918347094], [-49.26336361578136, -27.435942396005633], [-49.26336463365034, -27.435877385904043], [-49.26332896617454, -27.435828174233347], [-49.26325661339043, -27.435794760967216], [-49.26314757530442, -27.435777146048803], [-49.26300185189285, -27.4357753293907], [-49.26289281387789, -27.43575771427555], [-49.26282046128319, -27.435724300790753], [-49.262784794102345, -27.435675088993165], [-49.26278581229887, -27.435610078909082], [-49.262731929779875, -27.435560639980036], [-49.26262314660102, -27.435526772144964], [-49.262459462775126, -27.43550847527566], [-49.262240878272166, -27.43550574917671], [-49.26207643061194, -27.43553620940804], [-49.261966119678604, -27.43559985615623], [-49.26190994545548, -27.435696689548788], [-49.26190790802507, -27.435826709654126], [-49.26188816450397, -27.435923997494182], [-49.26185071486852, -27.435988553061353], [-49.26179555912513, -27.43602037634234], [-49.26172269731028, -27.436019467318097], [-49.261667796234406, -27.436035038035403], [-49.26163085587895, -27.436067088514594], [-49.26161187624134, -27.436115618769726], [-49.26161085733499, -27.436180628808508], [-49.26157366218011, -27.43622893177814], [-49.261500290749176, -27.43626052764857], [-49.26139074304861, -27.43627541636292], [-49.26124501911874, -27.436273597837562], [-49.26113598097782, -27.43625598133832], [-49.261063628649495, -27.436222566952583], [-49.26102796212736, -27.43617335473722], [-49.26102898137493, -27.43610834471853], [-49.260865806738614, -27.436057540942503], [-49.26053843841627, -27.43602094283988], [-49.26004687651317, -27.435998549254688], [-49.25939112104204, -27.435990358444283], [-49.25889904949858, -27.436000465799726], [-49.25857066158215, -27.43602887304669], [-49.2584059571874, -27.43607558134117], [-49.25840493640432, -27.43614059126936], [-49.258385955365874, -27.43618912101804], [-49.25834901405864, -27.436221170579515], [-49.25829411248519, -27.436236739939716], [-49.25822125066408, -27.436235829078324], [-49.258166349068254, -27.43625139838696], [-49.258129407679135, -27.436283447885977], [-49.25811042649417, -27.43633197758941], [-49.25810940552677, -27.436396987504963], [-49.25807220882295, -27.436445289463606], [-49.25799883635524, -27.436476883435247], [-49.257889288130066, -27.43649176936306], [-49.25774356418775, -27.43648994716337], [-49.25763401592704, -27.43650483288814], [-49.25756064330757, -27.436536426621025], [-49.257523446322914, -27.436584728418843], [-49.257522425000566, -27.436649738311704], [-49.25750344348264, -27.436698267914668], [-49.25746650175573, -27.43673031722001], [-49.25741159982238, -27.43674588621371], [-49.25733873770119, -27.43674497487541], [-49.25728383574548, -27.436760543817524], [-49.25724689393668, -27.43679259306043], [-49.25722791227223, -27.436841122618123], [-49.257226890765544, -27.43690613249835], [-49.25720790907015, -27.436954662051253], [-49.25717096717262, -27.436986711269107], [-49.257116065075515, -27.437002280137897], [-49.25704320279742, -27.43700136863727], [-49.25698804526458, -27.437033189922115], [-49.25695059244051, -27.437097744011474], [-49.25693084431878, -27.437195030918655], [-49.25692880092301, -27.43732505065127], [-49.25687262145677, -27.43742188174347], [-49.2567623058376, -27.43748552412685], [-49.2565978540822, -27.437515977673847], [-49.25637926630652, -27.437513242197927], [-49.256215069963034, -27.437527442825942], [-49.256105264985756, -27.437558579747623], [-49.25604985136181, -27.43760665309123], [-49.25604882913147, -27.43767166292345], [-49.25601163110193, -27.4377199642615], [-49.255938257245674, -27.437751557075288], [-49.25582870756917, -27.437766441307957], [-49.255682982112766, -27.43776461687586], [-49.25557343240075, -27.437779500905474], [-49.255500058392755, -27.43781109348048], [-49.25546286008235, -27.43785939465768], [-49.25546183749704, -27.437924404467182], [-49.25540642341692, -27.437972477530813], [-49.25529661780177, -27.438003613781827], [-49.25513242066443, -27.43801781309203], [-49.25491383207095, -27.43801507527164], [-49.25474963489398, -27.438029274127395], [-49.25463982906752, -27.438060409849086], [-49.254584414578694, -27.438108482564907], [-49.25458339146775, -27.43817349234159], [-49.25456440838676, -27.43822202146165], [-49.25452746532231, -27.43825406991735], [-49.25447256227698, -27.438269637694667], [-49.254399699269335, -27.438268724773245], [-49.25434479620163, -27.438284292498977], [-49.2543078530553, -27.43831634089222], [-49.25428886982777, -27.438364869966993], [-49.254287846532456, -27.43842987973104], [-49.25417778435346, -27.43847726750219], [-49.25395868321992, -27.438507033018187], [-49.253630543179526, -27.43851917576536], [-49.253193364398506, -27.438513694978628], [-49.25286599246053, -27.438477078632364], [-49.252648427485376, -27.438409327508325], [-49.25254066942147, -27.438310442119466], [-49.252542718045916, -27.43818042270993], [-49.252507823099826, -27.438082451193914], [-49.25243598465752, -27.438016527548072], [-49.25232720272929, -27.437982651716293], [-49.2521814772615, -27.437980823609607], [-49.2520724393135, -27.437963200006923], [-49.25200008890892, -27.437929780995646], [-49.251964426041305, -27.43788056663265], [-49.25196545067414, -27.437815556944233], [-49.25192978785619, -27.437766342574037], [-49.251857437623954, -27.437732923495755], [-49.25174839998389, -27.437715299652563], [-49.251602674912384, -27.43771347095701], [-49.251493637343486, -27.43769584691709], [-49.25142128730079, -27.4376624276202], [-49.251385624777875, -27.43761321312321], [-49.251386649738194, -27.437548203452433], [-49.251332771669624, -27.437498760319336], [-49.2512239906279, -27.43746488366292], [-49.25106030662592, -27.437446573354915], [-49.250841719633776, -27.437443829199918], [-49.25067752306755, -27.43745802327069], [-49.25056771686119, -27.437489155756957], [-49.250512301001805, -27.437537226786983], [-49.25051127552961, -27.43760223642743], [-49.250492290811145, -27.437650764917446], [-49.25045534683298, -27.437682812249264], [-49.25040044359771, -27.437698378408864], [-49.25032758112391, -27.437697463375894], [-49.250273190675145, -27.437680524668426], [-49.25023727226482, -27.437647562308694], [-49.25021982589035, -27.437598576310727], [-49.250220851533165, -27.437533566680372], [-49.25018518959931, -27.43748435190198], [-49.25011284012528, -27.43745093194927], [-49.25000380311756, -27.43743330676536], [-49.24985807855253, -27.43743147626286], [-49.249749041615985, -27.43741385088224], [-49.24967669233152, -27.437380430710917], [-49.24964103069269, -27.437331215805763], [-49.24964205666297, -27.437266206193048], [-49.249624610606, -27.437217220133082], [-49.24958869254036, -27.43718425762004], [-49.24953430246863, -27.43716731863987], [-49.2494614403774, -27.437166403170327], [-49.24940730686182, -27.437133211740232], [-49.24937190194935, -27.437067744372403], [-49.249355225633536, -27.436970001080144], [-49.249357277874, -27.436839981867262], [-49.24941346340158, -27.43674315409214], [-49.249523782133885, -27.43667951768627], [-49.2496882340877, -27.43664907252218], [-49.24990681937903, -27.436651818413317], [-49.2500710147904, -27.436637625198415], [-49.25018082025574, -27.436606493067217], [-49.25023623576216, -27.43655842214794], [-49.25023726134988, -27.436493412507307], [-49.25029267677374, -27.43644534156105], [-49.2504024819935, -27.436414209242418], [-49.25056667702207, -27.43640001542323], [-49.250785261925515, -27.436402759913726], [-49.25094945691456, -27.43638856564012], [-49.25105926192315, -27.43635743279215], [-49.251114676938386, -27.436309361498047], [-49.2511157020005, -27.436244351824538], [-49.25115290155351, -27.436196051860986], [-49.251226275569955, -27.436164461577356], [-49.25133582405627, -27.436149580916783], [-49.25148154705284, -27.43615140979562], [-49.25159109550369, -27.43613652893201], [-49.25166446936845, -27.436104938409567], [-49.251701668640656, -27.436056638285166], [-49.25170269334778, -27.43599162858887], [-49.25172167721934, -27.435943099884767], [-49.2517586202419, -27.435911052165157], [-49.251813522418054, -27.435895485415987], [-49.251886383766376, -27.435896399616922], [-49.251941285920175, -27.435880832816185], [-49.25197822886088, -27.435848785034093], [-49.2519972125859, -27.435800256284715], [-49.25199823710866, -27.435735246575735], [-49.2520354361072, -27.435686946347143], [-49.25210880955403, -27.435655355568823], [-49.25221835745561, -27.43564047418393], [-49.25236407985231, -27.435642302108842], [-49.25247362771842, -27.43562742052093], [-49.25254700101356, -27.43559582950382], [-49.252584199731295, -27.43554752911436], [-49.25258522389908, -27.435482519382624], [-49.25260420729116, -27.435433990532715], [-49.25264114989408, -27.435401942556897], [-49.25269605171045, -27.435386375441166], [-49.252768912758825, -27.43538728916515], [-49.25282381455283, -27.435371721997825], [-49.252860757073904, -27.435339673959557], [-49.25287974031944, -27.435291145064365], [-49.25288076430288, -27.435226135319965], [-49.25289974751747, -27.435177606419977], [-49.25293668994979, -27.435145558356666], [-49.25299159160243, -27.435129991116007], [-49.25306445249396, -27.435130904677642], [-49.25311935412424, -27.4351153373854], [-49.2531562964747, -27.435083289259637], [-49.25317527954276, -27.435034760314355], [-49.253176303341846, -27.434969750557308], [-49.25319528637896, -27.43492122160723], [-49.253232228640684, -27.434889173456412], [-49.25328713012959, -27.434873606090825], [-49.25335999086427, -27.43487451949012], [-49.2534151482439, -27.434842699631268], [-49.253452602231995, -27.4347781465333], [-49.25347235282209, -27.434680860209518], [-49.25347440003782, -27.434550840667512], [-49.253494150556776, -27.43445355433483], [-49.25353160435536, -27.434389001203904], [-49.25358676144002, -27.434357181261372], [-49.25365962184725, -27.43435809448824], [-49.253714523018694, -27.434342526937954], [-49.25375146493579, -27.43431047863086], [-49.25377044759595, -27.434261949580975], [-49.2537714710126, -27.434196939796035], [-49.253845098850036, -27.434149095580427], [-49.25399133105654, -27.43411841681655], [-49.25421016765401, -27.434104903276275], [-49.254501608737975, -27.43410855462096], [-49.254719933873076, -27.43412754518456], [-49.25486514309171, -27.434161875313297], [-49.25493723637201, -27.434211545235282], [-49.254936213637734, -27.434276555060574], [-49.25495366169415, -27.43432554056289], [-49.25498958055984, -27.43435850173642], [-49.255043970237345, -27.434375438567123], [-49.25511683071328, -27.434376351032775], [-49.25517070911962, -27.434425792730995], [-49.25520560549662, -27.43452376368495], [-49.255221519831416, -27.43467026390675], [-49.255218452057996, -27.434865293397447], [-49.2551979359831, -27.435011337406966], [-49.255159971576774, -27.43510839592858], [-49.25510455885189, -27.435156468950193], [-49.25503169786417, -27.435155556454305], [-49.25497679643793, -27.43517112451193], [-49.25493985455461, -27.435203173143424], [-49.254920872211635, -27.435251702362816], [-49.25491984942242, -27.435316712177833], [-49.2549008670485, -27.435365241392436], [-49.25486392507645, -27.435397289998896], [-49.25480902350884, -27.435412857983184], [-49.254736162364246, -27.43541194532496], [-49.254681005040275, -27.435443765708992], [-49.25464355150043, -27.435508319154348], [-49.25462380173828, -27.43560560567431], [-49.254621755777436, -27.435735625276468], [-49.25463843665163, -27.435833368162903], [-49.25467384440124, -27.43589883432981], [-49.25472797903269, -27.435932023763858], [-49.25480084051849, -27.435932936442253], [-49.254855230921116, -27.43594987337773], [-49.254891150253954, -27.435982834592508], [-49.254908598514454, -27.43603182010065], [-49.25490757568403, -27.43609682990796], [-49.254943239375045, -27.436146043563486], [-49.25501558962399, -27.436179461040954], [-49.255124626437286, -27.436197082283474], [-49.25527034979134, -27.43619890720366], [-49.25537938667576, -27.436216528249457], [-49.2554517371142, -27.436249945508294], [-49.2554874011002, -27.43629915903702], [-49.25548637859727, -27.436364168861918], [-49.255503827175275, -27.436413154308003], [-49.25553974685277, -27.436446115369414], [-49.25559413763236, -27.436463052032135], [-49.25566699950059, -27.436463964273926], [-49.255721390311116, -27.43648090088821], [-49.255757310077364, -27.43651386189726], [-49.25577475879675, -27.436562847315066], [-49.2557737364507, -27.436627857147485], [-49.2558094006962, -27.43667707060355], [-49.25588175156975, -27.436710487656942], [-49.255990789077785, -27.436728108250826], [-49.25613651319668, -27.436729932297773], [-49.25624606181366, -27.436715047771166], [-49.25631943488839, -27.436683454754636], [-49.25635663241441, -27.43663515330505], [-49.256357654419226, -27.436570143452478], [-49.256376636404326, -27.4365216140272], [-49.256413578356295, -27.43648956502147], [-49.256468480277704, -27.436473996421295], [-49.25654134218712, -27.436474908206307], [-49.25659624408616, -27.43645933955455], [-49.25663318595626, -27.43642729048638], [-49.25665216779483, -27.436378761015824], [-49.25665318961531, -27.436313751150617], [-49.256672171422935, -27.43626522167527], [-49.25670911320429, -27.436233172582064], [-49.256764014961945, -27.436217603856985], [-49.256836876714466, -27.43621851547966], [-49.256891778449756, -27.436202946703002], [-49.25692872014923, -27.436170897547342], [-49.25694770181033, -27.436122368026737], [-49.256948723446484, -27.43605735814888], [-49.25696770507663, -27.436008828623468], [-49.25700464668738, -27.435976779442793], [-49.25705954828128, -27.435961210592794], [-49.257132409876924, -27.435962122053148], [-49.257187311448455, -27.43594655315158], [-49.25722425297732, -27.43591450390844], [-49.25724323446095, -27.435865974337766], [-49.25724425591276, -27.435800964447267], [-49.2573725295664, -27.435753801878775], [-49.257628055343346, -27.435724486276303], [-49.258010833307864, -27.435713016940685], [-49.25852086366705, -27.435719392829537], [-49.258903641665185, -27.435707921034908], [-49.2591591670952, -27.43567860259923], [-49.259287439892844, -27.43563143822166], [-49.25928846013668, -27.43556642825815], [-49.259307440664735, -27.435517898358967], [-49.25934438146356, -27.435485848516358], [-49.259399282535746, -27.43547027871634], [-49.25947214389985, -27.43547118893852], [-49.25952704494965, -27.43545561908693], [-49.259563985666595, -27.435423569181904], [-49.25958296604813, -27.435375039237456], [-49.25958398610766, -27.435310029261327], [-49.25960296645825, -27.435261499312094], [-49.25963990708648, -27.43522944938203], [-49.259694807994904, -27.435213879457123], [-49.25976766920209, -27.43521478951701], [-49.25982308004431, -27.435166714547563], [-49.25986104046589, -27.435069654566313], [-49.259881550453976, -27.434923609585354], [-49.259884610038576, -27.434728579611406], [-49.25994155030641, -27.43458298958588], [-49.260052371136645, -27.43448683943934], [-49.2602170725524, -27.434440129045445], [-49.26043565472074, -27.43444285822111], [-49.26059984622338, -27.434428652373107], [-49.260709646994385, -27.434397511691216], [-49.260765057020926, -27.434349436303613], [-49.26076607634327, -27.434284426277], [-49.26078505598407, -27.434235896127614], [-49.26082199592989, -27.434203845847723], [-49.2608768961833, -27.434188275423285], [-49.26094975676286, -27.43418918483396], [-49.2610046569939, -27.434173614357956], [-49.26104159685784, -27.434141564015626], [-49.26106057635213, -27.434093033820997], [-49.2610615954902, -27.43402802378176], [-49.261080574953546, -27.433979493582335], [-49.261117514728774, -27.433947443214983], [-49.26117241481844, -27.433931872665678], [-49.26124527524108, -27.433932781914063], [-49.26129966581206, -27.43394971633752], [-49.26133558654478, -27.433982675958283], [-49.26135303743669, -27.434031660790378], [-49.261352018469225, -27.434096670839658], [-49.26138768452586, -27.434145882961634], [-49.26146003564307, -27.434179297130033], [-49.261569071827275, -27.434196913288005], [-49.26171479305482, -27.434198731348136], [-49.261823829310075, -27.434216347309377], [-49.2618961806167, -27.434249761259125], [-49.26193184696827, -27.434298973254243], [-49.26193082832831, -27.434363983321038], [-49.26194827953773, -27.43441296809101], [-49.26198420061506, -27.434445927558333], [-49.26203859156289, -27.434462861708983], [-49.26211145236778, -27.434463770520722], [-49.26216584334655, -27.434480704622942], [-49.262201764512604, -27.43451366403788], [-49.26221921586339, -27.434562648779554], [-49.262218197380356, -27.434627658853827], [-49.26225386399144, -27.43467687077622], [-49.262326215733104, -27.434710284520474], [-49.26243525261177, -27.434727900029703], [-49.26258097460379, -27.434729717216513], [-49.262690011553524, -27.434747332529014], [-49.26276236348459, -27.434780746054596], [-49.26279803039061, -27.434829957850127], [-49.262797012235104, -27.4348949679419], [-49.26285089447842, -27.43494440683659], [-49.26295967717622, -27.434978274473156], [-49.26312336034133, -27.434996570723353], [-49.26334194394372, -27.434999295391805], [-49.263506136102215, -27.434985086139587], [-49.26361593675089, -27.43495394315642], [-49.26367134587693, -27.434905866570553], [-49.263672363520634, -27.43484085644868], [-49.26372777256414, -27.434792779835853], [-49.263837572967155, -27.43476163666541], [-49.2640017647425, -27.43474742680911], [-49.26422034795608, -27.43475015007721], [-49.26438453969159, -27.434735939766565], [-49.26449433988311, -27.434704796066892], [-49.26454974851784, -27.434656719106457], [-49.264550765636066, -27.43459170895191], [-49.26456974371087, -27.43454317821428], [-49.264606682728825, -27.434511126885837], [-49.264661582692476, -27.43449555495254], [-49.26473444362039, -27.434496462394048], [-49.26478934356166, -27.43448089040919], [-49.26482628249772, -27.434448839018316], [-49.26484526042602, -27.434400308235467], [-49.26484627735999, -27.434335298068323], [-49.26486525525737, -27.434286767280682], [-49.26490219410472, -27.434254715864803], [-49.2649570939046, -27.43423914380666], [-49.265029954675576, -27.434240051085894], [-49.26508485445307, -27.434224478976176], [-49.26512179321854, -27.434192427497873], [-49.26514077096942, -27.43414389666501], [-49.26514178771913, -27.43407888648528], [-49.26519719575953, -27.43403080923559], [-49.26530699505031, -27.433999664849235], [-49.26547118560428, -27.43398545319802], [-49.26568976748732, -27.43398817409218], [-49.26585395800143, -27.43397396198662], [-49.265963757080684, -27.433942817071088], [-49.2660191647123, -27.433894739473807], [-49.26602018093657, -27.43382972926147], [-49.26611201874215, -27.433782104982313], [-49.266294678066956, -27.433751866453598], [-49.26656815894426, -27.433739013318757], [-49.26693246150265, -27.433743545047374], [-49.26720594235837, -27.433730690655796], [-49.26738860138289, -27.433700450674433], [-49.26748043854295, -27.433652825459895], [-49.26748145390061, -27.43358781519491], [-49.26750043051851, -27.4335392839838], [-49.26753736838322, -27.433507231818865], [-49.26759226749731, -27.43349165868606], [-49.267665127879305, -27.433492564565046], [-49.267719265561496, -27.433525749086424], [-49.26775468057139, -27.433591212273], [-49.26777137290261, -27.43368895413809]]]}, "properties": {"classe": "Media"}}, {"type": "Feature", "geometry": {"type": "Polygon", "coordinates": [[[-49.26853863178599, -27.440558404664323], [-49.26853558665617, -27.44075343537158], [-49.26855151910925, -27.440899934804687], [-49.26858642921113, -27.440997902962582], [-49.268640316974576, -27.441047339833172], [-49.268713182359264, -27.441048245393276], [-49.26876757766864, -27.441065177098356], [-49.26880350291616, -27.441098134970645], [-49.26882095809926, -27.44114711902418], [-49.26881994319938, -27.44121212926482], [-49.268800965639805, -27.44126066057065], [-49.26876402540709, -27.441292712933972], [-49.26870912250377, -27.44130828634076], [-49.26863625694842, -27.441307380770652], [-49.2685813540227, -27.44132295412587], [-49.268544413708064, -27.441355006426758], [-49.26852543600193, -27.441403537687375], [-49.268524420917764, -27.441468547915424], [-49.26850544318071, -27.441517079171266], [-49.268468502777324, -27.441549131447143], [-49.268413599710165, -27.441564704729075], [-49.26834073399779, -27.441563798996658], [-49.26828633852305, -27.441546867117687], [-49.268250413299384, -27.441513909114395], [-49.26823295832424, -27.441464925000798], [-49.26823397357907, -27.44139991478275], [-49.268216518626346, -27.441350930667497], [-49.2681805934846, -27.441317972649205], [-49.268126198156416, -27.441301040713817], [-49.268053332628334, -27.441300134839125], [-49.267998937331065, -27.441283202855296], [-49.26796301227807, -27.441250244784577], [-49.267945557466774, -27.441201260640998], [-49.26794657287863, -27.44113625043037], [-49.26792911808974, -27.441087266285138], [-49.26789319311867, -27.441054308199416], [-49.267838797967954, -27.441037376159183], [-49.267765932624165, -27.4410364701422], [-49.26771153750438, -27.441019538053514], [-49.26767561262204, -27.44098657991538], [-49.267658157974594, -27.440937595741797], [-49.26765917354347, -27.440872585538642], [-49.26767815151757, -27.44082405440591], [-49.26771509188346, -27.44079200233589], [-49.26776999464369, -27.440776429314536], [-49.26784285981682, -27.440777335321506], [-49.26789776255465, -27.4407617622486], [-49.267934702838616, -27.44072971011613], [-49.267953680666174, -27.440681178938178], [-49.26795469605076, -27.440616168722443], [-49.26797367384739, -27.4405676375397], [-49.26801061404262, -27.44053558538225], [-49.26806551663901, -27.440520012236043], [-49.26813838165512, -27.44052091808072], [-49.26819328422911, -27.440505344882936], [-49.26823022434243, -27.440473292663032], [-49.26824920199251, -27.440424761435082], [-49.26825021719281, -27.440359751206778], [-49.268269194811964, -27.44031121997403], [-49.26830613483654, -27.440279167729145], [-49.2683610372691, -27.440263594458067], [-49.26843390212819, -27.440264500140444], [-49.26848778948266, -27.440313937055368], [-49.26852269937285, -27.440411905225954], [-49.26853863178599, -27.440558404664323]]]}, "properties": {"classe": "Media"}}, {"type": "Feature", "geometry": {"type": "Polygon", "coordinates": [[[-49.25913742678192, -27.445187895875957], [-49.259136406031026, -27.44525290574448], [-49.25908098960909, -27.44530098012575], [-49.258971177475836, -27.445332118953033], [-49.2588069696441, -27.445346322098064], [-49.258588366179886, -27.44534358937101], [-49.25842415830841, -27.44535779206147], [-49.25831434596367, -27.445388930359275], [-49.25825892913281, -27.445437004392694], [-49.25825790785611, -27.44550201422848], [-49.258220707927016, -27.445550316027287], [-49.258147329318, -27.44558190975905], [-49.25803777203549, -27.445596795366892], [-49.25789203611986, -27.44559497276714], [-49.2577824788018, -27.445609858171885], [-49.25770910004095, -27.44564145166478], [-49.25767189983087, -27.44568975330272], [-49.257670878199065, -27.445754763115804], [-49.257651894952375, -27.445803292608893], [-49.25761495007736, -27.4458353417743], [-49.2575600435766, -27.445850910597965], [-49.25748717546867, -27.445849999059543], [-49.25743226894552, -27.445865567831618], [-49.2573953239886, -27.445897616934545], [-49.25737634059531, -27.44594614638236], [-49.25737531877909, -27.446011156182788], [-49.25733811829522, -27.446059457716554], [-49.2572647391162, -27.446091050953566], [-49.25715518124845, -27.44610593583693], [-49.25700944473235, -27.44610411228298], [-49.25690116445302, -27.44603773473445], [-49.25683034052049, -27.445906803282654], [-49.25679697290901, -27.445711317980866], [-49.25680106145711, -27.445451278844292], [-49.256949863218146, -27.445258073202083], [-49.257243377752104, -27.445131700572844], [-49.25768160516189, -27.445072160046546], [-49.25826454609332, -27.4450794502845], [-49.25870149668575, -27.445101168827307], [-49.25899245694314, -27.44513731705326], [-49.25913742678192, -27.445187895875957]]]}, "properties": {"classe": "Media"}}, {"type": "Feature", "geometry": {"type": "Polygon", "coordinates": [[[-49.26937141428911, -27.443234689729422], [-49.26937039962156, -27.443299699969522], [-49.26935142188807, -27.443348231331107], [-49.26931448107519, -27.443380283806466], [-49.269259577185494, -27.44339585738156], [-49.26918671023752, -27.443394952036027], [-49.269131806325404, -27.443410525559553], [-49.2690948654306, -27.443442577972462], [-49.26907588755054, -27.44349110928884], [-49.26907487269868, -27.44355611951637], [-49.2690558947877, -27.443604650827965], [-49.26901895380414, -27.443636703215883], [-49.26896404975057, -27.443652276666114], [-49.26889118264555, -27.44365137115827], [-49.268836278569566, -27.443666944556906], [-49.26879933750408, -27.443698996882404], [-49.268780359446524, -27.44374752814877], [-49.268779344410355, -27.443812538363733], [-49.26876036632187, -27.443861069625314], [-49.268723425167636, -27.443893121925793], [-49.26866852095019, -27.443908695251142], [-49.26859565368811, -27.443907789580987], [-49.26854074944827, -27.443923362854747], [-49.268503808212095, -27.4439554150928], [-49.26848482997704, -27.44400394630916], [-49.26848381475656, -27.444068956511558], [-49.268446619642404, -27.44411726128095], [-49.26837324460706, -27.44414886058727], [-49.26826368965691, -27.44416375437365], [-49.268117954832285, -27.444161942556395], [-49.26800839984649, -27.444176836139686], [-49.2679350246592, -27.44420843520722], [-49.26789782926405, -27.444256739815845], [-49.26789681368855, -27.444321749995673], [-49.26787783512045, -27.44437028111165], [-49.26784089354632, -27.444402333156074], [-49.2677859889687, -27.44441790611492], [-49.267713121406146, -27.444416999967817], [-49.26765821680611, -27.444432572875083], [-49.26762127515004, -27.44446462485707], [-49.26760229643537, -27.444513155927815], [-49.26760128067555, -27.444578166095077], [-49.26758230192994, -27.44462669716104], [-49.26754536018512, -27.444658749118023], [-49.26749045544362, -27.44467432195198], [-49.267417587724026, -27.444673415642555], [-49.26736217500661, -27.444721493503675], [-49.26732421723569, -27.444818555552875], [-49.26730371439847, -27.444964601802255], [-49.26730066652508, -27.445159632258548], [-49.2673165976322, -27.44530613169828], [-49.26735150778576, -27.445404100120385], [-49.267405396998555, -27.44545353751275], [-49.26747826523024, -27.445454443852213], [-49.267532662446236, -27.44547137612089], [-49.267568588660005, -27.44550433434103], [-49.26758604386897, -27.44555331852667], [-49.26758502805458, -27.44561832868366], [-49.26760248328596, -27.445667312867634], [-49.267638409581664, -27.445700271072774], [-49.267692806944254, -27.44571720328504], [-49.26776567536027, -27.445718109482193], [-49.26781981883285, -27.44575129418691], [-49.267855237389504, -27.44581675742198], [-49.26787193102384, -27.445914499200754], [-49.267869899695555, -27.446044519527018], [-49.26788659336555, -27.446142261303155], [-49.26792201207416, -27.446207724525355], [-49.26797615582776, -27.44624090918029], [-49.268049024598824, -27.44624181524514], [-49.26810342229449, -27.446258747310935], [-49.26813934892819, -27.446291705399922], [-49.268156804497366, -27.44634068952615], [-49.26815578898347, -27.446405699695454], [-49.26817324457507, -27.446454683820022], [-49.26820917129071, -27.446487641894013], [-49.268263569132955, -27.446504573903386], [-49.26833643808837, -27.44650547982591], [-49.26839083596155, -27.44652241178683], [-49.268426762765955, -27.44655536980839], [-49.26844421849903, -27.44660435390462], [-49.268443203142205, -27.446669364081338], [-49.26846065889769, -27.446718348175917], [-49.268496585784035, -27.44675130618246], [-49.26855098380382, -27.446768238086964], [-49.26862385294357, -27.446769143867172], [-49.26867825099428, -27.446786075723207], [-49.26871417796939, -27.44681903367732], [-49.26873163386636, -27.44686801774354], [-49.26873061866661, -27.446933027927724], [-49.268693422622356, -27.44698133270459], [-49.26862004570606, -27.447012932044057], [-49.2685104879241, -27.447027825889265], [-49.26836474931681, -27.447026014156513], [-49.26825569924117, -27.4470084027153], [-49.26818333772089, -27.446974991653082], [-49.26814766474958, -27.446925781026724], [-49.26814868029074, -27.446860770862546], [-49.26813122465666, -27.44681178673517], [-49.26809529786589, -27.446778828638735], [-49.268040899921, -27.446761896559213], [-49.267968030808504, -27.44676099047435], [-49.26791363289454, -27.446744058346358], [-49.267877706192536, -27.44671110019749], [-49.26786025069993, -27.446662116041765], [-49.26786126639818, -27.44659710588505], [-49.267843810927985, -27.446548121727677], [-49.26780788430792, -27.446515163563795], [-49.26775348654055, -27.446498231379387], [-49.26768061761242, -27.4464973251522], [-49.26762621987597, -27.446480392919344], [-49.267590293344675, -27.446447434703035], [-49.267572838015965, -27.44639845051732], [-49.267573853871276, -27.446333440368036], [-49.26755639856496, -27.446284456180663], [-49.26752047211561, -27.446251497949355], [-49.26746607452576, -27.446234565660085], [-49.26739320578198, -27.446233659290584], [-49.26733906221954, -27.44620047441717], [-49.267303643865986, -27.446135011062662], [-49.26728695071492, -27.446037269240392], [-49.26728898272602, -27.445907248954175], [-49.2672722896106, -27.44580950712927], [-49.26723687140899, -27.445744043761902], [-49.26718272812758, -27.445710858838716], [-49.26710985973884, -27.445709952336916], [-49.2670557165144, -27.44567676736673], [-49.26702029848178, -27.445611303950958], [-49.2670036056346, -27.44551356210293], [-49.26700563793252, -27.445383541826466], [-49.266988945120985, -27.445285799975828], [-49.266953527240304, -27.44522033654718], [-49.26689938429687, -27.445187151527225], [-49.26682651626318, -27.445186244893133], [-49.26677262744469, -27.4451368072929], [-49.26673771788174, -27.445038838749674], [-49.266721787561536, -27.444892339275576], [-49.26672483641816, -27.444697308871675], [-49.26674533994329, -27.444551262735235], [-49.26678329810682, -27.444454200859525], [-49.266838710921554, -27.444406123232454], [-49.26691157844318, -27.4444070298365], [-49.266966483118125, -27.444391457227866], [-49.267003424927836, -27.44435940542693], [-49.267022403869746, -27.44431087444771], [-49.26702341995731, -27.44424586429792], [-49.26706061571605, -27.44419755994028], [-49.26713399111844, -27.44416596134471], [-49.267243546170874, -27.444151068454325], [-49.267389280913676, -27.444152881185452], [-49.26749883593047, -27.444137988091985], [-49.26757221118093, -27.44410638925761], [-49.267609406658664, -27.444058084739204], [-49.267610422391215, -27.443993074566826], [-49.26764761781199, -27.44394477003492], [-49.267720992893466, -27.443913171113405], [-49.26783054764205, -27.443898277745433], [-49.26797628209804, -27.44390008984729], [-49.26808583681097, -27.44388519627623], [-49.26815921174052, -27.443853597115936], [-49.26819640688029, -27.44380529242327], [-49.26819742225783, -27.443740282228315], [-49.26821640056459, -27.443691751053116], [-49.26825334178714, -27.443659698889935], [-49.268308245928004, -27.443644125724767], [-49.268381113005766, -27.443645031537226], [-49.26843601712424, -27.443629458320462], [-49.26847295826484, -27.443597406094852], [-49.26849193642503, -27.443548874874413], [-49.26849295161825, -27.4434838646669], [-49.26851192974752, -27.44343533344168], [-49.26854887079937, -27.443403281191074], [-49.26860377477638, -27.443387707901014], [-49.2686766416971, -27.443388613551168], [-49.2687315456517, -27.443373040209536], [-49.268768486621624, -27.443340987896477], [-49.268787464604316, -27.443292456626054], [-49.26878847961323, -27.443227446405956], [-49.26882567426253, -27.44317914151863], [-49.268899048524695, -27.443147541934017], [-49.269008602406096, -27.443132647595228], [-49.26915433594706, -27.44313445841859], [-49.26926338243043, -27.443152068995552], [-49.269335741879914, -27.443185479413533], [-49.26937141428911, -27.443234689729422]]]}, "properties": {"classe": "Alta"}}, {"type": "Feature", "geometry": {"type": "Polygon", "coordinates": [[[-49.27729862148833, -27.439626635982286], [-49.27729559188049, -27.43982166761846], [-49.27731153590648, -27.439968166596135], [-49.27734645363209, -27.440066132914197], [-49.27740034507004, -27.440115566560532], [-49.27747321017997, -27.440116467512023], [-49.277527354138726, -27.440149648475398], [-49.27756277697387, -27.440215109473446], [-49.277579478679044, -27.44031285051949], [-49.27757745921399, -27.440442871617364], [-49.27761237730373, -27.440540837880086], [-49.27768423302244, -27.44060674928427], [-49.27779302638029, -27.440640605773783], [-49.27793875732343, -27.44064240725969], [-49.27804755080489, -27.440676263555375], [-49.278119406878474, -27.44074217474975], [-49.278154325534025, -27.44084014089895], [-49.27815230669737, -27.440970162026378], [-49.278169009001715, -27.441067903020773], [-49.27820443248729, -27.441133363878325], [-49.27825857716048, -27.44116654458571], [-49.27833144299372, -27.441167445120133], [-49.278385840047456, -27.44118437313823], [-49.27842176833516, -27.441217328662287], [-49.27843922785428, -27.441266311706276], [-49.27843821858629, -27.441331322276113], [-49.27847389462283, -27.44138053043146], [-49.278546256000354, -27.441413936146024], [-49.27865530272522, -27.441431539362927], [-49.27880103477367, -27.441433339994767], [-49.27891008156944, -27.44145094301485], [-49.278982443136265, -27.441484348510592], [-49.2790181194678, -27.441533556538868], [-49.27901711052759, -27.44159856712601], [-49.27903457036442, -27.441647550107685], [-49.27907049899685, -27.441680505478026], [-49.2791248964274, -27.44169743322303], [-49.27919776264262, -27.441698333320446], [-49.27925216010407, -27.441715261016988], [-49.27928808882522, -27.441748216334876], [-49.279305548803514, -27.441797199288157], [-49.27930454002042, -27.441862209882686], [-49.27932200002115, -27.441911192834297], [-49.27935792882425, -27.441944148137182], [-49.279412326432244, -27.44196107577725], [-49.27948519283168, -27.44196197573231], [-49.27953959047058, -27.441978903323918], [-49.279575519362396, -27.44201185857432], [-49.27959297950459, -27.442060841497554], [-49.27959197087863, -27.44212585209945], [-49.27960943104326, -27.442174835021007], [-49.27964536001703, -27.442207790256393], [-49.27969975780246, -27.44222471779154], [-49.279772624386126, -27.442225617604237], [-49.27982702220246, -27.442242545090927], [-49.27986295126495, -27.442275500273837], [-49.27988041157105, -27.442324483167017], [-49.279879403102214, -27.44238949377626], [-49.27989686343075, -27.442438476667768], [-49.27993279257519, -27.442471431835653], [-49.27998719053807, -27.442488359265877], [-49.280060057305946, -27.442489258936213], [-49.28011445529974, -27.442506186317964], [-49.2801503845329, -27.442539141433393], [-49.2801678450029, -27.442588124296496], [-49.28016683669121, -27.442653134913147], [-49.280184297183645, -27.44270211777459], [-49.28022022649876, -27.442735072874974], [-49.2802746246391, -27.442752000200265], [-49.280347491591186, -27.44275289972823], [-49.28040188976242, -27.442769827005055], [-49.280437819166266, -27.442802782052976], [-49.28045527980018, -27.442851764886026], [-49.28045427164562, -27.44291677551005], [-49.28047173230197, -27.442965758341433], [-49.280507661787766, -27.44299871337432], [-49.28056206010555, -27.443015640594666], [-49.280634927241856, -27.443016539980263], [-49.280689325590544, -27.44303346715215], [-49.280725255165066, -27.443066422132567], [-49.280742715962894, -27.443115404935547], [-49.280741707965475, -27.44318041556695], [-49.28077738560649, -27.443229623194068], [-49.28084974892239, -27.443263027790596], [-49.28095879791951, -27.44328062929962], [-49.2811045325741, -27.443282427633754], [-49.28121257391275, -27.44336503959171], [-49.28128292207201, -27.443528465265494], [-49.28131557701509, -27.443772704706188], [-49.28131053853186, -27.444097757924034], [-49.28132497662261, -27.444341772589485], [-49.28135889141555, -27.44450474870908], [-49.28141228294366, -27.444586686274537], [-49.28148515114471, -27.44458758526279], [-49.28153955039966, -27.444604512140277], [-49.281575480721976, -27.44463746692923], [-49.281592942109135, -27.44468644964368], [-49.28159193454258, -27.444751460289506], [-49.28160939595219, -27.444800443002293], [-49.281645326356475, -27.444833397776208], [-49.28169972575799, -27.44485032459721], [-49.281772594143256, -27.44485122344307], [-49.28182699357566, -27.444868150215612], [-49.28186292406868, -27.44490110493704], [-49.28188038561977, -27.44495008762143], [-49.2818793782104, -27.4450150982746], [-49.28189683978393, -27.44506408095731], [-49.28193277035892, -27.44509703566372], [-49.28198716993789, -27.44511396237977], [-49.28206003850739, -27.445114861083237], [-49.28211443811726, -27.445131787750817], [-49.28215036878098, -27.445164742404756], [-49.28216783049601, -27.44521372505906], [-49.282166823243806, -27.445278735719594], [-49.28218428498127, -27.44532771837224], [-49.28222021572696, -27.445360673011116], [-49.2822746154834, -27.445377599622216], [-49.28234748423712, -27.445378498183292], [-49.28240188402446, -27.44539542474591], [-49.28243781485888, -27.445428379332327], [-49.28245527673784, -27.445477361956552], [-49.28245426964283, -27.44554237262444], [-49.282471731544234, -27.445591355247004], [-49.282507662460624, -27.44562430981837], [-49.28256206239453, -27.44564123632451], [-49.28263493133248, -27.44564213474318], [-49.28268933129728, -27.44565906120084], [-49.28272526230241, -27.44569201571973], [-49.28274272434531, -27.445740998313873], [-49.28274171740747, -27.445806008989152], [-49.28275917947283, -27.445854991581626], [-49.282795110559924, -27.445887946085463], [-49.2828495106713, -27.445904872486643], [-49.282922379793476, -27.44590577076291], [-49.28297652823395, -27.445938949786076], [-49.283011956020296, -27.446004409578897], [-49.28302866314618, -27.446102150154744], [-49.28302664957135, -27.446232171517412], [-49.283043356733046, -27.4463299120906], [-49.28307878467152, -27.44639537187048], [-49.2831329333931, -27.44642855084371], [-49.283205802870214, -27.446429448987487], [-49.28325995164873, -27.44646262791367], [-49.28329537975622, -27.446528087645053], [-49.28331208718635, -27.44662582819496], [-49.28331007389887, -27.446755849567218], [-49.28332678136482, -27.44685359011448], [-49.283362209624435, -27.446919049832896], [-49.283416358684065, -27.446952228709158], [-49.28348922851613, -27.446953126720445], [-49.28354362926265, -27.446970052876807], [-49.2835795609371, -27.44700300720048], [-49.28359702353694, -27.447051989705482], [-49.28359601704365, -27.4471170003977], [-49.283613479665945, -27.447165982901037], [-49.283649411422374, -27.447198937209656], [-49.28370381231548, -27.44721586330952], [-49.283776682331776, -27.447216761178396], [-49.28383108325578, -27.44723368722979], [-49.28386701510094, -27.447266641485914], [-49.28388447786475, -27.447315623960836], [-49.283883471528654, -27.4473806346604], [-49.283900934314914, -27.44742961713365], [-49.283936866242065, -27.447462571374736], [-49.28399126731264, -27.447479497369628], [-49.28406413751317, -27.447480395096083], [-49.28411828706329, -27.44751357371903], [-49.28415371599059, -27.447579033261228], [-49.28417042428872, -27.44767677373605], [-49.28416841191745, -27.447806795147315], [-49.28418512025141, -27.44790453561949], [-49.28422054933085, -27.447969995148735], [-49.2842746991621, -27.448003173721727], [-49.28434756971759, -27.448004071315676], [-49.284401971121206, -27.4480209971639], [-49.284437903386426, -27.448053951288646], [-49.28445536651072, -27.44810293370395], [-49.28445436047554, -27.448167944415633], [-49.28447182362229, -27.44821692682926], [-49.2845077559695, -27.448249880938945], [-49.2845621575197, -27.44826680673067], [-49.28463502825943, -27.448267704182186], [-49.28468917836441, -27.448300882604986], [-49.28472460786222, -27.448366342021878], [-49.28474131674655, -27.448464082446154], [-49.28473930497713, -27.44859410388169], [-49.28475601389729, -27.44869184430333], [-49.28479144354726, -27.448757303707225], [-49.28484559393339, -27.44879048208009], [-49.28491846502808, -27.448791379399083], [-49.28497286691134, -27.448808305044132], [-49.28500879959664, -27.448841259037454], [-49.285026263081434, -27.44889024139311], [-49.2850252573472, -27.44895525211695], [-49.285042720854456, -27.449004234470927], [-49.285078653621746, -27.449037188449214], [-49.28513305565159, -27.44905411403775], [-49.28520592693052, -27.44905501121431], [-49.2852598261893, -27.449104442119506], [-49.28529475346832, -27.449202406776465], [-49.28531070875495, -27.44934890519731], [-49.285307691983434, -27.449543937383154], [-49.28526899353435, -27.449689762951724], [-49.28519461333128, -27.449786381872112], [-49.285084551390675, -27.449833794089372], [-49.284938807821874, -27.44983199952444], [-49.284829751626084, -27.449814400823566], [-49.284757382827095, -27.44978099807421], [-49.28472170141857, -27.44973179133324], [-49.284722707364054, -27.449666780627012], [-49.284705243913024, -27.44961779823904], [-49.284669311084, -27.44958484416345], [-49.28461490887953, -27.449567918386247], [-49.28454203728614, -27.449567020885166], [-49.284488138150444, -27.449517589709583], [-49.2844532115129, -27.449419624882648], [-49.284437257360814, -27.44927312641645], [-49.28444027562846, -27.44907809431212], [-49.284424321516724, -27.448931595840616], [-49.28438939509138, -27.448833631000852], [-49.284335496365074, -27.44878419978068], [-49.284262625297394, -27.448783302156993], [-49.284208223550664, -27.448766376239895], [-49.284172291138354, -27.448733422051642], [-49.284154828057936, -27.44868443960626], [-49.284155834290864, -27.448619428909602], [-49.28413837123289, -27.44857044646255], [-49.28410243890258, -27.44853749225923], [-49.28404803730243, -27.448520566285648], [-49.283975166419, -27.448519668519527], [-49.28392076484975, -27.448502742497446], [-49.28388483260818, -27.448469788241653], [-49.283867369691734, -27.448420805766176], [-49.28386837608188, -27.448355795076868], [-49.283850913187884, -27.448306812599732], [-49.28381498102829, -27.448273858328882], [-49.283760579605634, -27.44825693225031], [-49.28368770890645, -27.448256034341764], [-49.28363330751469, -27.448239108214704], [-49.28359737544385, -27.448206153891377], [-49.283579912691366, -27.448157171385805], [-49.28358091923872, -27.448092160703865], [-49.28356345650871, -27.44804317819662], [-49.28352752451984, -27.448010223858237], [-49.283473123274675, -27.44799329767468], [-49.283400252759726, -27.447992399623708], [-49.28334610321497, -27.447959220722833], [-49.28331067466798, -27.447893760994827], [-49.283293967112414, -27.44779602045302], [-49.283295980508036, -27.447665999101265], [-49.28327927298829, -27.447568258556814], [-49.283243844593436, -27.44750279881586], [-49.2831896953298, -27.447469619865036], [-49.28311682516982, -27.447468721681563], [-49.283062927668354, -27.447419290016004], [-49.28302800286581, -27.447321324891487], [-49.28301205074952, -27.447174826320136], [-49.28301507125372, -27.446979794303036], [-49.28299911917774, -27.446833295726382], [-49.28296419458733, -27.446735330589057], [-49.28291029749518, -27.446685898878933], [-49.28283742786087, -27.446685000572888], [-49.28278327911352, -27.44665182148422], [-49.28274785128068, -27.44658636163571], [-49.282731144356035, -27.446488621040686], [-49.28273315829933, -27.44635859970299], [-49.2827164514105, -27.446260859105312], [-49.282681023729786, -27.44619539924384], [-49.28262687526353, -27.446162220105244], [-49.28255400598417, -27.446161321666718], [-49.282499605800965, -27.446144395146984], [-49.28246367472739, -27.446111440568252], [-49.28244621276091, -27.446062457944585], [-49.28244721988298, -27.44599744728179], [-49.28241154065579, -27.445948240026222], [-49.28233917511577, -27.44591483615152], [-49.28223012326928, -27.44589723560078], [-49.282084385092546, -27.445895438286602], [-49.281975333316936, -27.445877837539005], [-49.28190296796623, -27.445844433445412], [-49.28186728903408, -27.445795226062707], [-49.28186829648404, -27.445730215417207], [-49.28185083483537, -27.44568123273115], [-49.28181490410658, -27.44564827799866], [-49.281760504300244, -27.44563135120572], [-49.281687635402875, -27.445630452330064], [-49.28163323562743, -27.44561352548864], [-49.281597304987386, -27.445580570703676], [-49.2815798434802, -27.44553158798921], [-49.28158085108734, -27.4454665773511], [-49.2815633896026, -27.445417594634968], [-49.281527459044526, -27.44538463983496], [-49.28147305941565, -27.445367712937056], [-49.28140019070252, -27.44536681391901], [-49.28134579110454, -27.445349886972625], [-49.281309860635204, -27.445316932120164], [-49.28129239929196, -27.445267949375616], [-49.28129340705626, -27.44520293874487], [-49.28127594573546, -27.44515395599866], [-49.28124001534808, -27.445121001131128], [-49.281185615896675, -27.445104074128277], [-49.28111274736778, -27.44510317496784], [-49.28105859992101, -27.44506999526046], [-49.281023173583954, -27.445004535028936], [-49.28100646835026, -27.444906794286602], [-49.28100848417967, -27.444776773037276], [-49.280991778981765, -27.44467903229229], [-49.2809563527968, -27.44461357204782], [-49.2809022056311, -27.444580392290536], [-49.28082933745713, -27.444579492997644], [-49.28077493833873, -27.44456256584818], [-49.280739008289366, -27.444529610864368], [-49.280721547306506, -27.444480628060255], [-49.280722555371604, -27.444415617441674], [-49.28068687740437, -27.444366409792075], [-49.28061451344125, -27.444333005085117], [-49.280505463488595, -27.44431540326392], [-49.280359727522644, -27.44431360424106], [-49.28025067764089, -27.444296002223], [-49.28017831386708, -27.444262597297183], [-49.280142636194874, -27.444213389520478], [-49.280143644587824, -27.444148378919202], [-49.28010796696535, -27.444099171135235], [-49.280035603363935, -27.444065766142227], [-49.27992655378989, -27.444048163883316], [-49.27978081821949, -27.444046364271074], [-49.279671768716355, -27.444028761815307], [-49.279599405304246, -27.443995356603455], [-49.2795637279768, -27.443946148692383], [-49.27956473669759, -27.443881138108438], [-49.27954727632781, -27.443832155181276], [-49.279511346886025, -27.44379919990504], [-49.279456948374765, -27.443782272265718], [-49.27938408078057, -27.443781372241066], [-49.279329682300215, -27.44376444455328], [-49.27929375294716, -27.44373148922459], [-49.27927629271886, -27.443682506269024], [-49.279277301596785, -27.443617495692457], [-49.279259841390925, -27.443568512735233], [-49.279223912119825, -27.443535557391524], [-49.27916951378602, -27.443518629647258], [-49.27909664637606, -27.44351772948024], [-49.27904224807317, -27.44350080168753], [-49.2790063188908, -27.44346784629134], [-49.278988858826416, -27.443418863305734], [-49.27898986786147, -27.44335385273654], [-49.278972407819516, -27.44330486974926], [-49.2789364787191, -27.44327191433805], [-49.27888208056277, -27.443254986488856], [-49.27880921333704, -27.443254086179472], [-49.2787548152116, -27.443237158281832], [-49.27871888619992, -27.44320420281814], [-49.278701426299435, -27.443155219802478], [-49.278702435491624, -27.443090209240662], [-49.27868497561359, -27.443041226223333], [-49.278649046683846, -27.443008270744627], [-49.27859464870497, -27.44299134279052], [-49.27852178166347, -27.442990442338772], [-49.2784676360462, -27.442957261697384], [-49.2784322118807, -27.44289180088917], [-49.278415509160624, -27.442794059927433], [-49.278417527845704, -27.442664038816], [-49.27840082516138, -27.442566297851624], [-49.27836540114792, -27.442500837030472], [-49.27831125581168, -27.44246765633922], [-49.27823838912509, -27.44246675575506], [-49.27818399147919, -27.442449827654382], [-49.278148062887425, -27.44241687205942], [-49.27813060334725, -27.44236788898421], [-49.278131612840134, -27.442302878434628], [-49.2781141533224, -27.442253895357748], [-49.278078224812575, -27.44222093974776], [-49.27802382731322, -27.442204011590626], [-49.27795096081087, -27.442203110864117], [-49.277896563342416, -27.442186182658535], [-49.277860634921325, -27.442153226996073], [-49.27784317554505, -27.44210424389082], [-49.27784418519505, -27.442039233348602], [-49.2778267258412, -27.441990250241673], [-49.27779079750206, -27.44195729456421], [-49.27773640018015, -27.441940366302166], [-49.277663533862025, -27.441939465433304], [-49.27760913657103, -27.441922537122807], [-49.27757320832061, -27.441889581392864], [-49.277555749108224, -27.441840598257567], [-49.27755675891533, -27.441775587722724], [-49.27753929972538, -27.44172660458576], [-49.277503371556904, -27.441693648840825], [-49.277448974412444, -27.44167672047386], [-49.27737610827855, -27.44167581946265], [-49.277321711165, -27.441658891047226], [-49.277285783085254, -27.441625935249835], [-49.277268324036754, -27.44157695208449], [-49.27726933400097, -27.441511941557042], [-49.27725187497491, -27.44146295839003], [-49.2772159469771, -27.44143000257761], [-49.27716155001009, -27.44141307410574], [-49.27708868406043, -27.441412172952187], [-49.277034539648035, -27.441378991801635], [-49.276999116800454, -27.441313530676894], [-49.276982415511334, -27.441215789591272], [-49.27698443574041, -27.4410857685486], [-49.27694951807096, -27.440987802153398], [-49.27687766257716, -27.440921890382274], [-49.27676886926918, -27.440888033179085], [-49.27662313809321, -27.440886230454925], [-49.2765140923146, -27.44086862568492], [-49.27644173195709, -27.44083521895645], [-49.27640605701431, -27.440786010326438], [-49.276407067449824, -27.440720999821174], [-49.27638960891539, -27.440672016564037], [-49.276353681429576, -27.4406390605492], [-49.276299284994906, -27.44062213176262], [-49.276226419597926, -27.440621230182057], [-49.27617151791048, -27.440636806596242], [-49.276134579913986, -27.44066886102554], [-49.27611560560594, -27.44071739348399], [-49.27611459499977, -27.4407824039793], [-49.27609562066081, -27.44083093643296], [-49.27605868257561, -27.44086299083729], [-49.276003780746706, -27.44087856717822], [-49.27593091519264, -27.44087766543541], [-49.27587601334131, -27.44089324172478], [-49.27583907517416, -27.44092529606669], [-49.27582010068867, -27.440973828475187], [-49.27581908989826, -27.441038838957958], [-49.275781898960695, -27.44108714590133], [-49.27570852784841, -27.441118749275244], [-49.275598976567764, -27.441133649022824], [-49.275453245159035, -27.441131845060397], [-49.27534419937993, -27.44111423937228], [-49.27527183925416, -27.4410808320459], [-49.27523616477536, -27.441031623138116], [-49.27523717590709, -27.440966612675275], [-49.27521971786573, -27.440917629295168], [-49.27518379066983, -27.44088467299197], [-49.275129394321944, -27.440867743751635], [-49.275056528808605, -27.440866841551944], [-49.27500213249163, -27.440849912263168], [-49.27496620538446, -27.440816955907515], [-49.274948747484544, -27.440767972499046], [-49.27494975877335, -27.440702962043602], [-49.27491408455421, -27.440653753062957], [-49.27484172486358, -27.440620345530814], [-49.27473267970782, -27.440602739390293], [-49.27458694906321, -27.44060093455397], [-49.274477398198734, -27.4406158334369], [-49.274404027074105, -27.44064743612275], [-49.27436683568296, -27.440695742668407], [-49.274365824052836, -27.440760753103913], [-49.274346848966275, -27.440809285284296], [-49.274309910409826, -27.440841339201846], [-49.274255008386035, -27.440856914842513], [-49.27418214291345, -27.440856012185947], [-49.274127746755035, -27.440839082561986], [-49.27409181992422, -27.440806125992847], [-49.27407436241849, -27.4407571424926], [-49.27407537421927, -27.440692132067063], [-49.27405791673595, -27.440643148565137], [-49.27402198998708, -27.44061019198101], [-49.27396759397519, -27.44059326230061], [-49.27389472868686, -27.440592359501725], [-49.27384058568873, -27.440559177168137], [-49.27380516500836, -27.44049371532265], [-49.273788466639374, -27.440395973978582], [-49.27379049054149, -27.44026595313977], [-49.27388308971709, -27.440169566052756], [-49.27406626402977, -27.44010681253118], [-49.274340013516465, -27.440077692219074], [-49.274704338387465, -27.4400822045909], [-49.27497783490737, -27.44006933562952], [-49.275160502947784, -27.440039085865514], [-49.2752523424756, -27.43999145565557], [-49.275253353553026, -27.439926445182447], [-49.27529054429402, -27.439878138365213], [-49.275363914671075, -27.439846535173785], [-49.27547346469055, -27.439831635551307], [-49.2756191943927, -27.4398334394141], [-49.27572874437645, -27.439818539588583], [-49.27580211460152, -27.43978693615845], [-49.275839305061545, -27.439738629180546], [-49.27584031578408, -27.439673618684946], [-49.27587750618718, -27.439625311693575], [-49.27595087624329, -27.43959370817636], [-49.27606042595879, -27.439578808076455], [-49.276206155373934, -27.439580611310173], [-49.276315705053705, -27.43956571100725], [-49.276389074957834, -27.43953410725134], [-49.276426265079955, -27.439485800099302], [-49.27642727544762, -27.439420789581206], [-49.27648268165896, -27.43937270777387], [-49.276592483673625, -27.439341554610618], [-49.276756681504324, -27.439327329963195], [-49.276975275216856, -27.43933003364177], [-49.27713846306163, -27.4393808190834], [-49.27724624515976, -27.439479686488127], [-49.27729862148833, -27.439626635982286]]]}, "properties": {"classe": "Media"}}, {"type": "Feature", "geometry": {"type": "Polygon", "coordinates": [[[-49.26987014852009, -27.448637780021368], [-49.26986710468331, -27.44883281064003], [-49.26984660412531, -27.448978857304272], [-49.269808646816, -27.4490759200074], [-49.269753232768124, -27.449123998737285], [-49.26968036203737, -27.449123093476405], [-49.269624947912014, -27.449171172151257], [-49.269586990336386, -27.449268234779364], [-49.269566489297695, -27.44941428137285], [-49.269563444826076, -27.449609311938417], [-49.269542943667325, -27.44975535851725], [-49.26950498579131, -27.44985242110265], [-49.269449571210785, -27.44990049968251], [-49.26937669998146, -27.449899594239287], [-49.26932179281583, -27.449915167675993], [-49.269284849695346, -27.449947220012987], [-49.26926587061744, -27.44999575126432], [-49.26926485559558, -27.450060761437715], [-49.26924587648674, -27.45010929268426], [-49.26920893327748, -27.45014134499626], [-49.269154025970344, -27.450156918359646], [-49.26908115458391, -27.45015601275407], [-49.269027008629585, -27.45012282844283], [-49.26899158813493, -27.45005736544873], [-49.26897489309355, -27.44995962378509], [-49.268976923465125, -27.449829603455754], [-49.26899666401051, -27.44973231462225], [-49.269034114705995, -27.449667757277005], [-49.26908927555798, -27.449635931406707], [-49.26916214660295, -27.449636836992273], [-49.26921781492064, -27.449572505980775], [-49.26925628043489, -27.449442938387943], [-49.26927754312398, -27.449248134224234], [-49.26928160302062, -27.448988093494773], [-49.26930286553167, -27.448793289308956], [-49.26934133062438, -27.44866372166169], [-49.269396998320495, -27.44859939054254], [-49.26946986869617, -27.448600295935762], [-49.2695247751821, -27.448584722406753], [-49.26956171775973, -27.4485526699759], [-49.2695806964265, -27.448504138657214], [-49.26958171119587, -27.44843912845842], [-49.269600689831705, -27.44839059713496], [-49.26963763232056, -27.448358544679074], [-49.269692538665, -27.44834297107677], [-49.269765408883565, -27.448343876307657], [-49.26981930058089, -27.44839331286178], [-49.26985421379733, -27.44849128076232], [-49.26987014852009, -27.448637780021368]]]}, "properties": {"classe": "Alta"}}, {"type": "Feature", "geometry": {"type": "Polygon", "coordinates": [[[-49.26866766962614, -27.450963658093702], [-49.26866462337251, -27.45115868852305], [-49.268644120631336, -27.451304734870465], [-49.26860616137251, -27.45140179712923], [-49.26855074560879, -27.451449875287217], [-49.26847787339589, -27.45144896932691], [-49.26842296534408, -27.45146454236445], [-49.268386021434786, -27.4514965944202], [-49.26836704166547, -27.451545125508204], [-49.26836602604957, -27.451610135636198], [-49.26834704624932, -27.45165866671941], [-49.26831010225124, -27.45169071875015], [-49.268255194057915, -27.45170629171437], [-49.268182321687895, -27.451705385591694], [-49.26812741347214, -27.451720958504314], [-49.268090469392114, -27.451753010472586], [-49.26807148944522, -27.451801541510584], [-49.26807047364493, -27.45186655162597], [-49.268051493667095, -27.45191508265917], [-49.268014549498275, -27.45194713460245], [-49.267959641141005, -27.451962707441744], [-49.26788676861388, -27.4519618011567], [-49.26783262219326, -27.451928616364846], [-49.2677972019067, -27.451863153088997], [-49.267780507747815, -27.45176541134249], [-49.26778253967626, -27.45163539112913], [-49.267802281674456, -27.451538102552476], [-49.2678397337187, -27.45147354560495], [-49.267894895815395, -27.451441720273234], [-49.26796776800103, -27.45144262653826], [-49.26802267609534, -27.45142705368266], [-49.268059620079775, -27.451395001726826], [-49.26807859995177, -27.451346470684776], [-49.26807961572479, -27.451281460564232], [-49.26809859556584, -27.4512329295174], [-49.26813553946149, -27.45120087753655], [-49.26819044741429, -27.451185304607634], [-49.2682633194428, -27.451186210710294], [-49.268318481279735, -27.451154385197228], [-49.26835593288858, -27.451089828087525], [-49.268375674262955, -27.45099253939449], [-49.26837770542657, -27.450862519125696], [-49.26839744672991, -27.450765230423777], [-49.26843489814926, -27.45070067328117], [-49.26849005969102, -27.45066884768454], [-49.268562931391685, -27.45066975361483], [-49.26861682359637, -27.450719190646186], [-49.268651736345454, -27.450817158801776], [-49.26866766962614, -27.450963658093702]]]}, "properties": {"classe": "Alta"}}, {"type": "Feature", "geometry": {"type": "Polygon", "coordinates": [[[-49.26700563793252, -27.445383541826466], [-49.2670036056346, -27.44551356210293], [-49.26702029848178, -27.445611303950958], [-49.2670557165144, -27.44567676736673], [-49.26710985973884, -27.445709952336916], [-49.26718272812758, -27.445710858838716], [-49.26723687140899, -27.445744043761902], [-49.2672722896106, -27.44580950712927], [-49.26728898272602, -27.445907248954175], [-49.26728695071492, -27.446037269240392], [-49.267303643865986, -27.446135011062662], [-49.26733906221954, -27.44620047441717], [-49.26739320578198, -27.446233659290584], [-49.26746607452576, -27.446234565660085], [-49.26752047211561, -27.446251497949355], [-49.26755639856496, -27.446284456180663], [-49.267573853871276, -27.446333440368036], [-49.267572838015965, -27.44639845051732], [-49.267590293344675, -27.446447434703035], [-49.26762621987597, -27.446480392919344], [-49.26768061761242, -27.4464973251522], [-49.26775348654055, -27.446498231379387], [-49.26780788430792, -27.446515163563795], [-49.267843810927985, -27.446548121727677], [-49.26786126639818, -27.44659710588505], [-49.26786025069993, -27.446662116041765], [-49.267877706192536, -27.44671110019749], [-49.26791363289454, -27.446744058346358], [-49.267968030808504, -27.44676099047435], [-49.268040899921, -27.446761896559213], [-49.26809529786589, -27.446778828638735], [-49.26813122465666, -27.44681178673517], [-49.26814868029074, -27.446860770862546], [-49.26814766474958, -27.446925781026724], [-49.26818333772089, -27.446974991653082], [-49.26825569924117, -27.4470084027153], [-49.26836474931681, -27.447026014156513], [-49.2685104879241, -27.447027825889265], [-49.268619538070766, -27.44704543713363], [-49.2686918997805, -27.447078847977046], [-49.268727573046924, -27.447128058476395], [-49.268726557833546, -27.447193068658006], [-49.268762231149694, -27.447242279150117], [-49.26883459303185, -27.447275689926396], [-49.2689436434864, -27.447293300929992], [-49.26908938248965, -27.447295112073434], [-49.26919843301523, -27.447312722880163], [-49.26927079508684, -27.447346133437637], [-49.269306468698105, -27.447395343802725], [-49.26930545381252, -27.44746035400179], [-49.2693411274735, -27.447509564359645], [-49.269413489717536, -27.447542974850002], [-49.269522540551, -27.447560585415943], [-49.269668279950196, -27.447562395970053], [-49.269776823546344, -27.447612511445993], [-49.269848171422055, -27.447710931933997], [-49.269882323560736, -27.44785765748902], [-49.269879279846556, -27.448052688130772], [-49.269858779508574, -27.44819873481984], [-49.26982082251665, -27.44829579754949], [-49.269765408883565, -27.448343876307657], [-49.269692538665, -27.44834297107677], [-49.26963763232056, -27.448358544679074], [-49.269600689831705, -27.44839059713496], [-49.26958171119587, -27.44843912845842], [-49.2695806964265, -27.448504138657214], [-49.26956171775973, -27.4485526699759], [-49.2695247751821, -27.448584722406753], [-49.26946986869617, -27.448600295935762], [-49.269396998320495, -27.44859939054254], [-49.26934133062438, -27.44866372166169], [-49.26930286553167, -27.448793289308956], [-49.26928160302062, -27.448988093494773], [-49.26927754312398, -27.449248134224234], [-49.26925628043489, -27.449442938387943], [-49.26921781492064, -27.449572505980775], [-49.26916214660295, -27.449636836992273], [-49.26908927555798, -27.449635931406707], [-49.269034114705995, -27.449667757277005], [-49.26899666401051, -27.44973231462225], [-49.268976923465125, -27.449829603455754], [-49.26897489309355, -27.44995962378509], [-49.26895515247713, -27.45005691260973], [-49.26891770159216, -27.45012146992208], [-49.26886254044503, -27.450153295708823], [-49.26878966907222, -27.450152389950894], [-49.26873450787535, -27.450184215684363], [-49.268697056817935, -27.450248772928287], [-49.268677315893584, -27.450346061696003], [-49.268675285126, -27.450476081995063], [-49.26865554413061, -27.45057337075389], [-49.268618092883706, -27.450637927964927], [-49.268562931391685, -27.45066975361483], [-49.26849005969102, -27.45066884768454], [-49.26843489814926, -27.45070067328117], [-49.26839744672991, -27.450765230423777], [-49.26837770542657, -27.450862519125696], [-49.268375674262955, -27.45099253939449], [-49.26835593288858, -27.451089828087525], [-49.268318481279735, -27.451154385197228], [-49.2682633194428, -27.451186210710294], [-49.26819044741429, -27.451185304607634], [-49.26813553946149, -27.45120087753655], [-49.26809859556584, -27.4512329295174], [-49.26807961572479, -27.451281460564232], [-49.26807859995177, -27.451346470684776], [-49.268059620079775, -27.451395001726826], [-49.26802267609534, -27.45142705368266], [-49.26796776800103, -27.45144262653826], [-49.267894895815395, -27.451441720273234], [-49.2678397337187, -27.45147354560495], [-49.267802281674456, -27.451538102552476], [-49.26778253967626, -27.45163539112913], [-49.267780507747815, -27.45176541134249], [-49.26776076567857, -27.451862699910254], [-49.267723313444804, -27.451927256824884], [-49.26766815105293, -27.451959082073028], [-49.267595278539446, -27.451958175635625], [-49.26754037012731, -27.451973748306543], [-49.267503425797955, -27.452005800106154], [-49.26748444554883, -27.45205433104852], [-49.267483429393394, -27.452119341141348], [-49.26746444911332, -27.452167872078924], [-49.26742750469518, -27.452199923853527], [-49.26737259614153, -27.452215496451114], [-49.26729972347092, -27.452214589851334], [-49.26724481489485, -27.45223016239733], [-49.26720787039474, -27.45226221410948], [-49.26718888996804, -27.452310745001817], [-49.267187873628195, -27.452375755082045], [-49.26707780217113, -27.45242315257281], [-49.26685867552573, -27.452452937211696], [-49.26653049373935, -27.452465108484727], [-49.26609325697781, -27.452459665626296], [-49.26576507519241, -27.452471835090073], [-49.26554594821735, -27.45250161764166], [-49.26543587600525, -27.452549013795036], [-49.265434858627195, -27.452614023812604], [-49.26537944092386, -27.452662100608407], [-49.26526962285488, -27.452693244115707], [-49.26510540443308, -27.4527074542062], [-49.264886785724414, -27.452704730689984], [-49.264723585062974, -27.452653930333778], [-49.264615802569764, -27.45255505333781], [-49.26456343822173, -27.45240809982847], [-49.26456649185173, -27.452213069858328], [-49.2645870001707, -27.452067024386455], [-49.26462496314855, -27.451969963406118], [-49.2646803807981, -27.451921886905232], [-49.264753253175044, -27.451922794866256], [-49.26480841631828, -27.451890970810926], [-49.264845870191316, -27.451826414758287], [-49.26486561478774, -27.451729126721702], [-49.26486765013123, -27.451599106708716], [-49.26490561268347, -27.4515020456268], [-49.264979502390666, -27.451437943445086], [-49.26508931926306, -27.45140680010738], [-49.26523506337495, -27.451408615532234], [-49.26534488015771, -27.451377471988142], [-49.26541876953707, -27.45131336955655], [-49.26545673150278, -27.451216308293635], [-49.26545876610863, -27.451086288230282], [-49.2654785100022, -27.450989000065846], [-49.26551596315978, -27.450924443792726], [-49.2655711255878, -27.450892619397628], [-49.265643997322734, -27.45089352686147], [-49.26569890541371, -27.450877954923747], [-49.26573584984214, -27.45084590360481], [-49.26575483060548, -27.450797372918707], [-49.265755847717166, -27.45073236287315], [-49.265774828449565, -27.450683832182268], [-49.26581177278921, -27.4506517808383], [-49.26586668073868, -27.450636208827248], [-49.26593955231653, -27.450637116128718], [-49.26599446024358, -27.45062154406606], [-49.26603140450128, -27.450589492659642], [-49.26605038508705, -27.450540961923497], [-49.26605140201434, -27.450475951865375], [-49.26607038256916, -27.450427421124438], [-49.266107326738066, -27.45039536969301], [-49.26616223452362, -27.450379797557023], [-49.26623510594438, -27.450380704696123], [-49.26629128468097, -27.450283869923386], [-49.26633077061236, -27.45008929325027], [-49.26635356369122, -27.449796974682403], [-49.26635966394383, -27.449406914219576], [-49.26634602140395, -27.449114142102562], [-49.266312636237366, -27.448918658342897], [-49.26625950849143, -27.448820462934933], [-49.26618663809508, -27.44881955585595], [-49.26613223950157, -27.448802623002525], [-49.26609631272437, -27.448769664396888], [-49.26607885776091, -27.448720680053107], [-49.26607987459262, -27.448655669976997], [-49.26604420208919, -27.448606458841233], [-49.26597184028709, -27.448573046619483], [-49.26586278919274, -27.448555433254853], [-49.265717048782435, -27.448553618659897], [-49.26560799775914, -27.44853600509842], [-49.265535636146545, -27.44850259265786], [-49.26549996393825, -27.448453381395105], [-49.26550098109776, -27.448388371336474], [-49.26548352645206, -27.448339386930478], [-49.26544760001972, -27.44830642817125], [-49.2653932018033, -27.44828949504479], [-49.26532033178936, -27.448288587528836], [-49.265266950892716, -27.448206644301656], [-49.26523305917546, -27.448043665386386], [-49.265218656604304, -27.44779965079128], [-49.265223743050555, -27.44747460050977], [-49.265191123172855, -27.447230359007644], [-49.26512079718184, -27.447066926274765], [-49.26501276511464, -27.446984302260027], [-49.2648670268349, -27.44698248687135], [-49.26475746875083, -27.44699737774147], [-49.264684090822094, -27.447028974954055], [-49.26464689304228, -27.447077278566002], [-49.26464587543893, -27.44714228860739], [-49.26462689491805, -27.447190819173112], [-49.264589951466206, -27.447222870255448], [-49.264535045085964, -27.447238441840373], [-49.26446217579588, -27.447237533907515], [-49.26440828714126, -27.44718809540873], [-49.26437337916244, -27.44709012636719], [-49.264357451846614, -27.446943626795004], [-49.264360505127804, -27.446748596693233], [-49.264344577851844, -27.446602097115786], [-49.26430967008467, -27.44650412806159], [-49.264255781839104, -27.446454689518507], [-49.26418291307481, -27.44645378146341], [-49.264128515973375, -27.44643684788968], [-49.264092590548245, -27.44640388881954], [-49.26407513679685, -27.44635490426703], [-49.26407615470062, -27.446289894238003], [-49.26405870097162, -27.44624090968384], [-49.26402277562842, -27.446207950598712], [-49.26396837867358, -27.446191016968587], [-49.26389551009367, -27.44619010877119], [-49.26384111316977, -27.446173175092596], [-49.26380518791534, -27.44614021595503], [-49.263787734327806, -27.446091231372545], [-49.26378875238862, -27.446026221350994], [-49.263753081715215, -27.445977009696946], [-49.263680722344084, -27.445943596384083], [-49.26357167428165, -27.445925981355526], [-49.26342593750423, -27.44592416452384], [-49.26331688951287, -27.445906549298467], [-49.26324453033125, -27.445873135766824], [-49.263208859952954, -27.44582392398583], [-49.263209878341485, -27.445758913981756], [-49.26315599095435, -27.445709475047575], [-49.263047197847236, -27.445675607122194], [-49.26288349903298, -27.44565731007733], [-49.26266489448152, -27.4456545837175], [-49.26250119578745, -27.445636286227472], [-49.26239240298084, -27.445602417802753], [-49.26233851604887, -27.4455529785716], [-49.26233953493582, -27.44548796859507], [-49.26221278006096, -27.445437620291834], [-49.26195825156966, -27.44540193331896], [-49.26157594952607, -27.445380906976975], [-49.26106587391314, -27.44537454020984], [-49.260683572276136, -27.445353511429808], [-49.260429044632104, -27.445317821692928], [-49.260302290916854, -27.44526747169867], [-49.26030331098498, -27.44520246178993], [-49.26050446238151, -27.44515620688751], [-49.260905745010035, -27.445128706117465], [-49.26150715902715, -27.445119957752247], [-49.262308704842376, -27.445129959210554], [-49.26290960984137, -27.445153709780488], [-49.263309873966676, -27.44519121206407], [-49.26350949706184, -27.445242467788848], [-49.26350847887135, -27.445307477808072], [-49.26356236623869, -27.445356916606784], [-49.263671159219534, -27.44539078412389], [-49.26383485782672, -27.445409080231137], [-49.26405346203018, -27.445411804733027], [-49.26421716075753, -27.445430100395114], [-49.26432595403885, -27.44546396741288], [-49.264379841861334, -27.445513405914603], [-49.26437882416926, -27.445578415961368], [-49.2644691461844, -27.44562830839997], [-49.264650808004696, -27.445663083056985], [-49.264923809663465, -27.445682739575645], [-49.26528815112934, -27.445687277415875], [-49.26556166153602, -27.445674427649724], [-49.26574434075482, -27.44564419080788], [-49.26583618875247, -27.4455965672471], [-49.26583720559105, -27.4455315571502], [-49.265856185265, -27.445483026370713], [-49.2658931277609, -27.44545097490088], [-49.26594803308129, -27.445435402726684], [-49.26602090124473, -27.445436309827745], [-49.26607580654271, -27.445420737601953], [-49.26611274895667, -27.44538868606968], [-49.26613172848404, -27.445340155244942], [-49.26613274513827, -27.445275145135483], [-49.266188158651346, -27.445227067804826], [-49.26629796898295, -27.445195923186247], [-49.266462176145865, -27.445181711151502], [-49.266680780206016, -27.44518443151072], [-49.26684422515519, -27.445218976622726], [-49.26695251106956, -27.445285346685466], [-49.26700563793252, -27.445383541826466]]]}, "properties": {"classe": "Media"}}, {"type": "Feature", "geometry": {"type": "Polygon", "coordinates": [[[-49.26629662207502, -27.453437537888345], [-49.266294588247895, -27.453567557965627], [-49.266256626077336, -27.453664619422437], [-49.26618273550953, -27.45372872222789], [-49.26607291655473, -27.453759866325818], [-49.2659271692872, -27.45375805163474], [-49.26581760454424, -27.45377294302136], [-49.265744222285484, -27.453804540569397], [-49.26570702250455, -27.453852844335746], [-49.265706005228964, -27.453917854350504], [-49.26568702383043, -27.453966384983442], [-49.26565007829549, -27.45399843622684], [-49.26559516862671, -27.454014008066668], [-49.26552229484267, -27.45401310048254], [-49.265467385151474, -27.454028672270756], [-49.26543043953456, -27.454060723451693], [-49.26541145798938, -27.454109254039366], [-49.26541044052936, -27.454174264041534], [-49.26539145895322, -27.454222794624425], [-49.2653545132475, -27.45425484578033], [-49.26529960341478, -27.454270417495202], [-49.265226729473625, -27.45426950974868], [-49.26517258282237, -27.454236323917343], [-49.26513716348857, -27.454170860024032], [-49.26512047146579, -27.454073118082043], [-49.265122506713716, -27.453943098095195], [-49.265142251555, -27.453845810053807], [-49.265179705965956, -27.453781253950268], [-49.26523486995299, -27.453749429771275], [-49.265307743552604, -27.45375033749774], [-49.26536265312234, -27.453734765766544], [-49.26539959864362, -27.45370271459805], [-49.265418580113874, -27.45365418400629], [-49.265419597546575, -27.453589173999003], [-49.26545679735313, -27.45354087030942], [-49.26553017950601, -27.453509272907453], [-49.26563974401161, -27.45349438173622], [-49.265785490910275, -27.453496196712003], [-49.26589505538023, -27.45348130533761], [-49.26596843738111, -27.453449707696745], [-49.26600563690654, -27.453401403846318], [-49.26600665398404, -27.453336393816418], [-49.266025635121096, -27.453287863124213], [-49.26606258030425, -27.453255811762013], [-49.26611748953607, -27.45324023971575], [-49.26619036283512, -27.453241146965066], [-49.26624450934526, -27.453274332396635], [-49.26627992909403, -27.453339796033287], [-49.26629662207502, -27.453437537888345]]]}, "properties": {"classe": "Media"}}, {"type": "Feature", "geometry": {"type": "Polygon", "coordinates": [[[-49.265354474968596, -27.45774981317196], [-49.2653534573173, -27.457814823138182], [-49.26537091315347, -27.457863807563434], [-49.26540684249564, -27.457896766441873], [-49.26546124534641, -27.45791369975946], [-49.265534121692305, -27.457914607493933], [-49.26558852457403, -27.457931540763028], [-49.26562445400503, -27.457964499589025], [-49.26564190998274, -27.458013483985926], [-49.265640892488605, -27.4580784939596], [-49.26565834848874, -27.458127478354854], [-49.26569427800173, -27.458160437165827], [-49.265748681030125, -27.458177370378493], [-49.26582155756049, -27.458178277970593], [-49.26587596061985, -27.458195211134765], [-49.26591189022166, -27.45822816989329], [-49.26592934636336, -27.458277154260195], [-49.265928329026366, -27.45834216424134], [-49.26594578519048, -27.458391148606584], [-49.26598171487428, -27.458424107350094], [-49.26603611808033, -27.458441040457835], [-49.26610899479516, -27.45844194790755], [-49.266163398032155, -27.458458880966816], [-49.266199327804785, -27.458491839657867], [-49.266216784110455, -27.45854082399476], [-49.26621576693062, -27.45860583398336], [-49.26623322325872, -27.458654818318593], [-49.266269153113335, -27.458687776994655], [-49.266323556497014, -27.458704709997466], [-49.26639643339632, -27.458705617304794], [-49.26645083681096, -27.458722550259132], [-49.2664867667544, -27.458755508882714], [-49.266504223224054, -27.45880449318961], [-49.26650320620138, -27.458869503185635], [-49.266520662693466, -27.458918487490873], [-49.26655659271889, -27.458951446099462], [-49.26661099628022, -27.458968378997355], [-49.266683873363995, -27.458969286162294], [-49.26673776851007, -27.45901872401298], [-49.2667726817588, -27.459116692572593], [-49.266788613097404, -27.459263191853235], [-49.2667855624599, -27.45945822185599], [-49.266765055084974, -27.459604267574793], [-49.26672709094251, -27.459701329002918], [-49.2666716700453, -27.459749406128257], [-49.26659879244907, -27.459748498933266], [-49.26654438851363, -27.45973156601476], [-49.26650845825245, -27.459698607395005], [-49.26649100166297, -27.459649623088037], [-49.266492018726616, -27.45958461309969], [-49.266474562159566, -27.459535628791063], [-49.266438631980385, -27.459502670156294], [-49.26638422819164, -27.45948573718135], [-49.26631135077989, -27.459484829843966], [-49.266257201320684, -27.45945164432509], [-49.266221779841594, -27.459386180647584], [-49.2662050863362, -27.459288438824746], [-49.26620712076415, -27.45915841886041], [-49.26619042729443, -27.45906067703496], [-49.26615500596738, -27.45899521334456], [-49.26610085678939, -27.458962027775907], [-49.266027979732925, -27.45896112030615], [-49.26597357627749, -27.458944187184663], [-49.265937646436534, -27.458911228433685], [-49.2659201902075, -27.458862244067273], [-49.265921207571814, -27.458797234091286], [-49.265903751365194, -27.458748249723214], [-49.265867821606236, -27.458715290957247], [-49.26581341829748, -27.45869835777931], [-49.2657405414255, -27.458697450167172], [-49.26568613814771, -27.458680516940767], [-49.26565020847757, -27.458647558122323], [-49.265632752412515, -27.45859857372592], [-49.265633769933984, -27.458533563757356], [-49.26561631389135, -27.458484579359293], [-49.2655803843032, -27.458451620525857], [-49.2655259811721, -27.458434687243003], [-49.265453104484585, -27.458433779488484], [-49.26539870138444, -27.458416846157146], [-49.265362771885115, -27.45838388727125], [-49.26534531598404, -27.45833490284484], [-49.265346333662656, -27.45826989288374], [-49.26532887778401, -27.45822090845567], [-49.26529294836667, -27.458187949554773], [-49.265238545413204, -27.458171016167], [-49.265165668910164, -27.458170108270103], [-49.26511152043999, -27.45813692234523], [-49.2650761000302, -27.45807145841522], [-49.26505940767441, -27.45797371649339], [-49.26506144333226, -27.457843696583577], [-49.265081189121446, -27.45774640863753], [-49.265118645018276, -27.457681852647692], [-49.26517381102914, -27.457650028600742], [-49.265246687190576, -27.45765093647759], [-49.265301089894656, -27.457667869851605], [-49.26533701915485, -27.457700828745057], [-49.265354474968596, -27.45774981317196]]]}, "properties": {"classe": "Media"}}, {"type": "Feature", "geometry": {"type": "Polygon", "coordinates": [[[-49.2667738680649, -27.460205836813074], [-49.266771834211, -27.46033585679694], [-49.26675208929885, -27.460433144995704], [-49.26671463330474, -27.460497701401767], [-49.26665946623507, -27.460529526001803], [-49.26658658812635, -27.460528618776763], [-49.26653116673655, -27.460576695818716], [-49.26649320200991, -27.46067375714519], [-49.26647269393366, -27.46081980276832], [-49.266469642537906, -27.461014832694826], [-49.26644913434146, -27.461160878303296], [-49.266411169314196, -27.46125793958703], [-49.266355747468914, -27.461306016533904], [-49.26628286886135, -27.46130510912638], [-49.266227955585016, -27.461320681036586], [-49.266191007621316, -27.461352732284897], [-49.26617202496771, -27.461401262885364], [-49.266171007637645, -27.46146627284572], [-49.26615202495307, -27.461514803441393], [-49.26611507690055, -27.461546854664693], [-49.26606016348262, -27.461562426501533], [-49.26598728471788, -27.461561518931568], [-49.26593364312056, -27.461495828277847], [-49.26589923874256, -27.46136535456363], [-49.26588407156212, -27.461170097799375], [-49.26588814148378, -27.46091005798267], [-49.26590941343995, -27.46071525501562], [-49.26594788739794, -27.46058568889309], [-49.26600356337953, -27.46052135960463], [-49.26607644146093, -27.460522267134508], [-49.266131354352694, -27.46050669526504], [-49.26616830203623, -27.46047464401656], [-49.266187284508995, -27.46042611340317], [-49.26618830178443, -27.460361103432554], [-49.26620728422623, -27.46031257281436], [-49.26624423182095, -27.460280521540874], [-49.26629914457113, -27.460264949598038], [-49.26637202249536, -27.46026585696549], [-49.26642693522312, -27.46025028497104], [-49.26646388273584, -27.460218233635047], [-49.266482865030945, -27.460169702971605], [-49.26648388212189, -27.460104692988416], [-49.266502864386034, -27.46005616232017], [-49.26653981180992, -27.460024110959175], [-49.266594724396114, -27.46000853889137], [-49.26666760216317, -27.46000944609638], [-49.26672175201762, -27.46004263147137], [-49.266757173986996, -27.460108095039153], [-49.2667738680649, -27.460205836813074]]]}, "properties": {"classe": "Media"}}, {"type": "Feature", "geometry": {"type": "Polygon", "coordinates": [[[-49.26588356281806, -27.461202602775742], [-49.26587644031172, -27.461657672428004], [-49.2658528785607, -27.46199874772961], [-49.26581287754766, -27.46222582868451], [-49.26575643733662, -27.462338915290214], [-49.26568355807301, -27.462338007537753], [-49.265628135360934, -27.462386084148115], [-49.26559016914466, -27.462483145138837], [-49.26556965941137, -27.462629190522033], [-49.26556660619119, -27.462824220304437], [-49.26554609633768, -27.462970265672972], [-49.265508129820724, -27.46306732662094], [-49.26545270665313, -27.4631154031362], [-49.26537982689064, -27.463114495201243], [-49.26532618496867, -27.463048804309224], [-49.26529178093914, -27.46291833048342], [-49.26527661478025, -27.462723073734267], [-49.26528068639655, -27.46246303405936], [-49.26530195987311, -27.462268231289915], [-49.26534043517726, -27.46213866542078], [-49.26539611233077, -27.462074336441518], [-49.26546899140987, -27.46207524433638], [-49.2655251773245, -27.46197841033379], [-49.26556466995357, -27.46178383444522], [-49.26558746924971, -27.461491516676276], [-49.26559357523919, -27.461101457026764], [-49.265616374213984, -27.460809139215716], [-49.26565586614781, -27.460614563243364], [-49.26571205108806, -27.46051772910406], [-49.26578492915581, -27.460518636786354], [-49.26583780710465, -27.460633084947602], [-49.26587068501342, -27.460861073609898], [-49.26588356281806, -27.461202602775742]]]}, "properties": {"classe": "Alta"}}, {"type": "Feature", "geometry": {"type": "Polygon", "coordinates": [[[-49.26701809700957, -27.463232429480218], [-49.26701708009646, -27.463297439452642], [-49.26697987742159, -27.463345743374422], [-49.26690648895742, -27.463377341215462], [-49.26679691471033, -27.463392232918824], [-49.26665115472069, -27.463390418400778], [-49.26654158043792, -27.463405309900892], [-49.26646819182166, -27.46343690750295], [-49.26643098886552, -27.463485211263837], [-49.266429971597034, -27.46355022121366], [-49.26639276858387, -27.46359852496105], [-49.26631937979846, -27.46363012247588], [-49.26620980524722, -27.46364501370126], [-49.2660640449705, -27.463643198553427], [-49.26595497916004, -27.463625584609428], [-49.265882607839586, -27.463592171956773], [-49.26584693100271, -27.463542960652383], [-49.26584794861291, -27.4634779507226], [-49.265830491821944, -27.463428966344097], [-49.265794560648416, -27.463396007511015], [-49.26574015509487, -27.463379074209335], [-49.26566727514785, -27.46337816641679], [-49.26561286962527, -27.463361233066614], [-49.26557693854058, -27.463328274181073], [-49.265559481891216, -27.463279289774217], [-49.265560499658605, -27.46321427985189], [-49.265652362736276, -27.46316665720572], [-49.26583507106208, -27.463136421652763], [-49.26610862466931, -27.463123572835975], [-49.26647302368671, -27.46312811022427], [-49.266746068739046, -27.463147765131335], [-49.266927759857765, -27.463182538097634], [-49.26701809700957, -27.463232429480218]]]}, "properties": {"classe": "Alta"}}, {"type": "Feature", "geometry": {"type": "Polygon", "coordinates": [[[-49.26900134223141, -27.4669308797456], [-49.26899727857196, -27.4671909197667], [-49.26904889282489, -27.46738662940913], [-49.2691561852189, -27.467518008625625], [-49.26931915578595, -27.46758505729136], [-49.26953780436128, -27.46758777520407], [-49.26970153693139, -27.467606065919597], [-49.26981035352649, -27.467639929633584], [-49.26986425413376, -27.467689366474435], [-49.26986323869749, -27.467754376503294], [-49.26984425636371, -27.467802907585746], [-49.26980730711898, -27.467834959714054], [-49.269752390965834, -27.467850532874188], [-49.269679507922866, -27.467849627045755], [-49.26962459174728, -27.46786520015424], [-49.26958764242051, -27.467897252220062], [-49.269568659939985, -27.467945783257257], [-49.26956764431919, -27.46801079327355], [-49.2695486618077, -27.468059324305962], [-49.26951171239207, -27.468091376346756], [-49.26945679607484, -27.46810694938189], [-49.26938391287461, -27.46810604339099], [-49.26932950441818, -27.468089111371043], [-49.26929357071903, -27.468056153344346], [-49.26927611177459, -27.46800716932492], [-49.26927712756629, -27.46794215931863], [-49.26924144788097, -27.467892948779216], [-49.26916907275516, -27.467859537680337], [-49.26906000219524, -27.46784192596505], [-49.26891423617747, -27.467840113545844], [-49.26880592773398, -27.467773744139745], [-49.26873507697504, -27.46764281783809], [-49.26870168387506, -27.46744733469421], [-49.26870574827264, -27.467187294723413], [-49.268672355315516, -27.466991811569027], [-49.268601505165115, -27.466860885215763], [-49.268493197847015, -27.466794515610292], [-49.26834743325094, -27.466792702661284], [-49.26823836390018, -27.466775090354066], [-49.26816598981847, -27.46674167877615], [-49.2681303109994, -27.466692467984466], [-49.268131327406465, -27.466627458005348], [-49.26818675131965, -27.46657938047401], [-49.268296582698554, -27.46654823532364], [-49.26846082155598, -27.46653402242588], [-49.2686794679579, -27.46653674159068], [-49.26884243679406, -27.46660379074363], [-49.268949728229224, -27.466735170087016], [-49.26900134223141, -27.4669308797456]]]}, "properties": {"classe": "Alta"}}, {"type": "Feature", "geometry": {"type": "Polygon", "coordinates": [[[-49.25266397480776, -27.46747454898355], [-49.252662949288904, -27.46753955841951], [-49.25273506235872, -27.46758923022261], [-49.25288031409353, -27.46762356428265], [-49.253098704515295, -27.467642560371193], [-49.253390233591546, -27.46764621814152], [-49.253608624192154, -27.467665213435907], [-49.2537538763496, -27.467699546601068], [-49.25382599004197, -27.467749217865432], [-49.2538249651929, -27.467814227339208], [-49.253878858381384, -27.4678636700428], [-49.253987669663225, -27.467897545915065], [-49.2541513990513, -27.467915854827645], [-49.25437004651561, -27.467918596584834], [-49.254533776024196, -27.467936905051847], [-49.254642587607066, -27.467970780424398], [-49.25469648125134, -27.468020222830837], [-49.254695456901196, -27.468085232332314], [-49.25458536466882, -27.468132618867262], [-49.25436620448324, -27.468162382173098], [-49.25403797639215, -27.468174521735502], [-49.25360068056197, -27.468169036788414], [-49.25327296506803, -27.468148669814845], [-49.253054829936154, -27.468113421592204], [-49.25294627511861, -27.468063292634803], [-49.25294730049411, -27.46799828319388], [-49.25291162829478, -27.467949068804483], [-49.252839258557216, -27.467915649440275], [-49.25273019128783, -27.467898025044356], [-49.25258442646299, -27.467896195529157], [-49.25247535926486, -27.46787857093623], [-49.252402989717105, -27.467845151353124], [-49.25236731781326, -27.467795936836755], [-49.25236834351677, -27.467730927413456], [-49.2523508922273, -27.467681941618917], [-49.25231496396345, -27.467648979447272], [-49.252260558727805, -27.467632040884496], [-49.25218767650693, -27.4676311259083], [-49.25213327130229, -27.467614187297034], [-49.252097343127325, -27.467581225072962], [-49.25207989197946, -27.46753223925012], [-49.25208091784009, -27.467467229834362], [-49.252118128271306, -27.467418930289462], [-49.252191523245585, -27.467387340585297], [-49.25230110276939, -27.467372460664947], [-49.25244686688314, -27.467374290444674], [-49.25255593358337, -27.46739191503776], [-49.252628302893726, -27.467425334531747], [-49.25266397480776, -27.46747454898355]]]}, "properties": {"classe": "Media"}}, {"type": "Feature", "geometry": {"type": "Polygon", "coordinates": [[[-49.26730554965412, -27.463496097502592], [-49.26730453289821, -27.463561107482466], [-49.26732199036938, -27.46361009170634], [-49.267357922086205, -27.463643050168347], [-49.26741232805126, -27.463659982854452], [-49.26748520825106, -27.463660889742403], [-49.26753758099072, -27.46380784235187], [-49.267569446360646, -27.46410084070299], [-49.267580804255935, -27.464539884790554], [-49.26757165437631, -27.465124974584032], [-49.26752835105759, -27.465563338447787], [-49.26745089416946, -27.46585497636557], [-49.26733928382066, -27.465999888299738], [-49.26719352035906, -27.46599807419115], [-49.267083943523616, -27.466012965996942], [-49.26701055327397, -27.46604456380087], [-49.26697334960371, -27.466092867659896], [-49.26697233254042, -27.466157877604083], [-49.26698979020481, -27.466206861864343], [-49.26702572261547, -27.4662398204348], [-49.26708012977496, -27.466256753301426], [-49.267153011669805, -27.46625766044196], [-49.267207418860266, -27.466274593260085], [-49.26724335135978, -27.466307551778076], [-49.26726080916579, -27.466356536009965], [-49.26725979225972, -27.466421545961587], [-49.26731369110929, -27.466470983718512], [-49.26742250577021, -27.46650484921958], [-49.26758623625531, -27.466523142336385], [-49.26780488253442, -27.4665258628733], [-49.267968613139715, -27.466544155544543], [-49.26807742810132, -27.466578020545764], [-49.268131327406465, -27.466627458005348], [-49.2681303109994, -27.466692467984466], [-49.26816598981847, -27.46674167877615], [-49.26823836390018, -27.466775090354066], [-49.26834743325094, -27.466792702661284], [-49.268493197847015, -27.466794515610292], [-49.268601505165115, -27.466860885215763], [-49.268672355315516, -27.466991811569027], [-49.26870574827264, -27.467187294723413], [-49.26870168387506, -27.46744733469421], [-49.26873507697504, -27.46764281783809], [-49.26880592773398, -27.467773744139745], [-49.26891423617747, -27.467840113545844], [-49.26906000219524, -27.46784192596505], [-49.26916907275516, -27.467859537680337], [-49.26924144788097, -27.467892948779216], [-49.26927712756629, -27.46794215931863], [-49.26927611177459, -27.46800716932492], [-49.26929357071903, -27.468056153344346], [-49.26932950441818, -27.468089111371043], [-49.26938391287461, -27.46810604339099], [-49.26945679607484, -27.46810694938189], [-49.26951171239207, -27.468091376346756], [-49.2695486618077, -27.468059324305962], [-49.26956764431919, -27.46801079327355], [-49.269568659939985, -27.467945783257257], [-49.26958764242051, -27.467897252220062], [-49.26962459174728, -27.46786520015424], [-49.269679507922866, -27.467849627045755], [-49.269752390965834, -27.467850532874188], [-49.26980730711898, -27.467834959714054], [-49.26984425636371, -27.467802907585746], [-49.26986323869749, -27.467754376503294], [-49.26986425413376, -27.467689366474435], [-49.26990145716463, -27.46764106181965], [-49.269974847762505, -27.467609462508822], [-49.27008442593379, -27.46759456848504], [-49.27023019171884, -27.467596379664528], [-49.27033926227852, -27.467613990460663], [-49.27041163763658, -27.467647400960978], [-49.27044731778662, -27.467696611222383], [-49.270446302692136, -27.467761621271237], [-49.270427320607894, -27.467810152444923], [-49.27039037152043, -27.467842204735696], [-49.27033545543229, -27.467857778129524], [-49.27026257236206, -27.467856872606013], [-49.270207402441116, -27.467888698458008], [-49.27016994563295, -27.467953255704607], [-49.27015020193118, -27.46805054435912], [-49.27014817135954, -27.468180564429137], [-49.27012842758668, -27.468277853074785], [-49.27009097058888, -27.468342410288457], [-49.27003580037252, -27.468374236056857], [-49.26996291697412, -27.468373330360887], [-49.26990800056787, -27.46838890356996], [-49.2698710511352, -27.46842095570444], [-49.26985206867354, -27.468469486778396], [-49.26985105319637, -27.468534496799567], [-49.26983207070376, -27.468583027868736], [-49.26979512118222, -27.468615079978214], [-49.26974020463433, -27.46863065311391], [-49.269667321078664, -27.46862974725547], [-49.26961240450833, -27.46864532033954], [-49.26957545490475, -27.4686773723865], [-49.269556472265386, -27.468725903410423], [-49.26955545660367, -27.468790913419017], [-49.269536473933336, -27.468839444438146], [-49.2694995242409, -27.468871496460103], [-49.26944460752892, -27.468887069470803], [-49.26937172381598, -27.468886163449888], [-49.26931680708156, -27.468901736408963], [-49.269279857307076, -27.468933788368407], [-49.26926087448998, -27.468982319342285], [-49.269259858643736, -27.469047329338288], [-49.26922265483474, -27.469095633777485], [-49.26914926303545, -27.469127232629745], [-49.269039683252224, -27.46914212583813], [-49.268893915525446, -27.469140313318874], [-49.268784843771904, -27.46912270133473], [-49.26871246801533, -27.469089289973216], [-49.26867678824934, -27.469040079291275], [-49.268677804437395, -27.468975069315288], [-49.26864212472118, -27.4689258586261], [-49.26856974913723, -27.468892447197398], [-49.268460677691905, -27.468874834972244], [-49.268314910361504, -27.468873021863104], [-49.268206347215916, -27.46882290446024], [-49.26813498833784, -27.468724482853954], [-49.268100833710655, -27.468577757099254], [-49.2681038832184, -27.468382727215854], [-49.26806972871199, -27.468236001453427], [-49.267998370307396, -27.468137579792273], [-49.26788980802123, -27.468087462177376], [-49.267744041770825, -27.46808564851842], [-49.267634971281815, -27.46806803568695], [-49.26756259657795, -27.46803462377049], [-49.267526917652816, -27.467985412825957], [-49.267527934469896, -27.467920402879702], [-49.2674740348519, -27.467870965178527], [-49.26736521885457, -27.467837099661267], [-49.2672014864907, -27.46781880619953], [-49.266982837730154, -27.467816084597647], [-49.2668191054865, -27.467797790690305], [-49.26671028978988, -27.467763924673186], [-49.2666563906275, -27.467714486674662], [-49.26665740794362, -27.46764947675591], [-49.26658528816932, -27.467599811876163], [-49.26644003138086, -27.467565491925217], [-49.266221637600005, -27.467546516674624], [-49.26593010679405, -27.467542885777693], [-49.26571171319151, -27.4675239097329], [-49.2655664568251, -27.4674895888869], [-49.26549433767303, -27.467439923468156], [-49.26549535565905, -27.467374913586912], [-49.2654778985126, -27.467325929169103], [-49.26544196625227, -27.467292970208916], [-49.26538755888061, -27.467276036692255], [-49.26531467638418, -27.467275128596896], [-49.265260523572685, -27.467241942563092], [-49.265225100473685, -27.467176478613666], [-49.265208407080785, -27.467078736761984], [-49.2652104433536, -27.46694871701184], [-49.26519374999638, -27.46685097515752], [-49.265158327049484, -27.466785511195226], [-49.265104174519315, -27.466752325111607], [-49.26503129237831, -27.46675141688384], [-49.26497739447004, -27.466701978285695], [-49.26494248083486, -27.466604009340355], [-49.26492655145995, -27.46645751005995], [-49.26492960627932, -27.466262480445558], [-49.26484079522929, -27.466115072851753], [-49.26466011858348, -27.466015287117223], [-49.26438757638546, -27.46596312288684], [-49.26402316844879, -27.465958579611616], [-49.26374935307854, -27.465987676447103], [-49.26356613006389, -27.466050413919394], [-49.26347349936764, -27.466146792384812], [-49.26347146112627, -27.466276812029985], [-49.263451711978654, -27.466374099497877], [-49.26341425190112, -27.466438654780884], [-49.26335908090005, -27.466470477865695], [-49.26328619901199, -27.46646956873322], [-49.263231282779785, -27.466485139311793], [-49.26319433218484, -27.46651718962181], [-49.263175347224596, -27.466565719677288], [-49.2631743279125, -27.466630729486006], [-49.26313712241659, -27.46667903222891], [-49.2630637307093, -27.466710627875926], [-49.26295415279705, -27.466725516370115], [-49.262808388720224, -27.46672369762772], [-49.26269881077232, -27.466738585918634], [-49.26262541891296, -27.4667701813266], [-49.262588213135736, -27.466818483908554], [-49.262587193468185, -27.46688349369462], [-49.2625682081745, -27.46693202364959], [-49.262531257241214, -27.466964073765766], [-49.26247634067089, -27.466979644029067], [-49.262403458482126, -27.466978734419143], [-49.262348541889374, -27.466994304630827], [-49.26231159087406, -27.467026354684474], [-49.26229260543362, -27.467074884594165], [-49.2622915855815, -27.467139894367598], [-49.26227260011007, -27.467188424272482], [-49.2622356490059, -27.46722047430111], [-49.26218073227154, -27.46723604443939], [-49.26210784992558, -27.46723513466696], [-49.26205267816901, -27.46726695719455], [-49.26201521696532, -27.467331512041223], [-49.26199546630807, -27.467428799220315], [-49.261993426220975, -27.467558818739402], [-49.261955454838684, -27.467655878439782], [-49.2618815521074, -27.46771997829054], [-49.261771718037366, -27.467751118235466], [-49.26162595270296, -27.46774929819305], [-49.2615163736273, -27.46776418549632], [-49.26144298077, -27.467795780229054], [-49.26140577412463, -27.467844082448156], [-49.26140475371876, -27.46790909218376], [-49.261385767714124, -27.467957621938393], [-49.261348816097275, -27.467989671704316], [-49.261293898870775, -27.468005241467495], [-49.26122101605323, -27.468004331207545], [-49.26116609880431, -27.468019900919078], [-49.261129147105436, -27.4680519506225], [-49.26111016095404, -27.46810048033183], [-49.26110914036357, -27.46816549005482], [-49.260962609026215, -27.4682124265817], [-49.26067056685683, -27.468241289447906], [-49.260233013938944, -27.468252077738896], [-49.25964995052475, -27.46824479009013], [-49.259212908535005, -27.468223070338567], [-49.25892188797385, -27.468186919863815], [-49.25877688875772, -27.46813633958044], [-49.25877791071535, -27.468071329937906], [-49.2587968978647, -27.468022800593847], [-49.25883385019231, -27.4679907515405], [-49.25888876770076, -27.467975182763865], [-49.258961650408644, -27.46797609424353], [-49.259016567894676, -27.467960525415243], [-49.25905352014027, -27.46792847629939], [-49.259072507142854, -27.46787994691002], [-49.25907352891588, -27.467814937254857], [-49.259183619111084, -27.467767547063076], [-49.25940277765742, -27.467737776072074], [-49.259731004602465, -27.467725623767564], [-49.26016830011238, -27.467731089383452], [-49.26049652705895, -27.467718935268504], [-49.26071568527598, -27.467689162188783], [-49.26082577471594, -27.467641770658602], [-49.26082679544991, -27.46757676094054], [-49.26080934037642, -27.467527776032764], [-49.26077340951408, -27.46749481592944], [-49.26071900286545, -27.467477880616528], [-49.2606461204171, -27.467476970071758], [-49.26059171379945, -27.46746003471035], [-49.26055578302598, -27.467427074554553], [-49.260538328094114, -27.46737808961845], [-49.26053934898526, -27.46731307990787], [-49.26055833522715, -27.46726455027652], [-49.26059528680632, -27.467232500716708], [-49.26065020372535, -27.467216931214338], [-49.26072308600282, -27.467217841749058], [-49.26077800289943, -27.467202272195063], [-49.26081495439659, -27.467170222572705], [-49.260833940491715, -27.46712169289607], [-49.26083496119826, -27.46705668317288], [-49.26089038833601, -27.467008608707076], [-49.261000221864585, -27.46697746943189], [-49.26116446179684, -27.466963265218933], [-49.26138310819881, -27.466965995878194], [-49.26154734809119, -27.466951791210278], [-49.26165718140796, -27.466920651405154], [-49.26171260813627, -27.466872576591243], [-49.26171362831647, -27.466807566835307], [-49.261732613953406, -27.466759037012487], [-49.26176956503362, -27.466726987115024], [-49.26182448155968, -27.466711417128888], [-49.261897363550176, -27.466712327033676], [-49.2619530450781, -27.466647999671576], [-49.261991526067156, -27.46651843505831], [-49.26201280649555, -27.466323633204333], [-49.26201688639588, -27.466063594114793], [-49.262056387006616, -27.46586901968408], [-49.26213130823295, -27.465739909881876], [-49.262241650100584, -27.46567626465486], [-49.26238741275562, -27.46567808392674], [-49.26249698967329, -27.46566319583212], [-49.2625703808132, -27.465631600454753], [-49.26260758616893, -27.46558329785158], [-49.26260860576804, -27.46551828805267], [-49.26264581106673, -27.465469985435988], [-49.26271920203748, -27.465438389971396], [-49.26282877868669, -27.465423501601965], [-49.26297454105473, -27.465425320243963], [-49.26308488215263, -27.465361674308607], [-49.26315980183427, -27.465232563872178], [-49.26319930007399, -27.46503798898802], [-49.263203376966594, -27.464777949686447], [-49.26322465476083, -27.464583147486323], [-49.26326313342406, -27.46445358238251], [-49.263318812978085, -27.464389254364566], [-49.26339169349916, -27.46439016341675], [-49.26344686342026, -27.46435834026145], [-49.26348432270487, -27.464293784917743], [-49.26350407134656, -27.464196497398977], [-49.263506109369054, -27.464066477712702], [-49.263580518128904, -27.46396987188691], [-49.26372729751596, -27.463906679801198], [-49.263946447555846, -27.463876901227835], [-49.26423796841004, -27.46388053583188], [-49.26445609986502, -27.46391576632383], [-49.264600842015604, -27.463982593053718], [-49.26467219483614, -27.46408101624925], [-49.26467015818055, -27.464211036015783], [-49.264741511200135, -27.464309459182356], [-49.264886254041, -27.464376285643638], [-49.26510438672876, -27.46441151517191], [-49.26539590916859, -27.464415147417135], [-49.26561531437299, -27.464369113765756], [-49.26576260211322, -27.464273414548394], [-49.26583777235728, -27.464128049991565], [-49.26584082526983, -27.46393302021761], [-49.2658795550449, -27.46378720174459], [-49.26595396160624, -27.463690594541525], [-49.2660640449705, -27.463643198553427], [-49.26620980524722, -27.46364501370126], [-49.26631937979846, -27.46363012247588], [-49.26639276858387, -27.46359852496105], [-49.266429971597034, -27.46355022121366], [-49.26643098886552, -27.463485211263837], [-49.2664864118255, -27.463437134350336], [-49.266596240436606, -27.46340599040637], [-49.26676047471164, -27.46339177930361], [-49.26697911471658, -27.46339450085203], [-49.26714284052903, -27.463412794282117], [-49.26725165217915, -27.463446659789522], [-49.26730554965412, -27.463496097502592]]]}, "properties": {"classe": "Media"}}, {"type": "Feature", "geometry": {"type": "Polygon", "coordinates": [[[-49.25819484870426, -27.468064036240854], [-49.258193826404835, -27.468129045863254], [-49.258229501084664, -27.468178259009367], [-49.25830187278028, -27.46821167565285], [-49.25841094149813, -27.468229295736776], [-49.258556707214524, -27.46823111917362], [-49.258665776003575, -27.468248739060552], [-49.258738147888955, -27.46828215548508], [-49.25877382286424, -27.468331368504156], [-49.25877280089289, -27.468396378144117], [-49.258753813659546, -27.468444907478936], [-49.258716861150745, -27.46847695650091], [-49.25866194336908, -27.46849252519594], [-49.25858906033312, -27.468491613543687], [-49.25853414252904, -27.468507182187093], [-49.25849718993822, -27.46853923114651], [-49.258478202558095, -27.468587760436034], [-49.258477180402124, -27.46865277006335], [-49.25840353061667, -27.468700615527702], [-49.25825725314985, -27.46873129671132], [-49.25803834802355, -27.46874481338572], [-49.25774681533336, -27.468741165211764], [-49.25752791017209, -27.46875468107938], [-49.25738163244411, -27.46878536132772], [-49.25730798212755, -27.468833206185252], [-49.25730695927425, -27.468898215769705], [-49.25726975049048, -27.468946516774587], [-49.257196355748704, -27.46897810916973], [-49.25708677505535, -27.46899299289822], [-49.25694100845084, -27.468991167876275], [-49.256831427721885, -27.469006051401454], [-49.256758032828095, -27.469037643557513], [-49.25672082376301, -27.469085944401353], [-49.25671980055418, -27.469150953963116], [-49.25666437057573, -27.469199026619588], [-49.25655453378733, -27.46923016230395], [-49.25639029020185, -27.469244360887824], [-49.256171639885395, -27.469241622181165], [-49.2560079080763, -27.46922331554204], [-49.255899094804604, -27.469189441166137], [-49.25584520005742, -27.469139999181852], [-49.25584622377896, -27.469074989650323], [-49.25581054992862, -27.46902577593513], [-49.25573817854294, -27.468992358009903], [-49.25562910962837, -27.468974735817763], [-49.25548334316125, -27.468972909271137], [-49.255374274317916, -27.468955286881982], [-49.25530190312204, -27.46892186873783], [-49.25526622956718, -27.468872654895613], [-49.25526725361677, -27.468807645381702], [-49.255249800881586, -27.468758659890234], [-49.25521387138021, -27.468725698415405], [-49.25515946511521, -27.468708760943155], [-49.25508658207317, -27.468707847451224], [-49.25503217583919, -27.468690909930494], [-49.25499624642669, -27.468657948403198], [-49.25497879383312, -27.468608962883433], [-49.25497981803987, -27.468543953377008], [-49.2549623654687, -27.468494967855584], [-49.25492643613822, -27.468462006313334], [-49.254872030051004, -27.46844506873618], [-49.25479914719361, -27.468444155101864], [-49.25474474113739, -27.468427217476226], [-49.254708811895796, -27.4683942558815], [-49.25469135946625, -27.468345270331785], [-49.25469238383014, -27.468280260832863], [-49.25474781413552, -27.46823218897431], [-49.25485765034206, -27.468201054689306], [-49.25502189246265, -27.468186857849442], [-49.255240540563406, -27.468189598264733], [-49.25540427067404, -27.46820790573225], [-49.25551308282459, -27.46824178044767], [-49.25556697700216, -27.46829122253939], [-49.25556595315095, -27.468356232068555], [-49.255638068121726, -27.468405902447195], [-49.25578332199082, -27.468440233565136], [-49.256001714780126, -27.46845922519388], [-49.25629324645712, -27.468462876986752], [-49.256512151076485, -27.468449363041007], [-49.256658428542586, -27.468418683695777], [-49.25673207883353, -27.468370839179556], [-49.25673310200115, -27.46830582961007], [-49.256806752184204, -27.46825798504859], [-49.25695302933083, -27.468227305377333], [-49.25717193346292, -27.468213790367834], [-49.25746346467609, -27.468217439680963], [-49.257682368773246, -27.468203923864692], [-49.25782864565875, -27.46817324325818], [-49.25790229531073, -27.46812539808988], [-49.25790331778104, -27.468060388477546], [-49.25792230530461, -27.468011859270483], [-49.25795925786798, -27.46797981046093], [-49.25801417547372, -27.46796424203489], [-49.25808705814044, -27.46796515397194], [-49.25814146456147, -27.467982090305135], [-49.25817739475027, -27.468015051056767], [-49.25819484870426, -27.468064036240854]]]}, "properties": {"classe": "Media"}}, {"type": "Feature", "geometry": {"type": "Polygon", "coordinates": [[[-49.26984242150283, -27.469087081953518], [-49.269840390480326, -27.469217101982988], [-49.269857088207395, -27.469314843454338], [-49.269892514724376, -27.46938030636373], [-49.26994667003766, -27.469413490697832], [-49.270019554119685, -27.469414396433795], [-49.270073709490006, -27.469447580720818], [-49.270109136176195, -27.469513043581752], [-49.27012583417186, -27.46961078502991], [-49.270123803436654, -27.46974080506912], [-49.27014050146805, -27.469838546514648], [-49.27017592830641, -27.469904009362665], [-49.27023008395811, -27.469937193599833], [-49.2703029683956, -27.46993809920332], [-49.270356870293206, -27.46998753589962], [-49.27039178969135, -27.47008550371187], [-49.270407726577275, -27.470232002652235], [-49.27040468088499, -27.470427032721798], [-49.270384175380535, -27.470573078881074], [-49.27034621003372, -27.470670141123364], [-49.27029078485733, -27.470718219436556], [-49.2702178999071, -27.47071731380308], [-49.270162982349035, -27.470732887055725], [-49.27012603216456, -27.470764939214913], [-49.27010704935112, -27.470813470294665], [-49.27010603392218, -27.470878480302726], [-49.27012349361892, -27.470927464236613], [-49.27015942845991, -27.47096042209049], [-49.27021383844773, -27.47097735385029], [-49.27028672356888, -27.47097825949377], [-49.27034113358766, -27.470995191205063], [-49.270377068517526, -27.47102814900643], [-49.27039452835592, -27.47107713291193], [-49.27039351308428, -27.471142142927416], [-49.27041097294512, -27.471191126831254], [-49.270446907957044, -27.471224084617596], [-49.2705013181226, -27.47124101627239], [-49.27057420342831, -27.47124192177338], [-49.27062810605418, -27.471291358390665], [-49.27066302604062, -27.471389326147417], [-49.27067896337486, -27.47153582505577], [-49.27067591799094, -27.4717308551168], [-49.27069185536528, -27.471877354019874], [-49.27072677556383, -27.471975321763885], [-49.27078067859937, -27.472024758336726], [-49.270853564431505, -27.472025663715208], [-49.27090772130264, -27.472058847736275], [-49.270943149240374, -27.472124310422778], [-49.27095984823831, -27.472222051788023], [-49.2709578182561, -27.472352071835864], [-49.27097451728979, -27.472449813198487], [-49.27100994537972, -27.472515275872055], [-49.271064102532286, -27.472548459843257], [-49.27113698871991, -27.47254936508923], [-49.2711913996463, -27.47256629650604], [-49.271227335324916, -27.472599254115945], [-49.27124479575321, -27.472648237933004], [-49.271243780912606, -27.472713247963082], [-49.271261241363355, -27.47276223177847], [-49.27129717712404, -27.47279518937335], [-49.27135158819721, -27.472812120733643], [-49.27142447456939, -27.47281302583712], [-49.271479393027796, -27.47279745213046], [-49.271516343553834, -27.472765399634053], [-49.27153532614494, -27.472716868361967], [-49.271536340814606, -27.47265185832189], [-49.271555323374756, -27.472603327045018], [-49.27159227381191, -27.472571274523602], [-49.27164719212863, -27.47255570074357], [-49.2717200783435, -27.472556605684545], [-49.27177423574447, -27.472589789389918], [-49.27180966435915, -27.472655251882497], [-49.27182636418112, -27.472752993175636], [-49.27182433517005, -27.47288301327315], [-49.27180459177806, -27.472980302123176], [-49.271767133981385, -27.473044859718126], [-49.271711961786416, -27.473076686044664], [-49.271639075229665, -27.473075781083708], [-49.27158415664972, -27.473091354847462], [-49.271547206027996, -27.473123407356322], [-49.271528223361955, -27.47317193862436], [-49.27152720866505, -27.473236948659288], [-49.27154466931245, -27.473285932445208], [-49.27158060532274, -27.473318889976248], [-49.27163501669846, -27.473335821238365], [-49.271707903426154, -27.473336726209315], [-49.27176231483284, -27.473353657422926], [-49.27179825093201, -27.47338661490146], [-49.271815711721096, -27.47343559865898], [-49.27181469718152, -27.473500608701315], [-49.271832157993046, -27.47354959245716], [-49.27186809417428, -27.47358254992066], [-49.271922505727765, -27.473599481077763], [-49.271995392640015, -27.4736003859062], [-49.27205031142821, -27.473584811990186], [-49.27208726207377, -27.47355275935013], [-49.272106244574125, -27.47350422800007], [-49.272107258942754, -27.473439217947746], [-49.272126241412145, -27.473390686592904], [-49.27216319196882, -27.47335863392782], [-49.27221811061533, -27.47334305993844], [-49.272290997370256, -27.473343964604386], [-49.272345155326796, -27.473377148109613], [-49.272380584512526, -27.47344261047695], [-49.272397284921084, -27.473540351719738], [-49.27239525651209, -27.4736703718418], [-49.27237551343665, -27.47376766077899], [-49.27233805567098, -27.473832218523732], [-49.27228288322147, -27.473864045062697], [-49.272209996124644, -27.473863140376782], [-49.27215431644556, -27.47392747188735], [-49.27211584410797, -27.474057039610198], [-49.27209457909018, -27.47425184355575], [-49.27209052142502, -27.47451188372913], [-49.272069256229116, -27.474706687652578], [-49.27203078346962, -27.47483625532097], [-49.27197510316824, -27.474900586723866], [-49.27190221540121, -27.474899681845493], [-49.271848310514045, -27.474850245638933], [-49.271813388547145, -27.474752278127376], [-49.27179744948776, -27.47460577932294], [-49.271800493269915, -27.47441074922671], [-49.27178455425066, -27.474264250416997], [-49.27174963249593, -27.4741662828927], [-49.271695728018514, -27.474116846641667], [-49.27162284077797, -27.474115941640747], [-49.27156842902782, -27.474099010358067], [-49.27153249278155, -27.47406605281589], [-49.27151503203658, -27.47401706902826], [-49.27151604677435, -27.473952059001043], [-49.27149858605184, -27.47390307521175], [-49.27146264988764, -27.473870117654545], [-49.27140823828429, -27.473853186315356], [-49.271335351228316, -27.473852281171922], [-49.27128093965593, -27.473835349784213], [-49.2712450035806, -27.473802392174488], [-49.271227542999775, -27.473753408356806], [-49.27122855789487, -27.473688398337], [-49.271211097336504, -27.47363941451765], [-49.271175161343244, -27.473606456892895], [-49.27112074991766, -27.47358952544868], [-49.27104786304626, -27.473588620162733], [-49.270993451651634, -27.473571688669992], [-49.270957515747256, -27.473538730992722], [-49.27094005533057, -27.473489747144978], [-49.27094107038298, -27.473424737132618], [-49.27092360998875, -27.473375753283207], [-49.27088767416644, -27.4733427955909], [-49.2708332629186, -27.47332586404165], [-49.27076037623178, -27.473324958613198], [-49.27070596501492, -27.47330802701545], [-49.27067002928148, -27.473275069270645], [-49.270652569028925, -27.473226085392838], [-49.27065358423866, -27.47316107538789], [-49.27063612400856, -27.473112091508415], [-49.270600188357186, -27.47307913374858], [-49.27054577728711, -27.473062202094322], [-49.27047289078486, -27.47306129652337], [-49.27041847974575, -27.47304436482058], [-49.27038254418326, -27.47301140700823], [-49.270365084094834, -27.47296242310037], [-49.27036609946188, -27.472897413102867], [-49.270348639395905, -27.472848429193345], [-49.27031270391548, -27.472815471365973], [-49.27025829302316, -27.472798539606682], [-49.27018540670548, -27.472797633893226], [-49.270130995844134, -27.47278070208543], [-49.27009506045258, -27.472747744205545], [-49.270077600528275, -27.472698760267633], [-49.270078616052636, -27.472633750277538], [-49.27006115615078, -27.472584766337977], [-49.2700252208413, -27.47255180844307], [-49.26997081012673, -27.472534876578766], [-49.269897923993625, -27.472533970722807], [-49.26984376722382, -27.472500786314114], [-49.26980833984489, -27.47243532337554], [-49.26979164185045, -27.4723375819204], [-49.26979367320015, -27.47220756195253], [-49.269776975241456, -27.472109820494772], [-49.269741548014714, -27.472044357543275], [-49.26968739152633, -27.472011173084727], [-49.26961450574873, -27.472010267096273], [-49.26956009536768, -27.471993335085298], [-49.26952416039666, -27.471960377074076], [-49.26950670083309, -27.471911393076635], [-49.269507716658424, -27.471846383098857], [-49.26949025711731, -27.471797399099767], [-49.26945432222835, -27.471764441073496], [-49.26939991199408, -27.471747509006036], [-49.26932702640104, -27.471746602875097], [-49.269273124175584, -27.471697165773488], [-49.269238205358114, -27.471599197724384], [-49.269222269935845, -27.47145269873992], [-49.269225317842796, -27.471257668821167], [-49.26920938246058, -27.471111169831424], [-49.26917446385518, -27.471013201769605], [-49.26912056203936, -27.47096376462357], [-49.26904767697275, -27.470962858370147], [-49.26899326719676, -27.47094592616288], [-49.26895733272489, -27.47091296802404], [-49.26893987355455, -27.470863983967675], [-49.26894088966718, -27.47079897399963], [-49.268923430519294, -27.470749989941595], [-49.268887496129466, -27.47071703178772], [-49.26883308650026, -27.470700099523974], [-49.2687602016182, -27.47069919312807], [-49.26870604608081, -27.470666008325455], [-49.26867061991566, -27.470600545138947], [-49.26865392311636, -27.470502803581887], [-49.26865595564254, -27.470372783658103], [-49.2686757011777, -27.47027549532636], [-49.26871315969811, -27.470210938579072], [-49.26876833121016, -27.47017911340292], [-49.26884121575038, -27.4701800197788], [-49.26889613318532, -27.470164447042542], [-49.2689330834964, -27.4701323952145], [-49.26895206668107, -27.47008386430875], [-49.26895308275277, -27.470018854333002], [-49.26893562370238, -27.469969870276692], [-49.26889968954847, -27.46993691213399], [-49.2688452802936, -27.46991997989082], [-49.268772395924294, -27.46991907352494], [-49.268717986700395, -27.46990214123327], [-49.26868205263534, -27.46986918303806], [-49.26866459372661, -27.469820198953382], [-49.26866560995559, -27.46975518898506], [-49.26864815106929, -27.469706204898717], [-49.26861221708629, -27.469673246688505], [-49.268557808009156, -27.46965631434034], [-49.26848492382441, -27.46965540783199], [-49.26843076886818, -27.469622222944892], [-49.268395343168024, -27.46955675970191], [-49.26837864671756, -27.46945901811634], [-49.26838067947642, -27.469328998192026], [-49.26840042501177, -27.46923170988799], [-49.26843788329988, -27.469167153196672], [-49.26849305434713, -27.469135328104723], [-49.26856593819006, -27.469136234593066], [-49.26862034701766, -27.46915316692749], [-49.26865628084339, -27.469186125130285], [-49.26867373966469, -27.469235109215468], [-49.26867272346299, -27.469300119188915], [-49.26870840330421, -27.469349329873932], [-49.26878077922487, -27.469382741244164], [-49.26888985123137, -27.469400353242683], [-49.26903561929996, -27.469402165781943], [-49.26914519934296, -27.469387272589202], [-49.269218591319984, -27.469355673748233], [-49.26925579522465, -27.469307369315967], [-49.26925681108454, -27.469242359322507], [-49.26927579395459, -27.46919382835307], [-49.26931274382134, -27.469161776399897], [-49.26936766068735, -27.469146203448975], [-49.2694405445712, -27.46914710947989], [-49.26949546141476, -27.469131536477327], [-49.26953241119947, -27.469099484461662], [-49.26955139392276, -27.46905095344695], [-49.269552409598106, -27.468985943440956], [-49.26957139229042, -27.468937412421454], [-49.26960834198627, -27.468905360380766], [-49.26966325868819, -27.46888978730484], [-49.26973614241477, -27.46889069317328], [-49.26979029744668, -27.468923877557238], [-49.26982572381149, -27.468989340479546], [-49.26984242150283, -27.469087081953518]]]}, "properties": {"classe": "Media"}}, {"type": "Feature", "geometry": {"type": "Polygon", "coordinates": [[[-49.27238156439535, -27.474548007598592], [-49.272374464535055, -27.47500307794496], [-49.272350917511496, -27.475344154516286], [-49.27231092330695, -27.475571237316576], [-49.272254481985215, -27.475684326343302], [-49.272181593691684, -27.47568342158748], [-49.272128702760114, -27.47556897543794], [-49.27209580926951, -27.47534098791678], [-49.27208291315604, -27.474999459026538], [-49.27209001421305, -27.474544388750065], [-49.272113561725035, -27.47420331221471], [-49.2721535556743, -27.473976229424448], [-49.272209996124644, -27.473863140376782], [-49.27228288322147, -27.473864045062697], [-49.27233577360334, -27.473978491150167], [-49.272368667349234, -27.474206478661294], [-49.27238156439535, -27.474548007598592]]]}, "properties": {"classe": "Alta"}}, {"type": "Feature", "geometry": {"type": "Polygon", "coordinates": [[[-49.25351242193975, -27.469143264322284], [-49.25351037174849, -27.469273283221384], [-49.253490613242356, -27.469370568803583], [-49.25345314639771, -27.46943512106128], [-49.253397971221005, -27.46946693998115], [-49.253325087748784, -27.46946602554414], [-49.25327016883471, -27.469481592051036], [-49.253233214460174, -27.469513639522216], [-49.25321422462259, -27.46956216797174], [-49.25321319933541, -27.46962717740734], [-49.25319420946682, -27.469675705852065], [-49.25315725500339, -27.46970775329819], [-49.25310233594769, -27.46972331973163], [-49.25302945231833, -27.469722405132046], [-49.252974533240234, -27.469737971513847], [-49.252937578694784, -27.469770018897417], [-49.252918588679414, -27.4698185472968], [-49.25291756320756, -27.469883556719736], [-49.252880352221176, -27.469931856439725], [-49.252806955692726, -27.46996344642668], [-49.25269737362866, -27.469978326623632], [-49.252551606069424, -27.469976496946845], [-49.252441254650854, -27.470040133994104], [-49.25236631922668, -27.470169237841674], [-49.2523267997711, -27.470363808542896], [-49.25232269637872, -27.47062384612812], [-49.25233783987873, -27.470819103065033], [-49.25237223036684, -27.470949579356045], [-49.252425867865, -27.471015274990716], [-49.25249875232138, -27.471016189945754], [-49.25255315923164, -27.471033128486834], [-49.25258908860919, -27.471066090636224], [-49.25260654045147, -27.471115076407987], [-49.25260551473987, -27.47118008580799], [-49.25258652430348, -27.47122861413461], [-49.25254956912886, -27.47126066138015], [-49.2524946492186, -27.47127622753053], [-49.25242176459129, -27.471275312565396], [-49.25236581879868, -27.471355888054152], [-49.25232681174257, -27.471517954010466], [-49.252304743389395, -27.471761510442633], [-49.25229961377022, -27.472086557353492], [-49.25231398782816, -27.47233057129551], [-49.2523478656924, -27.472493552275303], [-49.25240124739651, -27.472575500284595], [-49.25247413287845, -27.472576415300228], [-49.25252802762666, -27.472625858574727], [-49.25256293168146, -27.47272383013127], [-49.25257884502996, -27.472870329982], [-49.252575767606, -27.47306535812798], [-49.252591680994165, -27.47321185797347], [-49.25262658526062, -27.47330982951743], [-49.25268048041828, -27.47335927274774], [-49.25275336642679, -27.47336018764117], [-49.25280674882055, -27.473442135518656], [-49.25284062766161, -27.47360511640336], [-49.25285500291643, -27.473849130303538], [-49.25284987445581, -27.474174177212586], [-49.25282780637652, -27.474417733668087], [-49.25278879864748, -27.474579799667197], [-49.25273285130224, -27.47466037520163], [-49.252659964439, -27.4746594602577], [-49.25260504282737, -27.474675026366494], [-49.252568086448726, -27.47470707354842], [-49.252549095300495, -27.474755601817503], [-49.25254806939611, -27.474820611181503], [-49.25252907821687, -27.474869139445797], [-49.2524921217493, -27.474901186602636], [-49.25243719999601, -27.474916752637977], [-49.252364312975594, -27.474915837531437], [-49.25230913468703, -27.47494765585368], [-49.252271665093744, -27.475012207623795], [-49.252251904189286, -27.4751094928551], [-49.252249851997306, -27.47523951155518], [-49.25226653466722, -27.475337254377173], [-49.25230195223948, -27.475402721317256], [-49.25235610472054, -27.475435912362094], [-49.25242899208286, -27.475436827488835], [-49.25248340111404, -27.47545376614777], [-49.25251933182753, -27.475486728361172], [-49.25253678422072, -27.475535714143096], [-49.25253575827503, -27.475600723499387], [-49.25251676693658, -27.475649251750315], [-49.252479810191936, -27.475681298888166], [-49.25242488804366, -27.47569686489884], [-49.25235200051038, -27.475695949762], [-49.25229682181651, -27.475727768057666], [-49.25225935192547, -27.475792319804917], [-49.252239590830804, -27.475889605017066], [-49.25223753855619, -27.47601962370172], [-49.252217777390236, -27.47611690890496], [-49.2521803073093, -27.476181460619177], [-49.252125128319825, -27.476213278831047], [-49.2520522404584, -27.47621236352149], [-49.25199731799197, -27.47622792934716], [-49.251960360901954, -27.476259976328457], [-49.25194136918575, -27.476308504479423], [-49.25194034285682, -27.476373513807804], [-49.2519213511096, -27.47642204195396], [-49.25188439393066, -27.47645408891017], [-49.25182947132257, -27.476469654662377], [-49.25175658330395, -27.4764687391902], [-49.251701404054444, -27.476500557220405], [-49.251663933537486, -27.476565108772053], [-49.25164417174661, -27.476662393858494], [-49.25164211870547, -27.47679241248732], [-49.25160413477123, -27.47688946867006], [-49.25153021989011, -27.47695356237577], [-49.25142037407243, -27.47698469354821], [-49.25127459739265, -27.47698286210587], [-49.25116629170232, -27.476916479128292], [-49.25109545711156, -27.476785544706903], [-49.25106209359453, -27.476590058895063], [-49.25106620098941, -27.476330021707984], [-49.25105105955689, -27.47613476484953], [-49.25101666939272, -27.476004288322113], [-49.25096303051888, -27.475938592115316], [-49.25089014288353, -27.475937676205806], [-49.25083573389918, -27.475920736925204], [-49.250799803579284, -27.475887774295796], [-49.25078235192125, -27.47583878833162], [-49.250783378906476, -27.475773779038562], [-49.25076592727085, -27.475724793072743], [-49.25072999703299, -27.47569183042835], [-49.25067558819548, -27.47567489109134], [-49.25060270074488, -27.47567397503943], [-49.25054829193838, -27.475657035653928], [-49.25051236178944, -27.47562407295707], [-49.25049491029548, -27.475575086962962], [-49.250495937437876, -27.475510077677416], [-49.250514929618724, -27.475461549741624], [-49.250551886824574, -27.475429503147872], [-49.25060680905802, -27.475413937882077], [-49.25067969633767, -27.475414853923876], [-49.25073513204615, -27.475366783958737], [-49.250773116127625, -27.475269728004186], [-49.25079364856917, -27.47512368607234], [-49.25079672940078, -27.47492865816994], [-49.25081726172169, -27.474782616223386], [-49.250855245501945, -27.47468556022592], [-49.25091068075444, -27.474637490165435], [-49.25098356753501, -27.4746384060244], [-49.251038489318674, -27.47462284056536], [-49.25107544608681, -27.474590793808705], [-49.25109443783683, -27.474542265768484], [-49.25109546458218, -27.47447725645244], [-49.2510780129769, -27.474428270520164], [-49.251042083039586, -27.47439530796582], [-49.250987674772844, -27.47437836877536], [-49.250914788163215, -27.474377452926504], [-49.25086192023835, -27.474262999722907], [-49.250829071076836, -27.474035009186725], [-49.25081624061406, -27.473693481320463], [-49.2508234286422, -27.473238416106913], [-49.25084704096024, -27.47289734614179], [-49.25088707755162, -27.472670271429035], [-49.25094353848095, -27.472557191966153], [-49.251016423894, -27.472558107744234], [-49.251071344624464, -27.472542542219415], [-49.251108300653705, -27.47251049541204], [-49.25112729197916, -27.472461967336184], [-49.251128318614256, -27.472396957999557], [-49.25111086726816, -27.47234797207208], [-49.25107493795948, -27.4723150095479], [-49.2510205306908, -27.47229807041295], [-49.250947645448676, -27.47229715464497], [-49.250893238211006, -27.472280215461524], [-49.250857308991236, -27.472247252884888], [-49.25083985778678, -27.472198266929123], [-49.25084088457903, -27.47213325760003], [-49.25082343339697, -27.47208427164261], [-49.250787504259215, -27.472051309051], [-49.25073309716835, -27.472034369811162], [-49.250660212110944, -27.472033453900806], [-49.25060606178182, -27.472000262281863], [-49.25057064620854, -27.4719347949772], [-49.25055396538462, -27.471837052000147], [-49.25055601926961, -27.471707033354512], [-49.25052111728835, -27.471609061378743], [-49.250449259515285, -27.471543136049494], [-49.25034044596074, -27.471509257310554], [-49.25019467657096, -27.471507425072826], [-49.250086376742416, -27.471441041485186], [-49.25001554658518, -27.47131010663906], [-49.249982186073424, -27.471114620587784], [-49.24998629504533, -27.47085458334656], [-49.2500258188013, -27.470660013523375], [-49.250100757246756, -27.470530911087817], [-49.25021111040756, -27.470467275986586], [-49.25035687843001, -27.47046910814341], [-49.25046671792429, -27.470437977494935], [-49.25054062881597, -27.47037388412268], [-49.250578611094724, -27.470276828082838], [-49.2505806648143, -27.47014680940636], [-49.250618646969, -27.470049753347293], [-49.25069255750508, -27.46998565987472], [-49.25080239643288, -27.46995452893241], [-49.25094816382681, -27.46995636043889], [-49.25105774602328, -27.46994148162936], [-49.25113114298181, -27.469909892587566], [-49.25116835469596, -27.469861593370453], [-49.251169381193264, -27.46979658400814], [-49.25118837195705, -27.469748055882924], [-49.2512253269739, -27.469716008987085], [-49.25128024624639, -27.469700443306564], [-49.251353129793124, -27.46970135882098], [-49.25140804904321, -27.469685793088818], [-49.25144500397804, -27.46965374613041], [-49.25146399459505, -27.469605217959856], [-49.251465020907666, -27.46954020858486], [-49.251484011493666, -27.469491680409494], [-49.251520966339605, -27.469459633426034], [-49.25157588544808, -27.469444067620405], [-49.251648768837676, -27.46944498297224], [-49.25170368792375, -27.46942941711497], [-49.251740642687686, -27.469397370068958], [-49.2517596331269, -27.469348841848248], [-49.251760659254835, -27.469283832460576], [-49.251797870477766, -27.469235533048337], [-49.251871266768184, -27.4692039435814], [-49.25198084813254, -27.469189064002855], [-49.252126614611264, -27.469190894228916], [-49.25223619594007, -27.469176014447047], [-49.25230959207852, -27.469144424740993], [-49.25234680302016, -27.46909612516768], [-49.252347828792516, -27.46903111575724], [-49.25242148123553, -27.468983273632286], [-49.25256776029735, -27.468952598675035], [-49.25278666599995, -27.46893909065705], [-49.25307819843902, -27.46894274923916], [-49.253296335199, -27.468977997497714], [-49.253441076374514, -27.469044835782835], [-49.25351242193975, -27.469143264322284]]]}, "properties": {"classe": "Media"}}, {"type": "Feature", "geometry": {"type": "Polygon", "coordinates": [[[-49.27267919906818, -27.474161565455265], [-49.27267615686546, -27.474356595649063], [-49.27269209707691, -27.4745030944098], [-49.27272701976848, -27.47460106173639], [-49.27278092495293, -27.474650497616697], [-49.27285381258985, -27.474651402027558], [-49.27290797134479, -27.474684585345024], [-49.272943401245364, -27.474750047591957], [-49.272960102285175, -27.474847788781663], [-49.27295807442389, -27.474977808917977], [-49.27297477549948, -27.47507555010505], [-49.273010205552296, -27.475141012339037], [-49.27306436458872, -27.475174195606613], [-49.273137252581165, -27.47517509988492], [-49.273191411674624, -27.475208283105395], [-49.2732268418967, -27.4752737452909], [-49.27324354324101, -27.47537148645474], [-49.27324151566721, -27.475501506600764], [-49.2732582170473, -27.475599247761977], [-49.27329364742163, -27.47566470993454], [-49.273347806796586, -27.475697893105107], [-49.27342069514456, -27.47569879725086], [-49.27347510799227, -27.475715727854777], [-49.27351104535319, -27.475748684939102], [-49.27352850722477, -27.475797668517917], [-49.27352749358842, -27.475862678597057], [-49.27354495548246, -27.475911662174198], [-49.27358089292546, -27.475944619243503], [-49.273635305919974, -27.475961549790885], [-49.273708194452524, -27.4759624537941], [-49.273762100725044, -27.476011889335783], [-49.27379702477795, -27.476109856439088], [-49.27381296659849, -27.47625635511618], [-49.273809926120734, -27.47645138536814], [-49.27382586798147, -27.476597884039943], [-49.27386079224662, -27.476695851130494], [-49.273914698928955, -27.476745286627676], [-49.273987587988024, -27.4767461905083], [-49.27404200144093, -27.476763120915784], [-49.27407793930117, -27.47679607787239], [-49.274095401566164, -27.47684506139218], [-49.27409438821735, -27.476910071481015], [-49.274111850504816, -27.476959054999135], [-49.27414778844713, -27.47699201194071], [-49.27420220204686, -27.477008942291665], [-49.27427509129051, -27.477009846029734], [-49.27433001152956, -27.47699427128434], [-49.2743669627454, -27.476962218075847], [-49.274385944935496, -27.47691368641835], [-49.27438695811334, -27.476848676319538], [-49.27440594027247, -27.476800144657247], [-49.27444289139943, -27.47676809142375], [-49.27449781149676, -27.476752516604986], [-49.274570700583034, -27.476753420180565], [-49.274624860883485, -27.476786602891238], [-49.274660292425715, -27.476852064759836], [-49.274676995203336, -27.47694980579972], [-49.274674969176026, -27.47707982601471], [-49.27465522730399, -27.477177115294186], [-49.27461776956347, -27.477241673630598], [-49.27456259596083, -27.477273501010586], [-49.27448970653259, -27.47727259741507], [-49.274434786171994, -27.477288172217587], [-49.27439783486046, -27.477320225438536], [-49.27437885259544, -27.47736875709199], [-49.274377839390404, -27.47743376718565], [-49.274395301874584, -27.47748275067427], [-49.27443124006657, -27.477515707551973], [-49.27448565396892, -27.4775326378047], [-49.27455854356813, -27.477533541410196], [-49.274612957501446, -27.477550471614386], [-49.27464889578233, -27.477583428439562], [-49.274666358408226, -27.47763241189976], [-49.274665345360575, -27.47769742200083], [-49.27468280800895, -27.477746405459364], [-49.27471874637192, -27.47777936226949], [-49.27477316045204, -27.477796292417146], [-49.274846050235844, -27.477797195880086], [-49.274900464346935, -27.477814125979208], [-49.27493640279881, -27.47784708273681], [-49.27495386558889, -27.477896066166913], [-49.274952852698625, -27.477961076275403], [-49.27497031551119, -27.478010059703834], [-49.27500625404515, -27.47804301644638], [-49.27506066830306, -27.478059946488973], [-49.27513355827144, -27.47806084980935], [-49.27518797256032, -27.478077779803414], [-49.275223911183176, -27.478110736493417], [-49.27524137413746, -27.47815971989343], [-49.275240361404585, -27.478224730009327], [-49.275257824381335, -27.478273713407674], [-49.27529376308628, -27.478306670082635], [-49.275348177521984, -27.478323600020154], [-49.27542106767495, -27.478324503197967], [-49.27547548214161, -27.478341433086953], [-49.27551142093545, -27.478374389709376], [-49.27552888405393, -27.478423373079302], [-49.27552787147846, -27.478488383202603], [-49.275563557194396, -27.47853759234469], [-49.275635941238264, -27.478571000479235], [-49.27574502361643, -27.47858860754925], [-49.275890804305114, -27.47859041346719], [-49.275999886754335, -27.478608020340076], [-49.27607227098788, -27.478641428255443], [-49.276107956999375, -27.478690637270283], [-49.27610694475231, -27.47875564741092], [-49.27608796294066, -27.478804179311172], [-49.276051011550955, -27.478836232963285], [-49.27599609058576, -27.478851808353205], [-49.27592320006362, -27.478850905460536], [-49.27586827907595, -27.4788664807988], [-49.27583132760415, -27.478898534388396], [-49.275812345645676, -27.478947066243403], [-49.27581133321402, -27.47901207637153], [-49.27579235122459, -27.47906060822175], [-49.27575539966389, -27.479092661786332], [-49.27570047853448, -27.47910823705123], [-49.27562758785495, -27.479107333996055], [-49.27557317299176, -27.47909040414995], [-49.275537233958424, -27.479057447535173], [-49.27551977075236, -27.479008464165773], [-49.27552078335502, -27.478943454047617], [-49.27550332017143, -27.478894470676547], [-49.275467381220196, -27.478861514046724], [-49.275412966503836, -27.478844584144078], [-49.27534007600888, -27.47884368094633], [-49.27528566132349, -27.47882675099514], [-49.27524972246115, -27.478793794312764], [-49.27523225941928, -27.47874481091327], [-49.27523327217934, -27.478679800802535], [-49.27521580915995, -27.478630817401378], [-49.27517987037971, -27.478597860703967], [-49.275125455841135, -27.478580930696232], [-49.27505256553078, -27.47858002735592], [-49.274998151023176, -27.478563097299663], [-49.27496221233182, -27.478530140549708], [-49.27494474945416, -27.478481157120136], [-49.274945762371615, -27.478416147016773], [-49.27491007697558, -27.47836693772984], [-49.27483769330259, -27.47833352923294], [-49.274728611359, -27.478315921469118], [-49.27458283112105, -27.47831411435082], [-49.27447374924853, -27.478296506389874], [-49.27440136576522, -27.478263097673832], [-49.27436568066475, -27.47821388825964], [-49.27436669391059, -27.478148878173663], [-49.27434923135123, -27.478099894681687], [-49.27431329300526, -27.478066937777832], [-49.274258878875216, -27.478050007448054], [-49.27418598894762, -27.478049103670077], [-49.274131574848546, -27.478032173291762], [-49.27409563659147, -27.477999216335384], [-49.27407817417384, -27.477950232814987], [-49.27407918757706, -27.47788522273642], [-49.27404350273674, -27.477836013249252], [-49.273971119689406, -27.47780260432708], [-49.27386203844142, -27.477784995912984], [-49.27371625896903, -27.477783187919393], [-49.27360667095498, -27.47779808433998], [-49.27353327435895, -27.477829685258584], [-49.273496069174534, -27.47787799073212], [-49.273495055429336, -27.477943000790734], [-49.27347607265293, -27.477991532293704], [-49.27343912083184, -27.478023585233338], [-49.27338419996862, -27.478039159595568], [-49.27331131008185, -27.478038255359998], [-49.27325638919616, -27.478053829670568], [-49.27321943729299, -27.478085882547692], [-49.273200454369764, -27.47813441400542], [-49.27319944043997, -27.478199424051482], [-49.27318045748577, -27.47824795550442], [-49.2731435054937, -27.478280008356517], [-49.27308858446629, -27.47829558259372], [-49.27301569442214, -27.478294678195635], [-49.27296128041003, -27.478277747362856], [-49.27292534244346, -27.478244790117657], [-49.27290788051984, -27.4781958064741], [-49.27290889462063, -27.478130796438023], [-49.272891432719476, -27.478081812792794], [-49.27285549483499, -27.47804885553256], [-49.272801080969714, -27.478031924643247], [-49.272728191110154, -27.478031020102616], [-49.272673270159395, -27.4780465941794], [-49.27263631809883, -27.478078646894005], [-49.27261733492594, -27.47812717826049], [-49.272616320654166, -27.478192188286584], [-49.2725791149527, -27.478240493488457], [-49.27250571779393, -27.47827209383599], [-49.27239612918425, -27.478286989272245], [-49.27225034916401, -27.4782851797134], [-49.27214076051856, -27.47830007494629], [-49.27206736320752, -27.47833167505472], [-49.27203015722453, -27.478379980095653], [-49.27202914259716, -27.478444990099216], [-49.27201015909065, -27.478493521365248], [-49.27197320669152, -27.478525573886042], [-49.27191828540233, -27.47854114764752], [-49.27184539524165, -27.478540242629307], [-49.271791235009495, -27.478507058843466], [-49.271755804733466, -27.47844159631283], [-49.27173910440718, -27.478343855050763], [-49.27174113399027, -27.478213835061062], [-49.271760878637764, -27.478116546335478], [-49.27179833832589, -27.47805198886644], [-49.27185351306104, -27.478020162640572], [-49.271926402879735, -27.47802106763881], [-49.27198132390564, -27.47800549386105], [-49.272018276120164, -27.47797344132771], [-49.27203725952075, -27.47792491005284], [-49.27203827412088, -27.47785990004414], [-49.272057257490495, -27.47781136876449], [-49.27209420961612, -27.477779316206103], [-49.27214913050031, -27.477763742354988], [-49.27222202016165, -27.477764647190707], [-49.27227694102337, -27.47774907328792], [-49.27231389306691, -27.477717020667047], [-49.2723328762897, -27.477668489342122], [-49.27233389070523, -27.477603479320873], [-49.27235287389705, -27.477554947991177], [-49.27238982585169, -27.47752289534526], [-49.27244474657171, -27.47750732136911], [-49.27251763607567, -27.477508226042314], [-49.27257281034036, -27.477476399506788], [-49.27261026932922, -27.47741184178163], [-49.2726300130359, -27.477314552880195], [-49.27263204148414, -27.477184532810053], [-49.27265178511973, -27.477087243899735], [-49.27268924391889, -27.477022686141687], [-49.27274441788803, -27.476990859522555], [-49.27281730706365, -27.47699176402326], [-49.27287222746539, -27.476976189862317], [-49.27290917907467, -27.476944137060084], [-49.27292816188893, -27.47689560563066], [-49.27292917592165, -27.47683059558174], [-49.272911714183195, -27.47678161193937], [-49.27287577669213, -27.476748654697666], [-49.272821363451015, -27.47673172384259], [-49.27274847444637, -27.47673081935187], [-49.27269431477711, -27.47669763593768], [-49.272658884470836, -27.47663217362288], [-49.27264218352115, -27.476534432420777], [-49.272644211887716, -27.476404412335214], [-49.272627510973805, -27.476306671130466], [-49.272592080819784, -27.476241208802723], [-49.272537921432026, -27.476208025338646], [-49.27246503278295, -27.476207120715365], [-49.2724106198754, -27.476190189713556], [-49.272374682722884, -27.47615723235548], [-49.27235722132283, -27.47610824865519], [-49.27235823565666, -27.476043238618576], [-49.27237721853074, -27.475994707262323], [-49.272414169931615, -27.475962654578755], [-49.272469089861815, -27.475947080553823], [-49.27254197833993, -27.47594798516711], [-49.27259689824766, -27.47593241109053], [-49.27263384956646, -27.475900358344447], [-49.27265283229374, -27.47585182694296], [-49.272653846442985, -27.47578681689376], [-49.27263638496629, -27.475737833223015], [-49.27260044788224, -27.47570487592489], [-49.27254603519338, -27.475687944985292], [-49.27247314688623, -27.475687040381988], [-49.27242025564526, -27.47557259432937], [-49.27238736154947, -27.475344606849514], [-49.272374464535055, -27.47500307794496], [-49.27238156439535, -27.474548007598592], [-49.272405111013235, -27.47420693097268], [-49.272445104370966, -27.473979848071217], [-49.27250154453237, -27.473866758891695], [-49.2725744316428, -27.4738676634251], [-49.2726283364175, -27.473917099349897], [-49.272663258896884, -27.47401506668924], [-49.27267919906818, -27.474161565455265]]]}, "properties": {"classe": "Media"}}, {"type": "Feature", "geometry": {"type": "Polygon", "coordinates": [[[-49.27755767488777, -27.479228767352478], [-49.277556663468516, -27.47929377753779], [-49.27750123672273, -27.47934185861182], [-49.27739139460995, -27.47937301050777], [-49.277227137142916, -27.47938723309717], [-49.27700846438753, -27.479384526189875], [-49.27684420688022, -27.479398748324076], [-49.276734364555075, -27.479429899689944], [-49.27667893739936, -27.479477980415904], [-49.27667792545353, -27.479542990568792], [-49.27665894373277, -27.479591522547004], [-49.27662199222362, -27.479623576342817], [-49.2765670709286, -27.479639151942187], [-49.2764941798663, -27.479638249324708], [-49.27644001761715, -27.47960506726474], [-49.276404584208784, -27.479539605785128], [-49.276387879634804, -27.479441864899208], [-49.276389903854884, -27.47931184461082], [-49.27646431279037, -27.479215232051335], [-49.27661110633081, -27.47915202710032], [-49.276830284501706, -27.47912222952992], [-49.2771218474644, -27.479125839004894], [-49.27734026683678, -27.479144798255472], [-49.27748554265178, -27.479179107628468], [-49.27755767488777, -27.479228767352478]]]}, "properties": {"classe": "Media"}}, {"type": "Feature", "geometry": {"type": "Polygon", "coordinates": [[[-49.27784519322937, -27.47949241609421], [-49.277844181967545, -27.479557426286924], [-49.27786164629189, -27.479606409412135], [-49.27789758622098, -27.479639365463974], [-49.27795200175737, -27.479656294428416], [-49.27802489288756, -27.479657196283167], [-49.27807880288922, -27.47970663029867], [-49.27811373180282, -27.47980459649807], [-49.278129679615624, -27.479951094893508], [-49.27812664626173, -27.480146125486083], [-49.278106148337926, -27.480292172974845], [-49.27806818581393, -27.480389237353105], [-49.27801275870245, -27.480437318608704], [-49.277939867059246, -27.480436416724086], [-49.27788545114827, -27.480419487739184], [-49.27784951098303, -27.48038653167624], [-49.27783204656097, -27.480337548549343], [-49.27783305786351, -27.480272538364343], [-49.277815593463934, -27.480223555235767], [-49.2777796533808, -27.480190599157787], [-49.277725237616664, -27.48017367011631], [-49.277652346158035, -27.480172768089105], [-49.27759793042486, -27.480155838999103], [-49.27756199043062, -27.480122882868553], [-49.27754452617278, -27.48007389971155], [-49.27754553763276, -27.480008889533945], [-49.27750985056949, -27.479959680847838], [-49.27743746501949, -27.479926273626887], [-49.27732838098913, -27.47990866781411], [-49.277182598454615, -27.479906863321965], [-49.2770735144953, -27.479889257312042], [-49.27700112913499, -27.479855849871903], [-49.276965442367285, -27.479806641058516], [-49.2769664541557, -27.47974163089824], [-49.277003658552566, -27.47969332446811], [-49.2770770555303, -27.47966172173803], [-49.27718664509525, -27.479646822651006], [-49.27733242728775, -27.47964862712324], [-49.27744201681687, -27.479633727832855], [-49.27751541364226, -27.479602124863675], [-49.27755261775757, -27.479553818272652], [-49.2775536291904, -27.47948880808989], [-49.27757261050562, -27.479440275970088], [-49.27760956168975, -27.479408221905505], [-49.27766448274534, -27.479392645882093], [-49.277737373690954, -27.479393547879436], [-49.27779178908051, -27.479410476900426], [-49.2778277289275, -27.47944343296733], [-49.27784519322937, -27.47949241609421]]]}, "properties": {"classe": "Media"}}, {"type": "Feature", "geometry": {"type": "Polygon", "coordinates": [[[-49.25105131142065, -27.47727265646222], [-49.251048230729765, -27.47746768432554], [-49.25102769800564, -27.477613726243458], [-49.25098971321829, -27.477710782209222], [-49.25093427638062, -27.477758852210748], [-49.25086138754849, -27.477757936230468], [-49.250806207397936, -27.477789753858012], [-49.25076873589239, -27.477854305112434], [-49.25074897302539, -27.477951590007084], [-49.25074691882059, -27.478081608549555], [-49.250727155882274, -27.478178893435278], [-49.2506896841868, -27.478243444656677], [-49.25063450374062, -27.4782752622004], [-49.25056161458031, -27.478274346047375], [-49.25050643408436, -27.47830616353773], [-49.250468962216175, -27.478370714690527], [-49.25044919896929, -27.478467999519108], [-49.250447144367385, -27.47859801803107], [-49.25042738104919, -27.478695302850735], [-49.25038990899106, -27.478759853970498], [-49.25033472819946, -27.47879167137702], [-49.25026183871098, -27.478790755051246], [-49.250206914733354, -27.478806320093163], [-49.250169956247966, -27.47883836652317], [-49.25015096325224, -27.47888689435531], [-49.25014993575961, -27.47895190359731], [-49.25013094273286, -27.479000431424648], [-49.25009398415853, -27.479032477829552], [-49.25003906003922, -27.479048042797995], [-49.24996617039354, -27.479047126309567], [-49.24991073243174, -27.479095195842422], [-49.24987274609796, -27.47919225141408], [-49.24985221137927, -27.47933829303667], [-49.24984912830566, -27.479533320716936], [-49.24982859346631, -27.47967936232481], [-49.24979060683121, -27.479776417853554], [-49.24973516841331, -27.479824487291026], [-49.249662278268445, -27.47982357061972], [-49.249607353699254, -27.479839135394865], [-49.249570394687105, -27.47987118163683], [-49.24955140122941, -27.479919709359713], [-49.24955037333962, -27.479984718571203], [-49.24953137985091, -27.480033246289256], [-49.24949442074981, -27.48006529250615], [-49.249439496038924, -27.4800808572078], [-49.24936660573687, -27.48007994037383], [-49.249311166984896, -27.480128009624654], [-49.249273179727176, -27.480225064977752], [-49.249252643950754, -27.480371106445283], [-49.249249559685616, -27.480566134033996], [-49.2492290237885, -27.480712175486808], [-49.249191036229426, -27.480809230796982], [-49.24913559702133, -27.480857299952405], [-49.24906270622007, -27.480856382935546], [-49.24900880930644, -27.48080693825957], [-49.24897390632075, -27.480708965947706], [-49.24895799725009, -27.480562466012078], [-49.24896108202822, -27.480367438453733], [-49.24894517299716, -27.480220938512876], [-49.24891027022313, -27.48012296618845], [-49.248856373719036, -27.480073521468316], [-49.24878348344458, -27.480072604329276], [-49.248729329929375, -27.48003941185902], [-49.24869391320095, -27.479973944080406], [-49.248677233252856, -27.479876201006775], [-49.2486792900446, -27.479746182641943], [-49.24869905512687, -27.479648898165145], [-49.24873652847604, -27.4795843475688], [-49.248791710098565, -27.479552530839552], [-49.248864600031034, -27.479553447958352], [-49.24891978160379, -27.479521631175736], [-49.24895725478024, -27.479457080510773], [-49.24897701955391, -27.47935979597681], [-49.24897907594846, -27.479229777581445], [-49.2489988406508, -27.479132493038552], [-49.24903631363728, -27.479067942340546], [-49.24909149491438, -27.4790361254741], [-49.24916438451867, -27.479037042420117], [-49.249219565745996, -27.479005225500284], [-49.24925703855977, -27.47894067473368], [-49.24927680295352, -27.478843390133626], [-49.249278858950895, -27.47871337170773], [-49.24929862327331, -27.478616087098757], [-49.24933609589713, -27.47855153629911], [-49.2493912768288, -27.478519719295456], [-49.249464166104914, -27.47852063606871], [-49.24951909002565, -27.478505071317663], [-49.249556048572394, -27.47847302506271], [-49.249575041742546, -27.478424497317896], [-49.249576069549555, -27.478359488090987], [-49.24959506268868, -27.478310960341364], [-49.24963202114648, -27.47827891406133], [-49.24968694492554, -27.478263349236805], [-49.249759834044475, -27.478264265847404], [-49.249814757801126, -27.47824870097122], [-49.249851716176885, -27.478216654628593], [-49.24987070916915, -27.47816812683362], [-49.24987173679139, -27.478103117593992], [-49.249908951999686, -27.47805481892216], [-49.24998235476652, -27.478023230787972], [-49.25009194509835, -27.47800835313447], [-49.250237723035625, -27.478010185877867], [-49.25034782699979, -27.477962803392142], [-49.250422256881095, -27.477866205756317], [-49.25046101266272, -27.477720393025415], [-49.25046409442081, -27.477525365230484], [-49.250484627860544, -27.47737932342792], [-49.25052261295194, -27.477282267611002], [-49.25057804970792, -27.47723419776759], [-49.250650938184314, -27.47723511388017], [-49.250705861317044, -27.477219548620294], [-49.250742819087485, -27.477187502008352], [-49.250761811493064, -27.477138974058388], [-49.25076283854721, -27.477073964778167], [-49.25078183092177, -27.477025436823396], [-49.250818788603276, -27.476993390186383], [-49.25087371159434, -27.476977824853027], [-49.25094659991355, -27.476978740802974], [-49.251000495972995, -27.47702818470753], [-49.251035399813, -27.477126156589897], [-49.25105131142065, -27.47727265646222]]]}, "properties": {"classe": "Media"}}, {"type": "Feature", "geometry": {"type": "Polygon", "coordinates": [[[-49.28043948377528, -27.4814426637312], [-49.280437464126386, -27.481572684257163], [-49.28045417251829, -27.481670424807252], [-49.28048960899132, -27.481735885377596], [-49.28054377355182, -27.481769065954857], [-49.28061666617218, -27.481769966516215], [-49.280670578364436, -27.4818193996134], [-49.280705510169064, -27.481917365269553], [-49.280721461573364, -27.482063863496833], [-49.28071843251144, -27.482258894296347], [-49.2807343839561, -27.482405392518334], [-49.28076931597323, -27.48250335816166], [-49.28082322857553, -27.482552791214218], [-49.28089612172252, -27.482553691652832], [-49.280950539192716, -27.482570619524424], [-49.2809864809996, -27.482603574851264], [-49.28100394714065, -27.482652557647402], [-49.28100293759726, -27.48271756791872], [-49.28102040376079, -27.482766550713176], [-49.28105634564981, -27.482799506024964], [-49.28111076326685, -27.482816433839968], [-49.28118365659842, -27.48281733413596], [-49.28123782189331, -27.482850514471885], [-49.28127325917913, -27.48291597487059], [-49.281289968449535, -27.483013715345407], [-49.28128794966419, -27.48314373590019], [-49.28126821216233, -27.483241026254436], [-49.28123075592014, -27.483305586400597], [-49.28117558094396, -27.4833374163253], [-49.28110268727032, -27.48333651600944], [-49.281047764630905, -27.483352093314185], [-49.28101081300715, -27.483384148259944], [-49.28099183239651, -27.483432680860766], [-49.28099082281248, -27.48349769112437], [-49.28097184217088, -27.483546223720417], [-49.28093489045822, -27.483578278641158], [-49.28087996767704, -27.48359385587256], [-49.2808070738459, -27.4835929553942], [-49.28075316077115, -27.48354352231952], [-49.28071822849327, -27.483445556671708], [-49.28070227699955, -27.48329905846289], [-49.2807053062241, -27.48310402769417], [-49.280689354770736, -27.48295752948005], [-49.28065442270537, -27.482859563819417], [-49.280600510040685, -27.482810130700116], [-49.28052761673621, -27.482809230099], [-49.28047319922501, -27.48279230206012], [-49.28043725752058, -27.482759346605707], [-49.280419791620375, -27.48271036374987], [-49.28042080150582, -27.482645353498427], [-49.280403335628094, -27.482596370640913], [-49.28036739400579, -27.48256341517145], [-49.28031297664144, -27.482546487075982], [-49.280240083521555, -27.482545586332243], [-49.28018566618817, -27.482528658188222], [-49.28014972465476, -27.482495702666206], [-49.280132258918805, -27.482446719780242], [-49.28013326896172, -27.482381709536178], [-49.28011580324826, -27.482332726648536], [-49.28007986179698, -27.48229977111144], [-49.28002544461044, -27.482282842910855], [-49.27995255167514, -27.48228194202449], [-49.279898134519556, -27.482265013775354], [-49.27986219315718, -27.482232058185712], [-49.27984472758548, -27.482183075269614], [-49.279845737785855, -27.48211806503293], [-49.27981004903957, -27.482068856872957], [-49.27973766138311, -27.482035450763284], [-49.27962857482285, -27.48201784664698], [-49.27948278933498, -27.482016044436456], [-49.279373702845746, -27.48199844012297], [-49.27930131537896, -27.4819650337941], [-49.279265626928265, -27.48191582550679], [-49.27926663745714, -27.48185081528744], [-49.27928561849953, -27.48180228293374], [-49.27932257004195, -27.481770228437977], [-49.27937749208694, -27.481754651786087], [-49.27945038465307, -27.481755552957686], [-49.27950555927104, -27.481723723696916], [-49.27954301590432, -27.481659164022883], [-49.27956275454658, -27.481561873948912], [-49.2795647752216, -27.481431853482597], [-49.27962095994117, -27.48133501392982], [-49.279731308622445, -27.481271355222084], [-49.27989582128195, -27.481240877231592], [-49.28011449803558, -27.481243579771377], [-49.28027800066685, -27.481278111580853], [-49.28038632925225, -27.4813444728582], [-49.28043948377528, -27.4814426637312]]]}, "properties": {"classe": "Media"}}, {"type": "Feature", "geometry": {"type": "Polygon", "coordinates": [[[-49.280393533409445, -27.48440063006189], [-49.28039050346846, -27.484595660762288], [-49.28040645463527, -27.48474215897044], [-49.28044138697576, -27.484840124685228], [-49.28049530050265, -27.48488955789453], [-49.280568195175455, -27.48489045857515], [-49.28062236125102, -27.484923639179364], [-49.28065779875696, -27.484989099729983], [-49.28067450768694, -27.485086840240363], [-49.28067248800061, -27.485216860714335], [-49.28065274948769, -27.485314150911826], [-49.280615292124374, -27.485378710825245], [-49.28056011591699, -27.485410540441254], [-49.28048722090208, -27.485409639740748], [-49.280432297144095, -27.4854252167469], [-49.28039534462445, -27.48545727148011], [-49.28037636334061, -27.485505803954457], [-49.280375353306056, -27.48557081417768], [-49.280356371991246, -27.485619346647237], [-49.280319419382685, -27.485651401355454], [-49.2802644954829, -27.48566697828824], [-49.280191600310495, -27.485666077425208], [-49.28013844420007, -27.485567886431422], [-49.28010502722306, -27.485372405329585], [-49.28009134933243, -27.485079634125366], [-49.28009741036269, -27.4846895728073], [-49.28012017963836, -27.48439725202513], [-49.28015965713249, -27.48420267177908], [-49.28021584289211, -27.48410583206351], [-49.28028873703821, -27.4841067328669], [-49.28034265015502, -27.484156166120822], [-49.280377582282995, -27.48425413184844], [-49.280393533409445, -27.48440063006189]]]}, "properties": {"classe": "Alta"}}, {"type": "Feature", "geometry": {"type": "Polygon", "coordinates": [[[-49.280947407494416, -27.48629313185261], [-49.28094639776132, -27.48635814208798], [-49.280963864381235, -27.48640712489028], [-49.28099980737274, -27.486440080253633], [-49.28105422673836, -27.486457008164], [-49.28112712246462, -27.486457908599085], [-49.2811815418612, -27.486474836460886], [-49.28121748494162, -27.486507791771675], [-49.28123495170333, -27.486556774545512], [-49.281233942127756, -27.486621784788273], [-49.281251408911956, -27.486670767560433], [-49.28128735207452, -27.486703722856152], [-49.28134177161799, -27.48672065066136], [-49.28141466752886, -27.4867215509538], [-49.28146858238076, -27.48677098383506], [-49.28150351621419, -27.486868949328322], [-49.28151946901643, -27.48701544744572], [-49.28151644072162, -27.487210478188366], [-49.281532393564255, -27.487356976300457], [-49.281567327610254, -27.48745494178088], [-49.28162124287232, -27.487504374617494], [-49.28169413930995, -27.487505274787136], [-49.28174780232577, -27.48757096014079], [-49.28178223197187, -27.487701430701694], [-49.28179742822666, -27.487896686480312], [-49.28179339099487, -27.488156727474305], [-49.28180858728569, -27.488351983243277], [-49.28184301719436, -27.48848245378958], [-49.281896680742484, -27.48854813910274], [-49.28196957787797, -27.488549039159512], [-49.282023998432706, -27.488565966739895], [-49.28205994242016, -27.488598921866146], [-49.282077409837825, -27.488647904552362], [-49.282076400667094, -27.48871291480437], [-49.282093868107246, -27.488761897488903], [-49.28212981217687, -27.4887948526001], [-49.282184232878485, -27.48881178012387], [-49.2822571301986, -27.488812680037967], [-49.28231155093119, -27.48882960751319], [-49.28234749508974, -27.4888625625718], [-49.2823649626717, -27.488911545227865], [-49.28236395365852, -27.488976555487216], [-49.28238142126299, -27.489025538141604], [-49.28241736550369, -27.489058493185137], [-49.28247178638317, -27.489075420603754], [-49.28254468388791, -27.48907632037517], [-49.28259910479836, -27.489093247745213], [-49.28263504912799, -27.489126202736177], [-49.28265251687428, -27.48917518536208], [-49.28265150801864, -27.489240195628817], [-49.28261430254985, -27.489288503472096], [-49.282540900440274, -27.489320108861783], [-49.282431301696256, -27.48933501174091], [-49.28228550635812, -27.489333212025606], [-49.28217641214841, -27.48931560957663], [-49.28210401909095, -27.489282204481558], [-49.28206832717939, -27.489232996797384], [-49.2820693363772, -27.489167986550502], [-49.28205186889432, -27.489119003863188], [-49.28201592474932, -27.48908604872955], [-49.281961503944736, -27.489069121135564], [-49.28188860646707, -27.48906822105893], [-49.281834185693455, -27.48905129341637], [-49.28179824163739, -27.489018338230164], [-49.281780774296315, -27.48896935551436], [-49.281781783651674, -27.488904345274875], [-49.2817643163331, -27.488855362557402], [-49.28172837235919, -27.488822407356125], [-49.281673951732465, -27.488805479656957], [-49.281601054439435, -27.488804579437648], [-49.28154663384368, -27.488787651689947], [-49.2815106899587, -27.488754696436068], [-49.28149322278194, -27.488705713690138], [-49.28149423229484, -27.488640703457992], [-49.28147676514058, -27.488591720710374], [-49.281440821337746, -27.488558765441446], [-49.281386400888884, -27.48854183763713], [-49.28131350378049, -27.48854093727515], [-49.28126009300518, -27.488458999196432], [-49.28122616862536, -27.488296023424073], [-49.281211730608, -27.48805200996637], [-49.28121677882464, -27.4877269588168], [-49.28120234083, -27.487482945343423], [-49.281168416752536, -27.487319969552765], [-49.28111500662528, -27.487238031436547], [-49.28104211038582, -27.487237130971653], [-49.280987943082245, -27.487203950483735], [-49.280952504742196, -27.487138489995637], [-49.280935795359305, -27.487040749520705], [-49.28093781489325, -27.48691072906279], [-49.28092110554625, -27.48681298858521], [-49.280885667358625, -27.486747528084127], [-49.28083150033675, -27.486714347546194], [-49.280758604452984, -27.486713446948574], [-49.28070443748816, -27.486680266363518], [-49.28066899946992, -27.48661480581387], [-49.2806522903919, -27.486517065312967], [-49.280654310213755, -27.48638704486466], [-49.28067404897112, -27.486289754689988], [-49.280711506640166, -27.48622519478138], [-49.28076668322725, -27.486193365125505], [-49.280839578768884, -27.48619426570324], [-49.28089399798764, -27.486211193670197], [-49.280929940896996, -27.486244149048634], [-49.280947407494416, -27.48629313185261]]]}, "properties": {"classe": "Alta"}}, {"type": "Feature", "geometry": {"type": "Polygon", "coordinates": [[[-49.28149423229484, -27.488640703457992], [-49.28149322278194, -27.488705713690138], [-49.2815106899587, -27.488754696436068], [-49.28154663384368, -27.488787651689947], [-49.281601054439435, -27.488804579437648], [-49.281673951732465, -27.488805479656957], [-49.28172837235919, -27.488822407356125], [-49.2817643163331, -27.488855362557402], [-49.281781783651674, -27.488904345274875], [-49.281780774296315, -27.48896935551436], [-49.28179824163739, -27.489018338230164], [-49.281834185693455, -27.48905129341637], [-49.28188860646707, -27.48906822105893], [-49.281961503944736, -27.489069121135564], [-49.28201592474932, -27.48908604872955], [-49.28205186889432, -27.489119003863188], [-49.2820693363772, -27.489167986550502], [-49.28206832717939, -27.489232996797384], [-49.28210401909095, -27.489282204481558], [-49.28217641214841, -27.48931560957663], [-49.28228550635812, -27.489333212025606], [-49.282431301696256, -27.48933501174091], [-49.28254039597699, -27.489352613992647], [-49.28261278922417, -27.489386018868423], [-49.28264848143142, -27.489435226425194], [-49.28264747256225, -27.48950023668937], [-49.28266494036366, -27.489549219314164], [-49.28270088485423, -27.489582174293716], [-49.28275530603649, -27.489599101613962], [-49.282828203896955, -27.489600001252622], [-49.2828826251102, -27.48961692852431], [-49.28291856968969, -27.48964988345127], [-49.28293603763292, -27.489698866047586], [-49.2829350289213, -27.489763876319124], [-49.282952496887034, -27.489812858913762], [-49.2829884415487, -27.489845813825667], [-49.28304286290883, -27.48986274104073], [-49.28311576095393, -27.48986364053671], [-49.283170182345025, -27.489880567703224], [-49.28320612709562, -27.489913522562524], [-49.283223595203175, -27.489962505128695], [-49.28322258664911, -27.490027515407586], [-49.283258279327214, -27.490076722825425], [-49.28333067327399, -27.49011012735584], [-49.28343976849579, -27.490127728941815], [-49.28358556496879, -27.490129527495792], [-49.28369466026162, -27.490147128884526], [-49.2837670543981, -27.490180533195616], [-49.2838027473719, -27.49022974048606], [-49.283801739146504, -27.49029475078222], [-49.283819207572606, -27.490343733285844], [-49.28385515266878, -27.49037668799106], [-49.283909574437565, -27.490393614883796], [-49.28398247286546, -27.490394513941776], [-49.284036894665206, -27.49041144078594], [-49.28407283985031, -27.490444395438576], [-49.284090308418236, -27.490493377913708], [-49.28408930035041, -27.49055838821723], [-49.284106768940845, -27.490607370690704], [-49.284142714208116, -27.490640325328236], [-49.284197136154766, -27.49065725211579], [-49.284270034767296, -27.490658151031077], [-49.28432445674491, -27.49067507777005], [-49.28436040210112, -27.49070803235501], [-49.28437787083338, -27.490757014799986], [-49.28437686292313, -27.49082202511087], [-49.28439433167791, -27.490871007554173], [-49.284430277116286, -27.490903962124037], [-49.2844846992408, -27.490920888806397], [-49.284557598037956, -27.490921787578987], [-49.28461176824863, -27.49095496679213], [-49.28464720990044, -27.491020426468666], [-49.28466392298708, -27.491118166621963], [-49.28466190746821, -27.491248187255852], [-49.284642171049796, -27.491345478050288], [-49.28460471370799, -27.491410038997717], [-49.284549535449145, -27.491441870084785], [-49.284476636309776, -27.49144097129236], [-49.28442221393536, -27.491424044596414], [-49.2843862683394, -27.49139109001919], [-49.284368799519356, -27.49134210757478], [-49.28436980745667, -27.49127709726902], [-49.28435233865914, -27.49122811482294], [-49.28431639314535, -27.491195160230642], [-49.284261970917846, -27.491178233478063], [-49.28418907196311, -27.491177334542943], [-49.284134649766564, -27.491160407741795], [-49.28409870434171, -27.4911274530969], [-49.28408123568602, -27.491078470622334], [-49.28408224378091, -27.491013460323938], [-49.28406477514772, -27.490964477847687], [-49.28402882980504, -27.490931523187722], [-49.2839744077554, -27.49091459632996], [-49.2839015089853, -27.490913697252125], [-49.28384708696663, -27.4908967703458], [-49.28381114171288, -27.49086381563323], [-49.283793673221524, -27.4908148331285], [-49.283794681473985, -27.490749822837458], [-49.28375898834938, -27.490700615540955], [-49.28368659388423, -27.490667211212575], [-49.28357749808487, -27.490649609795366], [-49.28343170092747, -27.490647811201704], [-49.28332260519913, -27.49063020958723], [-49.28325021092369, -27.49059680503954], [-49.283214518094795, -27.490547597615617], [-49.28321552667593, -27.49048258734186], [-49.28317983389691, -27.490433379910662], [-49.283107439794264, -27.490399975295606], [-49.28299834437432, -27.49038237343975], [-49.28285254761327, -27.49038057425547], [-49.28274345226436, -27.49036297220236], [-49.282671058351426, -27.490329567368], [-49.28263536586812, -27.490280359809386], [-49.28263637477791, -27.490215349552916], [-49.28261890690115, -27.49016636692478], [-49.28258296225641, -27.490133411919107], [-49.282528540846236, -27.49011648452184], [-49.28245564265712, -27.490115584710708], [-49.2824012212779, -27.490098657264884], [-49.282365276722096, -27.490065702206618], [-49.282347808987154, -27.490016719550013], [-49.28234881805451, -27.4899517093009], [-49.282331350342076, -27.489902726642608], [-49.28229540586843, -27.489869771569282], [-49.28224098463612, -27.489852844066835], [-49.28216808663164, -27.48985194411302], [-49.282113665430295, -27.489835016562022], [-49.28207772104559, -27.489802061436098], [-49.282060253474974, -27.489753078749334], [-49.28206126269988, -27.489688068507586], [-49.282043795151765, -27.489639085819157], [-49.28200785084921, -27.489606130678165], [-49.281953429794775, -27.48958920307055], [-49.28188053197493, -27.489588302974056], [-49.28182611095145, -27.48957137531789], [-49.281790166737835, -27.489538420124322], [-49.28177269933154, -27.489489437407407], [-49.28177370871399, -27.489424427173027], [-49.28175624133019, -27.48937544445444], [-49.28172029719874, -27.489342489245786], [-49.28166587632216, -27.489325561533022], [-49.28159297868696, -27.489324661293846], [-49.281538557841344, -27.489307733532513], [-49.281502613798814, -27.489274778271284], [-49.28148514655685, -27.489225795524234], [-49.28148615609683, -27.489160785297212], [-49.281468688877354, -27.489111802548493], [-49.28143274491699, -27.489078847272182], [-49.28137832421827, -27.48906191945425], [-49.28130542676771, -27.489061019072402], [-49.28125125851769, -27.489027838650777], [-49.28121581949587, -27.488962378212236], [-49.28119910969588, -27.48886463777011], [-49.28120112907739, -27.48873461732827], [-49.28122086789618, -27.488637327104488], [-49.28125832612843, -27.488572767091238], [-49.28131350378049, -27.48854093727515], [-49.281386400888884, -27.48854183763713], [-49.281440821337746, -27.488558765441446], [-49.28147676514058, -27.488591720710374], [-49.28149423229484, -27.488640703457992]]]}, "properties": {"classe": "Media"}}, {"type": "Feature", "geometry": {"type": "Polygon", "coordinates": [[[-49.28701430180825, -27.49000922356205], [-49.28701329547845, -27.490074233969814], [-49.28715833746894, -27.490124786586414], [-49.287449427950456, -27.4901608809618], [-49.28788656700526, -27.4901825161805], [-49.28846975462714, -27.490189690861694], [-49.28890639156599, -27.49024382812305], [-49.28919647807964, -27.490344929359278], [-49.289340014075755, -27.49049299548393], [-49.28933699911182, -27.490688026929327], [-49.28937118733126, -27.49083474862921], [-49.289442578849915, -27.49093316056377], [-49.28955117368424, -27.490983262677958], [-49.28969697175124, -27.490985054881417], [-49.28980606912769, -27.491002651557338], [-49.28987846583747, -27.491036052793305], [-49.28991416187424, -27.491085258646308], [-49.289913157201504, -27.491150269142757], [-49.28994885328817, -27.491199474988466], [-49.29002125017074, -27.491232876157046], [-49.29013034785554, -27.4912504725915], [-49.29027614631869, -27.491252264204242], [-49.290385244074436, -27.491269860441427], [-49.29045764114665, -27.491303261390637], [-49.290493337529014, -27.491352467108857], [-49.29049233318502, -27.49141747762252], [-49.29050980477094, -27.49146645942158], [-49.290545752305334, -27.4914994125002], [-49.29060017579075, -27.491516336844303], [-49.29067307521366, -27.491517232431622], [-49.290727498730014, -27.491534156727152], [-49.29076344635334, -27.491567109753145], [-49.29078091808111, -27.491616091523703], [-49.29077991389475, -27.491681102044655], [-49.290797385645035, -27.491730083813525], [-49.290833333350555, -27.491763036824437], [-49.29088775701382, -27.491779961063305], [-49.290960656621316, -27.49178085650788], [-49.29101508031553, -27.491797780698175], [-49.29105102810997, -27.49183073365647], [-49.29106850000211, -27.491879715396824], [-49.29106749597339, -27.491944725925098], [-49.2911031928267, -27.491993931504265], [-49.29117559059853, -27.49202733210789], [-49.2912846892952, -27.49204492767902], [-49.29143048889286, -27.492046718130048], [-49.29153933672081, -27.492080566139585], [-49.29161123283315, -27.492146471796737], [-49.29164617721976, -27.492244435157758], [-49.29164416980638, -27.49237445624612], [-49.29162443921501, -27.492471748287286], [-49.29158698542179, -27.492536311273692], [-49.29153180843302, -27.49256814519199], [-49.29145890828523, -27.49256725002303], [-49.29140448414128, -27.49255032598786], [-49.29136853601471, -27.492517373108736], [-49.29135106390298, -27.492468391399736], [-49.29135206778753, -27.492403380866694], [-49.29131637069814, -27.492354175343117], [-49.29124397267132, -27.492320774802582], [-49.29113487371336, -27.49230317918809], [-49.290989073800425, -27.492301388412052], [-49.29087997491343, -27.492283792600272], [-49.29080757707625, -27.492250391840358], [-49.29077188028257, -27.492201186189266], [-49.29077288449589, -27.492136175673444], [-49.2907371877521, -27.492086970015077], [-49.290664790087725, -27.49205356918774], [-49.29055569150908, -27.49203597313448], [-49.29040989199228, -27.492034181767693], [-49.29030079348459, -27.492016585517142], [-49.290228396009866, -27.491983184470445], [-49.29019269956179, -27.491933978684575], [-49.290193704103864, -27.49186896818594], [-49.29017623260683, -27.49181998635336], [-49.29014028508928, -27.49178703318094], [-49.290085861553735, -27.491770108654652], [-49.290012961986676, -27.491769212752196], [-49.289958538482075, -27.491752288177327], [-49.289922591053454, -27.491719334952304], [-49.289905119698275, -27.4916703530912], [-49.28990612439798, -27.491605342599897], [-49.289870428210314, -27.49155613674085], [-49.289798031171806, -27.491522735487685], [-49.28968893328876, -27.491505138783374], [-49.289543134537325, -27.491503346540366], [-49.28943403672524, -27.491485749638798], [-49.28936163987638, -27.491452348166256], [-49.28932594398443, -27.491403142179728], [-49.28932694901287, -27.491338131705614], [-49.28930947797629, -27.491289149781906], [-49.28927353089326, -27.491256196402716], [-49.28921910776632, -27.491239271553983], [-49.28914620858193, -27.491238375213424], [-49.289091785485944, -27.491221450316107], [-49.28905583849184, -27.49118849688432], [-49.28903836759711, -27.491139514932097], [-49.28903937278317, -27.491074504465313], [-49.28894900287488, -27.491024626073965], [-49.28876725797014, -27.490989879584195], [-49.28849413810185, -27.49097026463853], [-49.288129643237895, -27.490965780695905], [-49.287856523613776, -27.49094616450596], [-49.28767477926164, -27.49091141660979], [-49.28758441014859, -27.490861537364847], [-49.28758541617669, -27.490796526944965], [-49.28754972129597, -27.49074732054386], [-49.287477325542916, -27.4907139181351], [-49.287368228923874, -27.490696319661726], [-49.287222431414996, -27.490694525036133], [-49.28711283171725, -27.490709431568025], [-49.28703942979032, -27.490741039341284], [-49.287002225627866, -27.490789348412886], [-49.287001219257554, -27.490854358812964], [-49.28696401503805, -27.49090266787109], [-49.2868906129417, -27.490934275557162], [-49.286781012974835, -27.49094918181421], [-49.28663521517776, -27.49094738655833], [-49.2865261185025, -27.490929787420573], [-49.2864537229729, -27.490896384488526], [-49.28641802858261, -27.49084717781917], [-49.28641903529514, -27.490782167438905], [-49.286383340954735, -27.490732960762266], [-49.286310945597926, -27.490699557762838], [-49.28620184923103, -27.490681958383657], [-49.28605605183022, -27.49068016253712], [-49.28594720727996, -27.490646310369254], [-49.285875315634286, -27.49058040196915], [-49.28584037688305, -27.490482437393077], [-49.28584239095197, -27.490352416664493], [-49.28588035069964, -27.490255350141496], [-49.28595425607203, -27.490191237793187], [-49.286064107079284, -27.49016007956332], [-49.28620990379569, -27.490161875370227], [-49.28631950302749, -27.49014696952951], [-49.286392904734356, -27.490115362125003], [-49.28643010890996, -27.49006705321372], [-49.28643111558195, -27.49000204282576], [-49.2864683197005, -27.489953733901], [-49.28654172123795, -27.489922126409322], [-49.286651320200654, -27.489907220293738], [-49.286797116628904, -27.48990901547038], [-49.28690621236205, -27.48992661435403], [-49.28697860742394, -27.48996001703225], [-49.28701430180825, -27.49000922356205]]]}, "properties": {"classe": "Media"}}, {"type": "Feature", "geometry": {"type": "Polygon", "coordinates": [[[-49.245678695446536, -27.485072711084705], [-49.245677665057265, -27.4851377201131], [-49.245695115642576, -27.485186706618173], [-49.2457310472211, -27.4852196705941], [-49.24578545979542, -27.485236612026803], [-49.24585835335211, -27.48523753089401], [-49.245912765957485, -27.485254472278207], [-49.24594869762498, -27.48528743620166], [-49.24596614835202, -27.485336422678444], [-49.245965118119955, -27.485401431714383], [-49.2459825688694, -27.48545041818953], [-49.24601850061896, -27.485483382098025], [-49.24607291337124, -27.485500323425804], [-49.24614580711279, -27.48550124215058], [-49.246200219896124, -27.48551818342983], [-49.246236151734664, -27.48555114728584], [-49.24625360262583, -27.485600133732703], [-49.246252572550986, -27.485665142776224], [-49.24619712957798, -27.485713210555172], [-49.246087273666475, -27.485744337002682], [-49.245923004829436, -27.485758521990256], [-49.245704323133126, -27.485755765327788], [-49.24554005425652, -27.485769949860003], [-49.2454301981334, -27.48580107577705], [-49.245374754750756, -27.485849143207403], [-49.24537372414896, -27.48591415221792], [-49.245354727691186, -27.485962679193054], [-49.24531776536403, -27.48599472412505], [-49.245262837170046, -27.486010286999853], [-49.24518994312789, -27.486009367797067], [-49.245135014911504, -27.486024930620168], [-49.24509805250227, -27.486056975489557], [-49.24507905589759, -27.48610550241928], [-49.2450780251109, -27.486170511417107], [-49.24509547556228, -27.48621949798567], [-49.24513140727035, -27.486252462119165], [-49.245185820237715, -27.486269403803526], [-49.24525871445093, -27.486270323016445], [-49.245312612121154, -27.486319769154505], [-49.24534751328874, -27.48641774224092], [-49.24536341794071, -27.486564242287816], [-49.245360326010804, -27.486759269296233], [-49.24537623070233, -27.486905769337902], [-49.24541113208155, -27.48700374241177], [-49.24546503016141, -27.487053188505698], [-49.24553792490161, -27.487054107596474], [-49.24559233832766, -27.4870710491413], [-49.24562827045299, -27.487104013162465], [-49.24564572127502, -27.487152999674034], [-49.24564469077511, -27.487218008681836], [-49.24566214161954, -27.487266995191757], [-49.245698073826944, -27.48729995919795], [-49.24575248739991, -27.48731690068636], [-49.245825382325, -27.48731781963469], [-49.24587979592902, -27.487334761074568], [-49.24591572822541, -27.4873677250283], [-49.24593317921158, -27.48741671150992], [-49.2459321488689, -27.487481720525313], [-49.24587670480736, -27.48752978811548], [-49.24576684698661, -27.48756091421359], [-49.245602575419625, -27.48757509869112], [-49.245383890172675, -27.487572341357946], [-49.24522013394941, -27.48755402088541], [-49.2451113067798, -27.48752013746934], [-49.24505740865087, -27.487470691238258], [-49.245058439506735, -27.487405682253296], [-49.24500454145539, -27.48735623600467], [-49.24489571455275, -27.48732235243119], [-49.24473195881177, -27.487304031404378], [-49.24451327420251, -27.48730127272837], [-49.24434900294941, -27.487315455736415], [-49.24423914498622, -27.48734658061866], [-49.24418370029994, -27.4873946475036], [-49.244182668930904, -27.487459656458125], [-49.244145447908295, -27.487507953270917], [-49.24407203720459, -27.487539537911843], [-49.243962436826266, -27.48755441032393], [-49.24381664681385, -27.487552570423365], [-49.243706788486215, -27.487583694866093], [-49.24363286176885, -27.487647783733642], [-49.24359486665135, -27.487744837082285], [-49.2435928031875, -27.48787485494298], [-49.243554807945785, -27.487971908272353], [-49.24348088087244, -27.48803599703945], [-49.243371021977865, -27.488067121188006], [-49.243225231336574, -27.488065280636484], [-49.24311563035865, -27.488080152350502], [-49.24304221900358, -27.488111736413863], [-49.24300499726486, -27.488160032883567], [-49.24300396517003, -27.48822504178974], [-49.242966743374176, -27.488273338245882], [-49.24289333184977, -27.488304922221843], [-49.2427837306033, -27.488319793660615], [-49.242637939675284, -27.488317952478422], [-49.24252833839333, -27.488332823713712], [-49.2424549267169, -27.4883644074503], [-49.24241770463951, -27.48841270374517], [-49.242416672188696, -27.488477712628434], [-49.24237945005417, -27.488526008909744], [-49.242306038208405, -27.488557592558912], [-49.242196436657906, -27.488572463518956], [-49.24205064544318, -27.488570621706074], [-49.24194104385718, -27.48858549246263], [-49.24186763185941, -27.488617075872437], [-49.24183040944335, -27.48866537199245], [-49.24182937663654, -27.48873038085284], [-49.241792154163335, -27.488778676959306], [-49.24171874199622, -27.488810260281674], [-49.24160914014169, -27.48882513076297], [-49.241463348640266, -27.488823288319395], [-49.24135374675026, -27.488838158597193], [-49.24128033443113, -27.4888697416802], [-49.2412431116764, -27.488918037625364], [-49.24124207851358, -27.488983046462852], [-49.241223079670334, -27.489031572743706], [-49.24118611513323, -27.489063616460147], [-49.24113118490487, -27.489079177598143], [-49.24105828900388, -27.489078256137294], [-49.24100335875312, -27.48909381722359], [-49.24096639413395, -27.48912586087742], [-49.24094739514376, -27.489174387112822], [-49.240946361796006, -27.48923939593758], [-49.240927362774755, -27.48928792216817], [-49.240890398066576, -27.489319965796884], [-49.240835467674074, -27.48933552680961], [-49.24076257161588, -27.489334605186002], [-49.24070738282723, -27.48936641835079], [-49.240669901271495, -27.48943096632302], [-49.24065012694218, -27.489528249116052], [-49.2406480598629, -27.489658266737482], [-49.240664733626765, -27.48975601037979], [-49.24070014827429, -27.489821480039172], [-49.240754303812, -27.489854675702283], [-49.24082720021234, -27.489855597346235], [-49.24088135580719, -27.489888792962276], [-49.24091677062407, -27.489954262573306], [-49.24093344465647, -27.490052006192688], [-49.24093137786387, -27.490182023824175], [-49.240911603589105, -27.49027930664887], [-49.24087412180855, -27.49034385465914], [-49.240818932528704, -27.490375667841683], [-49.24074603578619, -27.490374746177395], [-49.24069084645656, -27.490406559306514], [-49.24065336450318, -27.49047110724811], [-49.24063358991956, -27.490568390015536], [-49.240631522729316, -27.490698407616396], [-49.240611748074244, -27.490795690374878], [-49.24057426593071, -27.490860238283375], [-49.24051907630522, -27.490892051328537], [-49.240446179234404, -27.490891129491303], [-49.24039098955913, -27.490922942483063], [-49.24035350724277, -27.490987490322873], [-49.24033373227883, -27.49108477302408], [-49.24033166469091, -27.491214790594302], [-49.24031188965551, -27.491312073286576], [-49.24027440714898, -27.49137662109327], [-49.24021921717784, -27.49140843400107], [-49.24014631977872, -27.49140751199089], [-49.24009112975779, -27.491439324845256], [-49.24005364707844, -27.491503872583284], [-49.24003387173415, -27.491601155218266], [-49.24003180374855, -27.49173117275785], [-49.239993803915574, -27.491828224854565], [-49.23991987218146, -27.491892311477436], [-49.23981000855662, -27.491923432570196], [-49.23966421311562, -27.491921588051294], [-49.239554607972686, -27.49193645674962], [-49.23948119308729, -27.491968038748983], [-49.239443968452925, -27.492016334106363], [-49.23944293409711, -27.492081342851964], [-49.23942393386668, -27.492129868804444], [-49.239386967748175, -27.492161911956096], [-49.23933203574421, -27.49217747229284], [-49.23925913787344, -27.49217654979429], [-49.23920472309797, -27.492159605711322], [-49.23916879143124, -27.49212664006621], [-49.23915134287065, -27.492077652873043], [-49.23915237739756, -27.49201264413762], [-49.23913492885937, -27.49196365694282], [-49.239098997274716, -27.49193069128276], [-49.239044582646216, -27.491913747143386], [-49.23897168496042, -27.491912824502403], [-49.23891752902741, -27.491879628132338], [-49.23888211487471, -27.491814158056084], [-49.238865442495815, -27.491716414286977], [-49.23886751185018, -27.491586396828808], [-49.23888728820715, -27.4914891144075], [-49.23892477154312, -27.491424567015404], [-49.23897996186459, -27.49139275463921], [-49.23905285920819, -27.491393677259833], [-49.23910804947988, -27.491361864830218], [-49.23914553264302, -27.491297317369433], [-49.239165308691106, -27.491200034890827], [-49.239167377647746, -27.491070017402013], [-49.23915070508809, -27.490972273650563], [-49.239115291052684, -27.490906803632715], [-49.239061135548035, -27.490873607335097], [-49.238988238546604, -27.49087268473483], [-49.2389340830991, -27.490839488390165], [-49.23889866923305, -27.490774018323968], [-49.238881996941934, -27.4906762745496], [-49.238884066185214, -27.490546257070847], [-49.23886739392956, -27.490448513293888], [-49.238831980215494, -27.490383043214948], [-49.238777825049546, -27.490349846820667], [-49.238704928404175, -27.490348924088163], [-49.238651290667455, -27.49028322327975], [-49.23861691189117, -27.490152744418754], [-49.23860179205319, -27.48995748751567], [-49.23860593105745, -27.48969745256801], [-49.2385908112537, -27.489502195655383], [-49.238556432737994, -27.489371716780248], [-49.23850279553245, -27.48930601593217], [-49.23842989958528, -27.489305093087793], [-49.23837548634265, -27.48928814874601], [-49.23833955581799, -27.489255182929096], [-49.23832210800868, -27.48920619565115], [-49.23832314289611, -27.489141186917973], [-49.23834214300981, -27.489092661094585], [-49.23837910833637, -27.489060618173234], [-49.23843403887836, -27.48904505813985], [-49.23850693465446, -27.48904598097404], [-49.23856186517406, -27.489030420888945], [-49.23859883041855, -27.488998377904963], [-49.23861783038531, -27.488949852036136], [-49.23861886508777, -27.488884843290204], [-49.238656088934796, -27.488836548100384], [-49.23872950189886, -27.4888049664365], [-49.23883910398648, -27.488790098241598], [-49.238984895238175, -27.488791943431846], [-49.23909398008157, -27.488809579415307], [-49.239166358540274, -27.488843006279616], [-49.23920203060778, -27.488892224081745], [-49.23920099624746, -27.488957232848033], [-49.23921844441973, -27.489006220033826], [-49.23925437514324, -27.489039185633303], [-49.23930878842058, -27.48905612963239], [-49.23938168423832, -27.489057052008807], [-49.23943661466087, -27.489041491572742], [-49.23947357966957, -27.489009448344596], [-49.23949257926183, -27.48896092233842], [-49.239493613451074, -27.48889591356195], [-49.239512613012266, -27.48884738755095], [-49.23954957793197, -27.488815344297667], [-49.23960450821277, -27.488799783788043], [-49.23967740387333, -27.488800706001687], [-49.239731817110076, -27.488817649833365], [-49.23976774793646, -27.488850615305385], [-49.23978519634989, -27.48889960243179], [-49.239784162331716, -27.48896461121843], [-49.23980161076753, -27.4890135983432], [-49.23983754167599, -27.48904656380025], [-49.23989195505969, -27.489063507575533], [-49.23996485090519, -27.489064429646763], [-49.24001978126301, -27.489048868976724], [-49.24005674611452, -27.489016825585807], [-49.240075745457105, -27.488968299488064], [-49.24007677930421, -27.488903290691255], [-49.24009577861574, -27.488854764588698], [-49.24013274337824, -27.488822721172635], [-49.24018767359433, -27.488807160429044], [-49.24026056928263, -27.4888080823375], [-49.24031549947632, -27.488792521542198], [-49.24035246415676, -27.488760478063522], [-49.24037146332134, -27.48871195191553], [-49.2403724969835, -27.488646943105973], [-49.240409720006404, -27.488598647405567], [-49.24048313236252, -27.48856706478413], [-49.24059273405836, -27.488552195184734], [-49.24073852513445, -27.488554038523528], [-49.24084812679481, -27.48853916872062], [-49.24092153899893, -27.488507585859825], [-49.24095876174031, -27.488459289998108], [-49.240959795046464, -27.488394281165665], [-49.24097879387715, -27.48834575491683], [-49.241015758218914, -27.48831371124389], [-49.241070688074366, -27.488298150132785], [-49.24114358346214, -27.488299071563127], [-49.241198513295195, -27.48828351040034], [-49.2412354775549, -27.488251466664764], [-49.241254476238645, -27.48820294037051], [-49.24125550935987, -27.4881379315253], [-49.24123806038469, -27.488088944553326], [-49.24120212933175, -27.488055979448767], [-49.241147716203635, -27.488039036197538], [-49.241074820986924, -27.488038114777364], [-49.24102040788988, -27.488021171477627], [-49.24098447692594, -27.48798820632059], [-49.24096702809249, -27.487939219320356], [-49.240968061370914, -27.487874210482733], [-49.240987060095264, -27.487825684224962], [-49.2410240242521, -27.48779364053929], [-49.241078953844024, -27.48777807941165], [-49.24115184888967, -27.48777900082166], [-49.2412067784592, -27.48776343964232], [-49.24124374253397, -27.487731395894027], [-49.241262741111385, -27.487682869590827], [-49.24126377420488, -27.487617860740464], [-49.241282772751234, -27.48756933443245], [-49.241319736737005, -27.48753729065903], [-49.2413746661648, -27.48752172940614], [-49.24144756105325, -27.4875226506534], [-49.24150249045865, -27.48750708934881], [-49.24153945436236, -27.487475045512767], [-49.24155845276179, -27.487426519159328], [-49.24155948567035, -27.48736151029622], [-49.24166960248801, -27.487314135349624], [-49.24188880314386, -27.48728439405668], [-49.24221708768598, -27.487272285902677], [-49.24265445628139, -27.487277810120975], [-49.242982740826605, -27.487265700154996], [-49.24320194115459, -27.487235956771382], [-49.243312057217324, -27.487188580484837], [-49.243313089085696, -27.487123571558225], [-49.243332086651925, -27.4870750449209], [-49.243369049902576, -27.487043000565134], [-49.243423978840255, -27.487027438476876], [-49.24349687348357, -27.487028358635733], [-49.24355206032914, -27.486996544261682], [-49.24358953934032, -27.48693199537379], [-49.24360931051064, -27.486834711985406], [-49.24361137386373, -27.48670469410414], [-49.243631144962634, -27.486607410706817], [-49.24366862378373, -27.486542861785836], [-49.2437238103335, -27.48651104732787], [-49.24379670464857, -27.486511967313835], [-49.243852149028946, -27.486463900564512], [-49.24389014341875, -27.48636684709739], [-49.243910687805005, -27.486220806924635], [-49.243913782217646, -27.486025780052973], [-49.24393432648306, -27.485879739865464], [-49.24397232057131, -27.48578268635538], [-49.244027764495364, -27.48573461951055], [-49.244100658311126, -27.485735539313488], [-49.24415584433036, -27.48570372465592], [-49.244193322516445, -27.485639175556912], [-49.2442130928629, -27.4855418920298], [-49.244215155393356, -27.485411874082203], [-49.24425314905491, -27.485314820470123], [-49.244327073793826, -27.485250731162605], [-49.244436929620456, -27.485219606103392], [-49.24458271660933, -27.485221445210946], [-49.24469231460332, -27.485206572193267], [-49.244765723561926, -27.485174987134126], [-49.24480294347865, -27.485126690090507], [-49.24480397438104, -27.48506168109253], [-49.24485941758352, -27.485013613877648], [-49.244969273045754, -27.48498248837897], [-49.24513354078072, -27.484968304468012], [-49.24535222085468, -27.48497106195464], [-49.245515973310816, -27.484989382100302], [-49.245624798179094, -27.48502326510083], [-49.245678695446536, -27.485072711084705]]]}, "properties": {"classe": "Media"}}, {"type": "Feature", "geometry": {"type": "Polygon", "coordinates": [[[-49.28345064436354, -27.494126759707704], [-49.28344963576402, -27.494191769955442], [-49.28341242884146, -27.49424007791911], [-49.28333902356819, -27.494271683568606], [-49.283229419950565, -27.49428658684688], [-49.28308361802892, -27.494284787670093], [-49.28297401437537, -27.4942996907449], [-49.28290060894958, -27.494331296155174], [-49.2828634017452, -27.49437960395792], [-49.28286239278989, -27.494444614183248], [-49.282752284445486, -27.49449202218525], [-49.2825330766405, -27.494521827701114], [-49.2822047694219, -27.49453403021589], [-49.28176736295517, -27.494528628962566], [-49.281439055735945, -27.494540829664913], [-49.28121984759874, -27.494570633089992], [-49.28110973849655, -27.494618039752716], [-49.28110872850086, -27.49468304991588], [-49.28108974570794, -27.494731582367926], [-49.28105279010427, -27.494763637101112], [-49.280997861692384, -27.494779214101385], [-49.28092496049089, -27.494778313348306], [-49.28087003205651, -27.494793890296894], [-49.280833076370655, -27.494825944967555], [-49.28081409343079, -27.494874477374353], [-49.280813083250415, -27.494939487525027], [-49.28077587494644, -27.494987794714106], [-49.28070246849125, -27.49501939891146], [-49.28059286389117, -27.495034300060105], [-49.28044706118657, -27.495032498076153], [-49.280337961783225, -27.495014893954675], [-49.28026556570496, -27.49498148778331], [-49.28022987294543, -27.494932279619025], [-49.28023088346808, -27.494867269488232], [-49.28024986665788, -27.494818737172668], [-49.28028682250131, -27.49478668266459], [-49.280341751000925, -27.494771105949948], [-49.28041465217531, -27.494772007008297], [-49.28046983324631, -27.494740177706866], [-49.28050729417738, -27.494675618064775], [-49.2805270349622, -27.49457832809535], [-49.28052905562455, -27.494448307806188], [-49.280585246790665, -27.494351468301314], [-49.28069560837764, -27.494287809512183], [-49.280860140401984, -27.494257331310965], [-49.28107884297966, -27.494260033510553], [-49.28124312240794, -27.494245807392005], [-49.281352978620916, -27.49421465314557], [-49.28140841160587, -27.494166570899825], [-49.28140942140331, -27.49410156072159], [-49.28153775505025, -27.49405437889733], [-49.28179341246741, -27.494025025070336], [-49.282176393718295, -27.494013498539637], [-49.282686699009155, -27.4940197982601], [-49.28306917588172, -27.494040774382356], [-49.28332382435433, -27.494076427964572], [-49.28345064436354, -27.494126759707704]]]}, "properties": {"classe": "Media"}}, {"type": "Feature", "geometry": {"type": "Polygon", "coordinates": [[[-49.284957030116736, -27.491024245639597], [-49.28495602253518, -27.49108925596775], [-49.284973491586, -27.491138238350167], [-49.2850094372878, -27.491171192781], [-49.28506385964311, -27.491188119246186], [-49.285136758638416, -27.49118901772345], [-49.28519067729919, -27.491238449307364], [-49.285225615665944, -27.491336414021095], [-49.285241573726005, -27.491482911876783], [-49.28523855141351, -27.491677942875548], [-49.285254509514054, -27.491824440725924], [-49.28528944809353, -27.491922405426784], [-49.285343367164614, -27.491971836965984], [-49.28541626668678, -27.491972735320363], [-49.285470689500826, -27.49198966164536], [-49.285506635620266, -27.492022615963275], [-49.28552410504256, -27.492071598288142], [-49.285523097749135, -27.492136608625838], [-49.28554056719394, -27.49218559094903], [-49.285576513395554, -27.49221854525184], [-49.285630936356526, -27.492235471520225], [-49.28570383606332, -27.49223636973188], [-49.28575775547382, -27.49228580112375], [-49.285792694628555, -27.492383765719016], [-49.28580865351484, -27.49253026352981], [-49.28580563206681, -27.492725294557253], [-49.28582159099361, -27.492871792362738], [-49.285856530361094, -27.49296975694512], [-49.28591045018194, -27.493019188292283], [-49.285983350415606, -27.493020086381037], [-49.28603752207737, -27.49305326509582], [-49.286072965194876, -27.493118724459478], [-49.28608967976179, -27.493216464485357], [-49.286087665737774, -27.493346485177298], [-49.28606793008137, -27.49344377618625], [-49.286030472768736, -27.49350833750463], [-49.28597529380619, -27.493540169119097], [-49.28590239323026, -27.493539271010523], [-49.28584721421783, -27.493571102571646], [-49.28580975673237, -27.493635663821596], [-49.28579002076756, -27.493732954773726], [-49.285788006347225, -27.493862975435587], [-49.2857682703114, -27.49396026637886], [-49.285730812636224, -27.49402482759598], [-49.28567563332804, -27.494056659073575], [-49.285602732423364, -27.494055760792545], [-49.28554755306529, -27.494087592216804], [-49.28551009521729, -27.494152153365484], [-49.28549035887304, -27.49424944425192], [-49.28548834405637, -27.4943794648837], [-49.285505058229106, -27.494477204948026], [-49.28554050143157, -27.494542664441035], [-49.285594673670104, -27.494575843349384], [-49.28566757491704, -27.49457674165024], [-49.28572199903366, -27.494593667931163], [-49.28575794603347, -27.494626622214433], [-49.285775415913925, -27.494675604514107], [-49.28577440865645, -27.49474061483605], [-49.28579187855942, -27.494789597134048], [-49.28582782564142, -27.494822551402216], [-49.28588224990497, -27.494839477626506], [-49.28595515133657, -27.494840375784623], [-49.28600957563109, -27.49485730196032], [-49.28604552280204, -27.4948902561759], [-49.28606299284687, -27.49493923844538], [-49.286061985747025, -27.49500424877468], [-49.28607945581438, -27.4950532310425], [-49.28611540306752, -27.495086185242975], [-49.28616982750897, -27.49510311136205], [-49.28624272912523, -27.495104009377428], [-49.286297153597644, -27.495120935447904], [-49.28633310093973, -27.49515388959578], [-49.28635057114895, -27.4952028718351], [-49.28634956420673, -27.49526788217174], [-49.286312358117236, -27.495316190945466], [-49.28623895285281, -27.495347798126172], [-49.28612934841979, -27.49536270365686], [-49.285983544858496, -27.49536090745363], [-49.28587444400307, -27.495343307621198], [-49.28580204587735, -27.495309904247176], [-49.285766350475, -27.495260697388552], [-49.28576735775951, -27.495195687071732], [-49.285749887813765, -27.49514670477095], [-49.28571394065633, -27.495113750480332], [-49.28565951628976, -27.49509682418584], [-49.28558661470054, -27.49509592586516], [-49.28553219036493, -27.495078999522075], [-49.28549624329645, -27.495046045178867], [-49.28547877349257, -27.494997062849585], [-49.2854797809347, -27.494932052540115], [-49.28546231115334, -27.494883070209166], [-49.28542636416705, -27.49485011585086], [-49.28537193997838, -27.494833189451146], [-49.28529903857381, -27.49483229098774], [-49.285245370095346, -27.494766606812114], [-49.28521093459509, -27.494636136947538], [-49.28519573205153, -27.494440881404465], [-49.28519976236941, -27.494180840180555], [-49.28522101028283, -27.493986033881583], [-49.285259475758686, -27.49385646250242], [-49.28531515881852, -27.49379212603263], [-49.28538805953853, -27.493793024456394], [-49.28544374249247, -27.49372868792969], [-49.28548220760408, -27.49359911646834], [-49.28550345485185, -27.493404310082802], [-49.285507484268884, -27.49314426877819], [-49.28549228125362, -27.49294901321299], [-49.28545784590129, -27.492818543389543], [-49.28540417823343, -27.492752859297397], [-49.28533127819791, -27.492751960913285], [-49.28527710690619, -27.492718781938464], [-49.285241664385936, -27.49265332239577], [-49.285224950630784, -27.492555582298557], [-49.28522696560043, -27.492425561650673], [-49.28521025188122, -27.49232782155081], [-49.285174809513485, -27.492262361995092], [-49.28512063850357, -27.49222918297021], [-49.285047738823806, -27.492228284453294], [-49.284993819773014, -27.492178852801544], [-49.28495888139169, -27.49208088803814], [-49.28494292366716, -27.491934390175214], [-49.28494594653357, -27.491739359213877], [-49.284929988849534, -27.491592861345634], [-49.28489505068093, -27.491494896569368], [-49.28484113204044, -27.491445464872907], [-49.28476823288755, -27.491444566233106], [-49.28471406239511, -27.491411387070027], [-49.284678620590775, -27.491345927406485], [-49.28466190746821, -27.491248187255852], [-49.28466392298708, -27.491118166621963], [-49.28468365933449, -27.491020875818663], [-49.28472111648659, -27.490956314838403], [-49.28477629444971, -27.490924483667815], [-49.28484919326039, -27.49092538228778], [-49.2849036154688, -27.490942308809583], [-49.28493956108842, -27.490975263255503], [-49.284957030116736, -27.491024245639597]]]}, "properties": {"classe": "Alta"}}, {"type": "Feature", "geometry": {"type": "Polygon", "coordinates": [[[-49.2889534171913, -27.49663289705773], [-49.288951406239036, -27.49676291788095], [-49.2889681237357, -27.496860657653187], [-49.2890035697216, -27.496926116370577], [-49.289057744203056, -27.496959294019756], [-49.289130647152405, -27.496960190577898], [-49.28918482169093, -27.496993368179925], [-49.2892202678463, -27.497058826848665], [-49.289236985612185, -27.497156566597486], [-49.289234974948286, -27.497286587430217], [-49.28925169275017, -27.49738432717636], [-49.289287139058146, -27.497449785832075], [-49.28934131387856, -27.497482963383977], [-49.289414217183726, -27.497483859809233], [-49.2894683920612, -27.497517037313976], [-49.289503838538664, -27.497582495921037], [-49.28952055660978, -27.497680235643774], [-49.289518546234255, -27.497810256486037], [-49.28949881254634, -27.497907548023612], [-49.28946135552218, -27.497972110248906], [-49.28940617516809, -27.498003943148614], [-49.28933327152059, -27.498003046703573], [-49.28927834245199, -27.498018626947356], [-49.28924138794371, -27.49805068390038], [-49.28922240799323, -27.498099217576737], [-49.28922140261406, -27.498164227984123], [-49.28918419668798, -27.498212537519773], [-49.28911079018731, -27.498244146153546], [-49.28900118311838, -27.498259053828463], [-49.28885537552152, -27.498257260460594], [-49.28874526558373, -27.498304673126857], [-49.288670853195434, -27.498401291906468], [-49.2886321383402, -27.498547116854514], [-49.28862912109468, -27.498742148001927], [-49.28864508419127, -27.498888645572702], [-49.28868002769582, -27.49898660956568], [-49.28873395162096, -27.49903603996873], [-49.288806855926175, -27.499036936758664], [-49.288859020072586, -27.499200135290728], [-49.288890444155534, -27.499525635583637], [-49.288901128047236, -27.500013437627622], [-49.28889107139681, -27.500663541384483], [-49.288865302261975, -27.501150894960354], [-49.28882382067265, -27.501475498374866], [-49.2887666267566, -27.50163735163775], [-49.28869372073949, -27.501636454748873], [-49.28864105296537, -27.501505761346255], [-49.288608623520226, -27.50124527145108], [-49.28859643232183, -27.500854985062254], [-49.28860447911968, -27.50033490215643], [-49.28859228785203, -27.4999446157237], [-49.288559858769425, -27.49968412578741], [-49.288507191954075, -27.499553432348662], [-49.28843428732, -27.499552535386254], [-49.28838011181365, -27.4995193574566], [-49.288344665462695, -27.499453898582527], [-49.28832794826081, -27.499356158777395], [-49.28832996016766, -27.499226138045064], [-49.28831324300175, -27.499128398237286], [-49.28827779680342, -27.499062939350168], [-49.28822362157897, -27.499029761370398], [-49.28815071730076, -27.499028864275104], [-49.288096542133395, -27.49899568624816], [-49.28806109610455, -27.498930227312414], [-49.28804437920789, -27.49883248748121], [-49.2880463914031, -27.49870246675841], [-49.28802967454243, -27.498604726924544], [-49.28799422866619, -27.498539267975765], [-49.28794005378073, -27.498506089898708], [-49.287867149858364, -27.498505192670542], [-49.28781398124978, -27.498407004189758], [-49.28778054802658, -27.49821152447906], [-49.28776685014193, -27.49791875354412], [-49.287772887430535, -27.49752869137352], [-49.28781386685825, -27.49723659335376], [-49.287889788303396, -27.497042459458086], [-49.28800065181662, -27.496946289637897], [-49.28814645762085, -27.496948083822804], [-49.2882560634568, -27.496933176764898], [-49.28832946928416, -27.496901568548054], [-49.288366675096604, -27.496853259229304], [-49.2883676809218, -27.496788248838758], [-49.28838666098272, -27.496739715277187], [-49.288423615265856, -27.496707658536838], [-49.28847854377374, -27.496692078603655], [-49.288551446524934, -27.496692975457226], [-49.288606375010296, -27.49667739547237], [-49.288643329211226, -27.496645338669516], [-49.28866230912521, -27.496596805062723], [-49.288663314765735, -27.496531794659713], [-49.28868229464875, -27.496483261048148], [-49.288719248760735, -27.496451204220286], [-49.28877417710421, -27.496435624162093], [-49.288847079697746, -27.496436520853102], [-49.28890125389733, -27.496469698552403], [-49.28893669973062, -27.49653515728283], [-49.2889534171913, -27.49663289705773]]]}, "properties": {"classe": "Media"}}, {"type": "Feature", "geometry": {"type": "Polygon", "coordinates": [[[-49.289195764305575, -27.499821993155827], [-49.28917967640394, -27.5008621593251], [-49.28914938340178, -27.501642059678094], [-49.28910488552865, -27.50216169428524], [-49.28904618310967, -27.502421063193797], [-49.28897327656545, -27.502420166427935], [-49.28892186529961, -27.502208210164817], [-49.288891949412026, -27.50178519441763], [-49.288883528687585, -27.50115111916004], [-49.28889660259629, -27.500305984326154], [-49.288888181471464, -27.499671908943963], [-49.28885826584306, -27.49924889307935], [-49.288806855926175, -27.499036936758664], [-49.28873395162096, -27.49903603996873], [-49.28868002769582, -27.49898660956568], [-49.28864508419127, -27.498888645572702], [-49.28862912109468, -27.498742148001927], [-49.2886321383402, -27.498547116854514], [-49.288670853195434, -27.498401291906468], [-49.28874526558373, -27.498304673126857], [-49.28885537552152, -27.498257260460594], [-49.28900118311838, -27.498259053828463], [-49.28910651699748, -27.498520440358636], [-49.289171377502825, -27.499041420135867], [-49.289195764305575, -27.499821993155827]]]}, "properties": {"classe": "Alta"}}, {"type": "Feature", "geometry": {"type": "Polygon", "coordinates": [[[-49.28915252611175, -27.50261743936328], [-49.289150514881165, -27.502747460088248], [-49.289167233156775, -27.502845199805495], [-49.28920268097891, -27.50291065851116], [-49.28925685835387, -27.502943836191886], [-49.28932976525401, -27.502944732824833], [-49.289383942686065, -27.50297791045839], [-49.289419390677715, -27.503043369115407], [-49.28943610922264, -27.503141108809213], [-49.289434098280516, -27.503271129543684], [-49.28945081686145, -27.503368869234833], [-49.28948626500576, -27.503434327878786], [-49.28954044271979, -27.503467505462204], [-49.28961334997585, -27.503468401962238], [-49.289667779083636, -27.503485326905356], [-49.28970373005669, -27.503518280313862], [-49.28972120289246, -27.503567262201823], [-49.28972019757238, -27.503632272575107], [-49.28973767043069, -27.503681254461377], [-49.28977362148597, -27.50371420785477], [-49.28982805074076, -27.503731132741216], [-49.289900958181526, -27.50373202909843], [-49.28995538746728, -27.503748953936274], [-49.28999133861155, -27.503781907277023], [-49.29000881161179, -27.50383088913476], [-49.290007806449445, -27.503895899515367], [-49.29002527947223, -27.50394488137142], [-49.29006123069873, -27.50397783469708], [-49.290115660131484, -27.503994759478235], [-49.290188567756964, -27.503995655692627], [-49.29024274596287, -27.50402883302197], [-49.2902781947769, -27.504094291489093], [-49.290294914192714, -27.504192031107358], [-49.29029290417, -27.50432205188062], [-49.290273169666605, -27.504419343419166], [-49.29023571065864, -27.504483905715436], [-49.29018052715244, -27.50451573875606], [-49.29010761918451, -27.50451484252189], [-49.29005268691968, -27.5045304229152], [-49.29001573033937, -27.50456247995642], [-49.289996749441045, -27.504611013659616], [-49.28999574423823, -27.504676024032516], [-49.28997676330894, -27.504724557730942], [-49.28993980663964, -27.504756614747162], [-49.28988487423287, -27.50477219506711], [-49.2898119661072, -27.50477129867034], [-49.28975703367789, -27.50478687893859], [-49.28972007692634, -27.504818935892295], [-49.28970109585005, -27.5048674695455], [-49.28970009046252, -27.50493247990595], [-49.28968110935525, -27.50498101355438], [-49.28964415251472, -27.50501307048307], [-49.289589219943466, -27.505028650677954], [-49.28951631166005, -27.505027754118593], [-49.28946137906626, -27.505043334261778], [-49.28942442214349, -27.50507539112794], [-49.28940544088921, -27.50512392473115], [-49.28940443531695, -27.505188935079147], [-49.28938545403171, -27.50523746867759], [-49.28934849701995, -27.505269525518752], [-49.28929356428421, -27.505285105588566], [-49.28922065584306, -27.505284208866605], [-49.289165471654925, -27.505316041469328], [-49.289128011683275, -27.505380603415894], [-49.28910827592178, -27.50547789471964], [-49.28910626439431, -27.50560791538814], [-49.2890865285618, -27.50570520668303], [-49.28904906840036, -27.50576976859677], [-49.28899388391631, -27.505801601115976], [-49.28892097514618, -27.505800704221517], [-49.288866042091605, -27.505816284106498], [-49.288829084734004, -27.505848340791363], [-49.28881010307083, -27.505896874290194], [-49.28880909711562, -27.505961884610706], [-49.28879011542148, -27.50601041810477], [-49.288753157974874, -27.506042474764627], [-49.288698224778344, -27.506058054576236], [-49.28862531585049, -27.506057157519162], [-49.28857038263142, -27.506072737279084], [-49.28853342510257, -27.50610479387642], [-49.28851444326141, -27.50615332732525], [-49.28851343712146, -27.506218337633292], [-49.28849445524932, -27.506266871077347], [-49.288457497631484, -27.506298927649677], [-49.28840256427047, -27.50631450733622], [-49.28832965518486, -27.506313610116525], [-49.28827447022953, -27.506345442325987], [-49.28823700936794, -27.50641000398374], [-49.28821727259375, -27.506507295103127], [-49.28821525993085, -27.506637315691727], [-49.28819552308565, -27.506734606802272], [-49.28815806203424, -27.506799168427186], [-49.28810287678298, -27.506831000553106], [-49.28802996736838, -27.5068301031609], [-49.287975033688525, -27.5068456826626], [-49.28793807572482, -27.506877739078615], [-49.28791909347473, -27.506926272423048], [-49.28791808695178, -27.506991282703588], [-49.28789910467071, -27.50703981604324], [-49.287862146618, -27.507071872434263], [-49.28780721279619, -27.50708745186257], [-49.28773430322385, -27.507086554307744], [-49.2876793693795, -27.507102133684352], [-49.28764241124454, -27.507134190012827], [-49.28762342881645, -27.507182723307245], [-49.28762242210875, -27.507247733575333], [-49.28760343964967, -27.507296266864977], [-49.28756648142571, -27.50732832316846], [-49.2875115474394, -27.507343902471675], [-49.28743863770932, -27.507343004754222], [-49.28738370370047, -27.50735858400575], [-49.28734674539427, -27.507390640246683], [-49.28732776278817, -27.507439173491093], [-49.287326755895705, -27.507504183746704], [-49.28730777325863, -27.50755271698634], [-49.28727081486341, -27.507584773202264], [-49.28721588071261, -27.5076003523804], [-49.28714297082479, -27.50759945450032], [-49.28708778489153, -27.507631286188257], [-49.2870503228763, -27.50769584746338], [-49.287030584772765, -27.507793138339007], [-49.28702857060479, -27.50792315882275], [-49.28699060489068, -27.50802022519282], [-49.286916687576365, -27.508084337418317], [-49.28680681867196, -27.50811549544294], [-49.28666099825184, -27.50811369918497], [-49.28655112925729, -27.508144857002787], [-49.28647721161396, -27.50820896897809], [-49.28643924531173, -27.50830603516722], [-49.28643723040467, -27.508436055601056], [-49.28641749159689, -27.508533346349118], [-49.286380028864535, -27.5085979074038], [-49.28632484221392, -27.508629738751758], [-49.28625193168162, -27.508628840373863], [-49.28619750068605, -27.50861191401379], [-49.28616154924074, -27.508578959693807], [-49.28614407734316, -27.50852997742803], [-49.28614508497471, -27.508464967222302], [-49.286127613099666, -27.508415984954834], [-49.286091661736606, -27.508383030619765], [-49.28603723088807, -27.508366104203006], [-49.28596432054054, -27.50836520568229], [-49.28591064554437, -27.50829952156741], [-49.28587620595173, -27.508169051881634], [-49.28586100174106, -27.507973796635444], [-49.2858650328171, -27.507713755826497], [-49.28588628353478, -27.50751894985308], [-49.28592475386096, -27.507389378710084], [-49.28598044381717, -27.507325042387034], [-49.28605335347967, -27.50732594086812], [-49.28610853952976, -27.507294109596092], [-49.28614600193088, -27.50722954859008], [-49.28616574067671, -27.507132257863436], [-49.2861677557911, -27.50700223742374], [-49.28618749446587, -27.50690494668824], [-49.28622495667716, -27.50684038564938], [-49.286280142431295, -27.506808554293784], [-49.28635305176482, -27.506809452602322], [-49.28640798561821, -27.506793873751047], [-49.28644494397288, -27.50676181776035], [-49.286463926826286, -27.50671328464434], [-49.28646493419197, -27.506648274410725], [-49.286502144315, -27.506599965842398], [-49.28657555716772, -27.506568358909206], [-49.28668517275647, -27.506553453554126], [-49.28683099112158, -27.506555249693232], [-49.28694060667434, -27.506540344134574], [-49.287014019374396, -27.506508736962076], [-49.28705122921543, -27.50646042823277], [-49.2870522362251, -27.506395417976773], [-49.28708944600903, -27.50634710923399], [-49.28716285853953, -27.506315501974264], [-49.28727247382295, -27.506300596140576], [-49.28741829189963, -27.50630239164899], [-49.28752790714705, -27.50628748561172], [-49.287601319524896, -27.506255878112697], [-49.287638529026815, -27.506207569208936], [-49.28763953568049, -27.506142558930584], [-49.2876038362126, -27.506093352419903], [-49.287531430659676, -27.50605994965047], [-49.28742231902805, -27.50604235056527], [-49.28727650129386, -27.506040555076655], [-49.28716738973328, -27.506022955794077], [-49.28709498437017, -27.505989552805165], [-49.287059285198204, -27.505940346166934], [-49.28706029218086, -27.505875335905802], [-49.28707927459434, -27.505826802680588], [-49.287116232425156, -27.505794746483573], [-49.287171165675815, -27.50577916730066], [-49.28724407436492, -27.50578006511142], [-49.28729900759305, -27.50576448587681], [-49.28733596534161, -27.505732429617236], [-49.28735494760809, -27.505683896346792], [-49.28735595440598, -27.505618886073215], [-49.287374936641484, -27.505570352797992], [-49.28741189430105, -27.505538296513432], [-49.28746682738723, -27.505522717205434], [-49.28753973591861, -27.50552361485358], [-49.28759492064494, -27.505491782923098], [-49.28763238152969, -27.50542722143312], [-49.287652118566534, -27.505329930397014], [-49.28765413177934, -27.505199909822334], [-49.28767386874516, -27.505102618777368], [-49.2877113294401, -27.505038057254563], [-49.287766513870515, -27.50500622524054], [-49.287839422072935, -27.505007122716172], [-49.2878943548403, -27.50499154322333], [-49.28793131215402, -27.504959486782454], [-49.28795029401159, -27.504910953407613], [-49.2879513004265, -27.504845943106513], [-49.287970282253085, -27.5047974097269], [-49.28800723947782, -27.504765353261007], [-49.288062172103245, -27.504749773694797], [-49.28813508014793, -27.50475067100782], [-49.288190012750825, -27.50473509138991], [-49.28822696989332, -27.504703034861496], [-49.2882459515729, -27.504654501436647], [-49.28824695780308, -27.504589491123095], [-49.28826593945168, -27.50454095769348], [-49.2883028965052, -27.504508901140056], [-49.28835782896615, -27.504493321448773], [-49.28843073685311, -27.504494218599188], [-49.2884866753733, -27.504413628532845], [-49.288525644428724, -27.504251551263604], [-49.2885476439865, -27.504007986799703], [-49.28855267407878, -27.503682935143974], [-49.28857467339226, -27.50343937064892], [-49.28861364189478, -27.503277293311754], [-49.288669579619224, -27.503196703124225], [-49.28874248666358, -27.50319760007246], [-49.28879792133231, -27.50314951499921], [-49.288835883569675, -27.503052447922073], [-49.288856373363004, -27.502906398853202], [-49.28885939074276, -27.502711367799275], [-49.2888798804162, -27.5025653187158], [-49.28891784235287, -27.502468251596074], [-49.28897327656545, -27.502420166427935], [-49.28904618310967, -27.502421063193797], [-49.289100360202674, -27.50245424092467], [-49.28913580787214, -27.502519699643365], [-49.28915252611175, -27.50261743936328]]]}, "properties": {"classe": "Media"}}, {"type": "Feature", "geometry": {"type": "Polygon", "coordinates": [[[-49.28555978578327, -27.508587798787033], [-49.285554745845275, -27.508912849703727], [-49.285441599562496, -27.509155289667497], [-49.28522034652364, -27.509315118401727], [-49.28489098680604, -27.509392335396956], [-49.28445352097574, -27.50938693991082], [-49.28412567389693, -27.509366639861934], [-49.28390744559681, -27.509331436029015], [-49.28379883602842, -27.509281328927305], [-49.28379984507067, -27.509216318808598], [-49.28383705724654, -27.509168011063302], [-49.283910472528355, -27.50913640566126], [-49.28402009092246, -27.50912150254547], [-49.28416591246923, -27.50912330163196], [-49.284275530827365, -27.509108398312545], [-49.28434894595652, -27.509076792671166], [-49.28438615785036, -27.50902848476485], [-49.28438716653655, -27.50896347462374], [-49.284406150711014, -27.508914941861917], [-49.28444311036024, -27.508882886471625], [-49.284498045486764, -27.50886730843881], [-49.28457095610918, -27.50886820774303], [-49.284625891213174, -27.50885262965851], [-49.28466285078015, -27.508820574205668], [-49.28468183480758, -27.508772041398583], [-49.284682843308964, -27.508707031245], [-49.2847018273054, -27.508658498433128], [-49.28473878678336, -27.50862644295527], [-49.28479372174539, -27.508610864797337], [-49.284866632210075, -27.50861176393891], [-49.28492156714957, -27.50859618572928], [-49.28495852654529, -27.508564130188855], [-49.28497751039468, -27.50851559733175], [-49.28497851871128, -27.508450587165672], [-49.28499750252969, -27.50840205430378], [-49.28503446183639, -27.508369998738363], [-49.28508939663392, -27.50835442045532], [-49.285162306940876, -27.508355319434248], [-49.28521724171588, -27.50833974109951], [-49.28525420094033, -27.508307685471518], [-49.285273184611704, -27.508259152564392], [-49.285274192743515, -27.508194142385822], [-49.285293176383895, -27.508145609473917], [-49.28533013551934, -27.508113553820937], [-49.28538507015238, -27.508097975412788], [-49.2854579803016, -27.508098874229066], [-49.28551140293072, -27.50818081105059], [-49.28554533810227, -27.508343785900472], [-49.28555978578327, -27.508587798787033]]]}, "properties": {"classe": "Media"}}, {"type": "Feature", "geometry": {"type": "Polygon", "coordinates": [[[-49.28207018695369, -27.507894513701096], [-49.2820691769516, -27.507959523773067], [-49.28210487442894, -27.508008731607262], [-49.28217727942227, -27.50804213717725], [-49.282286391937944, -27.508059740426017], [-49.282432211952106, -27.50806154126591], [-49.28254132453886, -27.508079144317282], [-49.28261372972208, -27.508112549667793], [-49.2826494274954, -27.508161757374467], [-49.28264841782227, -27.508226767463746], [-49.28270234318599, -27.508276200225993], [-49.28281120364233, -27.50831005559996], [-49.28297499920401, -27.508328333456987], [-49.28319372984062, -27.50833103360112], [-49.28335752552235, -27.508349311011738], [-49.2834663862796, -27.508383165884783], [-49.28352031209966, -27.508432598348914], [-49.28351930292677, -27.508497608465394], [-49.2835367736379, -27.508546591007892], [-49.28357272425164, -27.508579545970555], [-49.28362715477055, -27.50859647333926], [-49.283700065181094, -27.508597373091767], [-49.28375424347054, -27.508630552942645], [-49.28378968966656, -27.508696012914744], [-49.28380640376281, -27.508793753021404], [-49.28380438571892, -27.508923773266503], [-49.283729961483196, -27.50902038873729], [-49.28358313094495, -27.50908359931321], [-49.28336389412957, -27.509113404766122], [-49.283072251198526, -27.509109804760293], [-49.282853771433714, -27.509090851833037], [-49.28270845486825, -27.509056546331614], [-49.28263630148055, -27.509006888484883], [-49.28263731119432, -27.50894187840332], [-49.282510474991206, -27.508891545260248], [-49.282255793016624, -27.50885588871172], [-49.281873265334085, -27.508834908056375], [-49.281362891925255, -27.50882860223536], [-49.28097985930725, -27.508840124148318], [-49.28072416727364, -27.508869474841063], [-49.28059581576086, -27.50891665501495], [-49.28059480484824, -27.50898166502697], [-49.28055759137265, -27.509029971843674], [-49.280484175306405, -27.509061575434934], [-49.28037455665588, -27.509076475743704], [-49.28022873546144, -27.509074672686065], [-49.280119116775, -27.509089572791215], [-49.280045700556144, -27.509121176143115], [-49.28000848679853, -27.509169482798768], [-49.28000747552982, -27.509234492788345], [-49.27995203403491, -27.50928257400213], [-49.279842162273276, -27.509313726373257], [-49.27967786025763, -27.509327949773112], [-49.27945912805395, -27.509325244011283], [-49.279294825997894, -27.509339466955385], [-49.27918495402347, -27.50937061879579], [-49.27912951211795, -27.509418699661122], [-49.27912850032186, -27.509483709618287], [-49.278927236638694, -27.5095299860074], [-49.27852572097073, -27.50955752795228], [-49.27792395347331, -27.509566333720507], [-49.277121934554906, -27.509556400723543], [-49.27652067396919, -27.50953269547701], [-49.27612017166093, -27.50949522058995], [-49.27592042747463, -27.509443977794795], [-49.27592144115464, -27.50937896794718], [-49.27584929081728, -27.50932930671028], [-49.27570397653887, -27.509294993973636], [-49.275485498341105, -27.509276029508374], [-49.27519385619102, -27.509272412967235], [-49.27497487105659, -27.509285952614555], [-49.274828542842386, -27.50931664879011], [-49.274754871526696, -27.509364501722786], [-49.27475385716162, -27.509429511530517], [-49.27469841339945, -27.50947759053849], [-49.27458854019966, -27.50950873867988], [-49.274424237575005, -27.509522955825993], [-49.27420550559154, -27.509520241786483], [-49.2740412029266, -27.509534458476836], [-49.273931329514156, -27.509565606087424], [-49.27387588534143, -27.509613684746892], [-49.27387487044895, -27.509678694522112], [-49.27350955542047, -27.50972292679054], [-49.27277994019218, -27.50974637867001], [-49.27168602527639, -27.509749044433033], [-49.270227811762126, -27.509730915507006], [-49.26913440694235, -27.509701056386206], [-49.268405810370304, -27.509659475680735], [-49.26804202153274, -27.509606179118034], [-49.26804303985053, -27.50954116954275], [-49.26808025878709, -27.50949286633886], [-49.26815367831478, -27.50946126947621], [-49.26826329844, -27.50944637889776], [-49.2684091192032, -27.509448194519607], [-49.268518739292624, -27.50943330373753], [-49.26859215866783, -27.50940170663543], [-49.26862937732241, -27.50935340327038], [-49.26863039528402, -27.50928839367249], [-49.26866761388146, -27.50924009029392], [-49.26874103308712, -27.509208493104495], [-49.268850652907375, -27.509193602047187], [-49.268996473382686, -27.509195417038065], [-49.26910609316714, -27.509180525777126], [-49.269179512220305, -27.509148928348274], [-49.26921673053579, -27.509100624808536], [-49.269217748141216, -27.50903561518806], [-49.26929142145691, -27.508987765287785], [-49.26943775043081, -27.508957074989738], [-49.26965673508467, -27.50894354406509], [-49.26994837551407, -27.508947172174047], [-49.27016685161134, -27.508966145268385], [-49.27031216340934, -27.509000463695404], [-49.270384310886335, -27.50905012768392], [-49.270383293965956, -27.50911513734441], [-49.270418986410746, -27.50916434794952], [-49.27049138825731, -27.50919775947287], [-49.270600499512035, -27.50921537185742], [-49.270746320151126, -27.509217185015512], [-49.27085543147707, -27.509234797202677], [-49.27092783351365, -27.509268208506597], [-49.27096352625449, -27.50931741898431], [-49.27096250966298, -27.509382428662228], [-49.27101643007233, -27.509431865735312], [-49.27112528753837, -27.50946573014234], [-49.27128908207388, -27.509484021754638], [-49.271507813648604, -27.509486740376246], [-49.27167211639489, -27.509472526691663], [-49.271781990246666, -27.509441380891246], [-49.271837435191166, -27.509393303103664], [-49.271838451268884, -27.509328293395765], [-49.27194857893808, -27.509280895026446], [-49.272167818127336, -27.509251107732684], [-49.27249616888394, -27.509238930999246], [-49.27293363137384, -27.509244364058663], [-49.273261982130634, -27.509232185511642], [-49.27348122098835, -27.50920239612568], [-49.27359134789974, -27.509154996416022], [-49.27359236293625, -27.509089986645634], [-49.273611351790684, -27.50904145557714], [-49.27364831444953, -27.50900940320277], [-49.273703250915354, -27.50899382950848], [-49.27377616120675, -27.50899473447383], [-49.27383109765006, -27.50897916072782], [-49.27386806022668, -27.508947108290876], [-49.27388704893406, -27.50889857717707], [-49.273888063785684, -27.508833567394145], [-49.27397996262366, -27.50878594112779], [-49.27416274538557, -27.5087556981947], [-49.274436412104585, -27.508742838237175], [-49.27480096290949, -27.50874736072304], [-49.275074122531606, -27.50876700441716], [-49.275255891002736, -27.50880176986105], [-49.2753462682897, -27.508851657412414], [-49.27534525429437, -27.50891666724522], [-49.27539917654721, -27.50896610270125], [-49.27550803510404, -27.50899996371923], [-49.27567182997761, -27.50901825017053], [-49.27589056113761, -27.509020961859168], [-49.27605486292376, -27.509006742936148], [-49.27616473527002, -27.50897559359186], [-49.276220178163676, -27.508927513954912], [-49.27622119164523, -27.5088625040922], [-49.276240179321235, -27.50881397260831], [-49.27627714117821, -27.50878191949549], [-49.276332077218704, -27.50876634473969], [-49.27640498746131, -27.50876724832047], [-49.27645992347929, -27.508751673512954], [-49.276496885254026, -27.508719620337573], [-49.276515872782994, -27.50867108880838], [-49.27651688607969, -27.508606078933145], [-49.276554101105525, -27.508557773269665], [-49.27662751783286, -27.508526171787825], [-49.276737136268075, -27.508511274430578], [-49.276882956451544, -27.508513081114014], [-49.276992068345066, -27.508530688499523], [-49.27706447197246, -27.508564096674764], [-49.277100167327355, -27.508613305696766], [-49.27709915437318, -27.50867831559193], [-49.277153077339634, -27.508727750399967], [-49.27726193628253, -27.508761610059565], [-49.277425731214606, -27.50877989444213], [-49.27764446210552, -27.50878260335168], [-49.27780876342955, -27.508768382328757], [-49.27791863512068, -27.50873723156375], [-49.27797407716618, -27.50868915118528], [-49.27797508960657, -27.508624141260242], [-49.27804875911454, -27.5085762865296], [-49.278195085637954, -27.508545586875442], [-49.278414069198476, -27.50853204206891], [-49.2787057098915, -27.50853565177022], [-49.27892469341606, -27.508522106155606], [-49.279071019676735, -27.50849140556482], [-49.279144688651904, -27.50844355022676], [-49.279145700393684, -27.508378540259336], [-49.279164686713216, -27.508330008310086], [-49.279201647596985, -27.50829795437131], [-49.27925658304754, -27.508282378428905], [-49.27932949308348, -27.50828328046245], [-49.27938392271359, -27.508300209456742], [-49.27941987195139, -27.508333165434042], [-49.27943734079433, -27.508382148408455], [-49.279436329223806, -27.50844715838583], [-49.27945379808926, -27.50849614135856], [-49.2794897474093, -27.508529097320803], [-49.27954417718645, -27.508546026258436], [-49.279617087407225, -27.5085469281492], [-49.27967202293446, -27.50853135204616], [-49.279708983749565, -27.508499297969713], [-49.27972796985, -27.508450765933976], [-49.279728981249264, -27.50838575594666], [-49.27983910493292, -27.50833835112225], [-49.28005834082943, -27.508308551197842], [-49.280386688985864, -27.508296355658146], [-49.28082414956785, -27.508301763735723], [-49.28115249772374, -27.508289566382548], [-49.281371733287884, -27.5082597643661], [-49.28148185621326, -27.50821235820164], [-49.281482866571416, -27.508147348152097], [-49.281501851837554, -27.50809881583333], [-49.281538811998146, -27.508066761237608], [-49.281593747055744, -27.508051184350833], [-49.28166665702894, -27.508052085152602], [-49.28172159206402, -27.508036508214126], [-49.28175855214238, -27.50800445355584], [-49.28177753726147, -27.50795592119181], [-49.28177854743482, -27.507890911129767], [-49.281797532522916, -27.50784237876096], [-49.28183449251226, -27.50781032407765], [-49.281889427405375, -27.50779474706576], [-49.281962337220875, -27.507795647704864], [-49.282016767077764, -27.50781257567697], [-49.28205271698955, -27.507845531004346], [-49.28207018695369, -27.507894513701096]]]}, "properties": {"classe": "Media"}}, {"type": "Feature", "geometry": {"type": "Polygon", "coordinates": [[[-49.267159964162225, -27.510050347528473], [-49.2671589453033, -27.510115357068564], [-49.26710349805136, -27.510163432874958], [-49.26699362236592, -27.51019457488072], [-49.2668293182598, -27.510208782957264], [-49.266610585799114, -27.51020605691419], [-49.266446281652875, -27.510220264534922], [-49.26633640575497, -27.51025140600986], [-49.26628095809257, -27.5102994814676], [-49.26627993870618, -27.510364490975075], [-49.266242718695125, -27.510412793641333], [-49.266169298031784, -27.51044438943623], [-49.266059676722584, -27.510459278302744], [-49.26591385480797, -27.51045746015695], [-49.26580474329877, -27.510439844074874], [-49.26573234221876, -27.510406430144197], [-49.26569665156153, -27.510357218421955], [-49.26569767129047, -27.51029220893454], [-49.26571666378616, -27.510243679121743], [-49.2657536290351, -27.510211628975807], [-49.265808567039855, -27.510196058482677], [-49.26588147781906, -27.51019696762192], [-49.26593641580133, -27.510181397077062], [-49.265973380968056, -27.510149346868527], [-49.26599237331667, -27.510100817010382], [-49.265993392860665, -27.510035807510373], [-49.26606706816501, -27.50998795942058], [-49.26621339917766, -27.509957272623048], [-49.26643238592042, -27.509943746888926], [-49.26672402848891, -27.50994738187842], [-49.266942505705934, -27.509966360103036], [-49.2670878176043, -27.510000681910114], [-49.267159964162225, -27.510050347528473]]]}, "properties": {"classe": "Media"}}, {"type": "Feature", "geometry": {"type": "Polygon", "coordinates": [[[-49.28549526819301, -27.512748449308962], [-49.28549022717296, -27.513073500020262], [-49.285468217954474, -27.51331706330732], [-49.285429240505444, -27.513479139167345], [-49.285373294858836, -27.513559727592046], [-49.285300381112705, -27.513558828567582], [-49.285246956273944, -27.513476891613934], [-49.28521302040511, -27.513313916754235], [-49.28519857347321, -27.513069903996772], [-49.285203615349744, -27.512744853335047], [-49.28522562496264, -27.512501290092157], [-49.285264602279774, -27.512339214265346], [-49.28532054733414, -27.51225862584629], [-49.285393460223766, -27.51225952482118], [-49.28544688463768, -27.512341461710317], [-49.28548082063842, -27.51250443653681], [-49.28549526819301, -27.512748449308962]]]}, "properties": {"classe": "Alta"}}, {"type": "Feature", "geometry": {"type": "Polygon", "coordinates": [[[-49.29117131430072, -27.50410526647798], [-49.29117030980978, -27.504170276895547], [-49.29118778339241, -27.504219258629092], [-49.2912237350672, -27.50425221167275], [-49.29127816483667, -27.504269136012436], [-49.2913510726873, -27.504270031625893], [-49.29140550248774, -27.50428695591698], [-49.291441454251505, -27.504319908907988], [-49.29145892797609, -27.504368890613], [-49.291457923642895, -27.504433901037867], [-49.29153007838896, -27.50448355438214], [-49.29167539229049, -27.50451785053534], [-49.291893865368976, -27.504536789268638], [-49.29218549759114, -27.50454037023485], [-49.29240397084716, -27.50455930817254], [-49.292549285170296, -27.504593603428923], [-49.292621440539094, -27.504643256232768], [-49.29262043687734, -27.50470826669458], [-49.29269259235211, -27.504757919465586], [-49.2928379070396, -27.50479221443531], [-49.29305638096126, -27.50481115137492], [-49.29334801408381, -27.50481472993725], [-49.29356623740466, -27.504849918704345], [-49.29371105101939, -27.50491671802673], [-49.29378245490278, -27.505015128132506], [-49.29378044890875, -27.505145149127372], [-49.29379717155095, -27.50524288845844], [-49.29383262286969, -27.505308346121847], [-49.293886802871285, -27.505341522104242], [-49.29395971152804, -27.50534241638277], [-49.29401414230487, -27.505359339692312], [-49.294050095215304, -27.505392292055145], [-49.294067570256836, -27.505441273485342], [-49.294066567410866, -27.505506283988808], [-49.2941022696759, -27.50555548896629], [-49.29417467708848, -27.505588888391394], [-49.2942837896549, -27.505606482207067], [-49.294429607351255, -27.505608270325702], [-49.29453871998864, -27.505625863943987], [-49.294611127590954, -27.505659263149543], [-49.2946468301519, -27.505708467999426], [-49.29464582763495, -27.50577347852002], [-49.29466330299533, -27.50582245988752], [-49.29469925625161, -27.50585541209602], [-49.29475368740631, -27.50587233513147], [-49.29482659644591, -27.505873228971573], [-49.29488102763157, -27.505890151958397], [-49.29491698097683, -27.50592310411424], [-49.294934456479176, -27.505972085453177], [-49.29493345412002, -27.50603709598108], [-49.294896247756135, -27.506085406985946], [-49.29482283735984, -27.506117018437628], [-49.294713222937425, -27.50613193027911], [-49.294567404529204, -27.506130142426468], [-49.2944572887478, -27.50617755931954], [-49.29438287548366, -27.506274181037575], [-49.29434416472038, -27.5064200076357], [-49.29434115653473, -27.50661503914485], [-49.29435712777775, -27.506761536297486], [-49.294392078515266, -27.5068594990925], [-49.294446008759884, -27.506908927517713], [-49.294518918471006, -27.50690982154998], [-49.29457309945134, -27.506942997302648], [-49.29460855172859, -27.507008454798555], [-49.29462527529642, -27.507106194051076], [-49.294623270114556, -27.507236215064058], [-49.294658221217816, -27.5073341778033], [-49.29473012868052, -27.507400082245308], [-49.29483899251274, -27.507433928333754], [-49.29498481266035, -27.507435715979536], [-49.295093927198266, -27.50745330924361], [-49.29516633615037, -27.507486708213612], [-49.2952020395104, -27.507535912946587], [-49.2952010372418, -27.507600923468942], [-49.295218513094845, -27.507649904778646], [-49.29525446708812, -27.507682856869803], [-49.295308899224146, -27.507699779728352], [-49.295381809489385, -27.507700673332], [-49.29543624165637, -27.50771759614193], [-49.29547219573863, -27.507750548180425], [-49.295489671733655, -27.507799529461554], [-49.29548866962287, -27.50786453999122], [-49.29550614564045, -27.507913521270666], [-49.29554209980498, -27.507946473294034], [-49.29559653211899, -27.507963396047245], [-49.295669442568936, -27.507964289508024], [-49.2957238749139, -27.507981212212616], [-49.29575982916742, -27.508014164183308], [-49.29577730532699, -27.508063145434193], [-49.29577630337401, -27.50812815597114], [-49.295757324258226, -27.508176690524124], [-49.2957203679661, -27.508208749085426], [-49.295665434500144, -27.50822433164099], [-49.295592523878945, -27.50822343817036], [-49.295537339865405, -27.50825527330608], [-49.295499882423, -27.508319837067283], [-49.29548015154543, -27.508417129467343], [-49.29547814725663, -27.508547150513817], [-49.29545841630811, -27.508644442905055], [-49.295420958675955, -27.508709006633463], [-49.29536577436647, -27.508740841685704], [-49.295292863416186, -27.50873994804263], [-49.29523792963132, -27.508755530413417], [-49.29520097299331, -27.508787588818493], [-49.295181993499604, -27.508836123271934], [-49.29518099116376, -27.508901133781457], [-49.295198467180455, -27.50895011509386], [-49.29523442156827, -27.508983067203243], [-49.29528885432972, -27.508999990095546], [-49.295361765451275, -27.509000883748474], [-49.29541594769252, -27.509034059221158], [-49.29545140108115, -27.50909951653646], [-49.29546812561089, -27.5091972557077], [-49.2954661212414, -27.509327276738784], [-49.29548284580721, -27.50942501590736], [-49.29551829934863, -27.509490473209553], [-49.295572481871964, -27.509523648632037], [-49.2956453933495, -27.509524542151933], [-49.295699826445, -27.50954146489702], [-49.29573578117199, -27.509574416889585], [-49.29575325752796, -27.5096233981437], [-49.29575225549432, -27.50968840866525], [-49.295769731872845, -27.509737389917674], [-49.295805686682115, -27.509770341895123], [-49.29586011992465, -27.509787264583476], [-49.295933031586905, -27.509788157960486], [-49.2959874648604, -27.509805080600234], [-49.29602341975867, -27.509838032524993], [-49.296040896279194, -27.50988701374886], [-49.296039894403386, -27.509952024277684], [-49.296057370946464, -27.510001005499852], [-49.29609332592701, -27.5100339574095], [-49.29614775934755, -27.510050879992512], [-49.296220671194526, -27.51005177322662], [-49.2962746037735, -27.510101201028643], [-49.29630955712507, -27.5101991634217], [-49.29632553123665, -27.510345660418004], [-49.29632252604242, -27.510540692018655], [-49.29633850019481, -27.5106871890096], [-49.29637345375963, -27.51078515138969], [-49.29642738674947, -27.510834579146795], [-49.296500299123736, -27.510835472257707], [-49.29655473300344, -27.510852394700247], [-49.296590688402105, -27.510885346496675], [-49.296608165317224, -27.510934327661083], [-49.29660716373022, -27.510999338199362], [-49.296642868798266, -27.511048542619136], [-49.296715280557876, -27.511081940893988], [-49.29682439901536, -27.511099532966877], [-49.296970224146776, -27.51110131875015], [-49.29707934267521, -27.51111891062559], [-49.29715175462458, -27.51115230868084], [-49.29718745998859, -27.511201512972942], [-49.297186458730735, -27.511266523528352], [-49.297222164144706, -27.51131572781314], [-49.29729457626704, -27.5113491258009], [-49.297403695104045, -27.511366717434576], [-49.29754952063178, -27.511368502626528], [-49.29765863953973, -27.511386094062743], [-49.297731051851834, -27.511419491830885], [-49.29776675756179, -27.511468695988004], [-49.297765756633076, -27.511533706560517], [-49.29778323416355, -27.511582687601102], [-49.297819190171815, -27.511615639103873], [-49.29787362466037, -27.51163256105473], [-49.297946537615665, -27.511633453431404], [-49.29799997133641, -27.511715385912396], [-49.29803392588526, -27.511878358520796], [-49.29804840122948, -27.51212237126488], [-49.29804339724095, -27.512447424138205], [-49.298112557854076, -27.51269210610387], [-49.29825588344732, -27.512856417074726], [-49.2984733740723, -27.512940356827706], [-49.29876502945375, -27.512943925003597], [-49.298983520956334, -27.512962853384533], [-49.29912884861346, -27.51299714231781], [-49.299201012403735, -27.513046792032362], [-49.299200012250964, -27.513111802638676], [-49.29921749063714, -27.513160783528416], [-49.29925344758084, -27.51319373469568], [-49.29930788308457, -27.513210656126393], [-49.29938079713479, -27.513211547798285], [-49.29943523266948, -27.51322846918038], [-49.29947118970218, -27.51326142029496], [-49.29948866823038, -27.5133104011561], [-49.299487668235514, -27.51337541176968], [-49.29950514678628, -27.513424392629126], [-49.29954110390129, -27.51345734372856], [-49.29959553958304, -27.513474265053894], [-49.29966845381798, -27.513475156582846], [-49.29972288953069, -27.51349207785955], [-49.2997588467347, -27.51352502890629], [-49.29977632542751, -27.51357400973714], [-49.299775325590524, -27.513639020358006], [-49.2997928043059, -27.513688001187166], [-49.299828761592224, -27.513720952218762], [-49.29988319745198, -27.51373787343871], [-49.29995611187166, -27.513738764824723], [-49.300010547762376, -27.51375568599603], [-49.30004650513771, -27.51378863697493], [-49.300063983995116, -27.513837617775504], [-49.30006298431603, -27.51390262840363], [-49.30004400591323, -27.513951163543695], [-49.300007048773175, -27.513983223187996], [-49.29995211289835, -27.513998807322444], [-49.29987919830737, -27.5139979159266], [-49.299824262409984, -27.51401350000934], [-49.29978730518762, -27.514045559591118], [-49.29976832663776, -27.514094094685998], [-49.299767326773946, -27.51415910530171], [-49.29974834819313, -27.51420764039183], [-49.29971139088175, -27.514239699948643], [-49.29965645484233, -27.514255283958033], [-49.29958354009345, -27.51425439239958], [-49.29952910403631, -27.514237471054056], [-49.299493146684455, -27.51420451994371], [-49.299475668035385, -27.514155539082665], [-49.29947666807051, -27.51409052847679], [-49.299459189444015, -27.51404154761404], [-49.29942323217447, -27.51400859648857], [-49.29936879626439, -27.513991675086274], [-49.29929588170024, -27.513990783384887], [-49.299241695862705, -27.51395760928412], [-49.29920623877952, -27.51389215280679], [-49.29918951044439, -27.513794413966288], [-49.29919151081702, -27.513664392766483], [-49.29915655394856, -27.513566430979267], [-49.29908463991335, -27.513500528581137], [-49.298975768721434, -27.513466685515763], [-49.29882994031863, -27.513464901694007], [-49.298720819138055, -27.513447311080792], [-49.298648405203636, -27.513413913763785], [-49.298612698509096, -27.513364709800015], [-49.29861369901789, -27.513299699215946], [-49.29855976386165, -27.513250272224973], [-49.298450893096074, -27.5132164287658], [-49.29828708673377, -27.513198168709767], [-49.29806834474418, -27.513195491860884], [-49.29790403804179, -27.513209736638977], [-49.29779416656081, -27.513240903234507], [-49.29773873028865, -27.513288991776122], [-49.297737729265926, -27.513354002330676], [-49.29768229291094, -27.513402090845354], [-49.29757242118307, -27.513433257253283], [-49.297408114094914, -27.513447501425812], [-49.297189371712264, -27.513444823172485], [-49.297025064583266, -27.513459066889208], [-49.29691519264209, -27.51349023276647], [-49.29685975587615, -27.51353832093289], [-49.29685875432607, -27.51360333145536], [-49.29683977459975, -27.513651866098527], [-49.29680281668369, -27.513683924854664], [-49.29674788058036, -27.513699507709713], [-49.29667496630838, -27.513698614643218], [-49.29662003018249, -27.513714197446554], [-49.29658307218412, -27.513746256140166], [-49.296564092310746, -27.51379479073813], [-49.29656309057591, -27.51385980124819], [-49.296525882070775, -27.51390811255009], [-49.29645246676762, -27.51393972461371], [-49.29634284467275, -27.51395463738199], [-49.29619701582648, -27.51395285077099], [-49.29608814521014, -27.513919005466033], [-49.29601623287791, -27.51385310155624], [-49.29598127881969, -27.51375513909797], [-49.29598328296116, -27.513625118114714], [-49.29600301459138, -27.513527825734965], [-49.2960404736864, -27.513463261951138], [-49.29609566025255, -27.513431426749904], [-49.296168574326344, -27.51343232011209], [-49.29622401132153, -27.513384232231832], [-49.29626197118236, -27.513287163126776], [-49.29628245389623, -27.513141112809066], [-49.296285459493696, -27.51294608128538], [-49.29626948525631, -27.5127995843222], [-49.2962345312499, -27.51270162191836], [-49.296180597487066, -27.512652194061705], [-49.29610768392718, -27.51265130072908], [-49.296053249255586, -27.512634378078598], [-49.296017293485804, -27.512601426132527], [-49.29599981661532, -27.51255244490498], [-49.296000818625565, -27.512487434401784], [-49.29598334177764, -27.512438453172543], [-49.29594738609015, -27.512405501211354], [-49.29589295156561, -27.51238857850413], [-49.29582003819048, -27.51238768502859], [-49.29576685637159, -27.512289499151468], [-49.29573340618074, -27.512094020895482], [-49.295719687571264, -27.51180125026627], [-49.29572570037813, -27.51141118725246], [-49.29571198177064, -27.511118416599786], [-49.295678531913815, -27.510922938319624], [-49.29562535085432, -27.5108247524063], [-49.29555243852039, -27.510823858837124], [-49.29549825538838, -27.510790683384105], [-49.295462801485996, -27.510725226070104], [-49.29544607680694, -27.51062748690845], [-49.295448081310894, -27.510497465903025], [-49.295431356667926, -27.51039972673869], [-49.29539590291834, -27.51033426941159], [-49.29534172006843, -27.510301093908364], [-49.295268808090505, -27.51030020020615], [-49.29521437470358, -27.5102832772801], [-49.29517841992121, -27.51025032515248], [-49.295160943740854, -27.510201343837377], [-49.29516194614394, -27.5101363333407], [-49.29514446998615, -27.510087352023906], [-49.295108515286046, -27.51005439988116], [-49.295054082046164, -27.510037476898383], [-49.29498117025297, -27.51003658305328], [-49.29492698767762, -27.51000340739933], [-49.294891534347826, -27.509937949959376], [-49.29487481025727, -27.50984021074675], [-49.29487681536565, -27.509710189765364], [-49.294860091311165, -27.50961245055008], [-49.294824638134145, -27.509546993097043], [-49.2947704558409, -27.509513817392882], [-49.294697544403704, -27.509512923414754], [-49.29464361283699, -27.509463495041977], [-49.294608661181364, -27.509365532297736], [-49.29459268942421, -27.509219035194178], [-49.2945956974997, -27.509024003732417], [-49.294579725783315, -27.50887750662351], [-49.294544774340864, -27.50877954386631], [-49.294490843184974, -27.508730115448635], [-49.294417932275046, -27.50872922134735], [-49.294363750499784, -27.508696045504703], [-49.29432829788689, -27.50863058794355], [-49.29431157443006, -27.50853284867722], [-49.29431358008899, -27.508402827709613], [-49.294296856668225, -27.508305088440622], [-49.2942614042081, -27.508239630866388], [-49.29420722271491, -27.508206454973543], [-49.29413431216096, -27.508205560739242], [-49.29407987998639, -27.508188637418847], [-49.29404392620473, -27.50815568503466], [-49.29402645081346, -27.50810670360072], [-49.294027453794, -27.508041693122927], [-49.29400997842529, -27.507992711687308], [-49.29397402472589, -27.507959759287992], [-49.293919592698344, -27.507942835910885], [-49.29384668232911, -27.507941941533716], [-49.29379225033253, -27.507925018107994], [-49.29375629672213, -27.507892065656016], [-49.29373882149539, -27.507843084191844], [-49.29373982463373, -27.507778073721333], [-49.293722349429544, -27.50772909225548], [-49.29368639590141, -27.50769613978837], [-49.29363196405185, -27.50767921630594], [-49.29355905386734, -27.507678321785907], [-49.293504622048744, -27.50766139825486], [-49.2934686686096, -27.5076284457351], [-49.29345119354739, -27.507579464240678], [-49.293452196843525, -27.50751445377749], [-49.29341649429452, -27.50746524863071], [-49.293344085936894, -27.507431848773912], [-49.293234971776975, -27.50741425415007], [-49.293089151790845, -27.507412464671546], [-49.2929800377019, -27.507394869850295], [-49.29290762953404, -27.507361469773947], [-49.29287192728098, -27.50731226449956], [-49.29287293090616, -27.50724725405354], [-49.29281900124343, -27.507197825044877], [-49.29271013834855, -27.507163977412304], [-49.29254634223414, -27.507145711027164], [-49.292327612869705, -27.50714302569353], [-49.292163816875124, -27.50712475886197], [-49.2920549542809, -27.507090910728408], [-49.29200102507439, -27.50704148142151], [-49.29200202919986, -27.506976471002545], [-49.291911645258374, -27.506926593992716], [-49.29172987334791, -27.506891850218057], [-49.29145671350131, -27.50687223932084], [-49.29109216568632, -27.50686776075964], [-49.29081850367666, -27.50688065380735], [-49.290635727344025, -27.50691091899612], [-49.290543836655566, -27.506958556683678], [-49.29054283167386, -27.507023567053235], [-49.290505623101566, -27.50707187677418], [-49.29043221091101, -27.507103485816387], [-49.29032259510851, -27.50711839412278], [-49.290176775734395, -27.507116601609464], [-49.29006715989587, -27.50713150971228], [-49.28999374755261, -27.507163118515173], [-49.289956538698284, -27.507211428075184], [-49.28995553336058, -27.507276438422412], [-49.289936551902024, -27.507324972076866], [-49.28989959430908, -27.507357029030835], [-49.28984466058427, -27.507372609270202], [-49.2897717507462, -27.507371712774567], [-49.289716816998855, -27.507387292962242], [-49.289679859323655, -27.507419349853667], [-49.28966087771807, -27.507467883462905], [-49.28965987219563, -27.507532893797677], [-49.28964089055907, -27.507581427402144], [-49.289603932794876, -27.507613484268564], [-49.28954899890556, -27.50762906438286], [-49.28947608890972, -27.50762816772461], [-49.28942115499787, -27.507643747787203], [-49.28938419715141, -27.507675804591088], [-49.28936521536783, -27.50772433815032], [-49.28936420966064, -27.50778934847266], [-49.28932700031434, -27.507837657837886], [-49.28925358730124, -27.50786926621587], [-49.28914397062767, -27.5078841735496], [-49.28899815033397, -27.50788237975512], [-49.28888828212601, -27.507913539461438], [-49.288814365929454, -27.507977652750267], [-49.28877640173418, -27.50807471967793], [-49.28877438959429, -27.508204740275307], [-49.2887546528777, -27.508302031453944], [-49.28871719156053, -27.508366593206297], [-49.288662005649115, -27.50839842551897], [-49.288589095179994, -27.508397528372843], [-49.28853390921865, -27.508429360632167], [-49.288496447728534, -27.508493922316056], [-49.28847671070333, -27.508591213437875], [-49.2884746981669, -27.508721234005197], [-49.288491416441, -27.508818973737462], [-49.288526865565956, -27.508884432630786], [-49.2885810455481, -27.508917610671844], [-49.288653956359745, -27.508918507837752], [-49.28870763332645, -27.508984190975944], [-49.28874207650042, -27.50911466010968], [-49.28875728586013, -27.50930991524943], [-49.28875326131035, -27.509569956392852], [-49.288640875803836, -27.509763641518173], [-49.28842012900838, -27.50989097035117], [-49.2880910209898, -27.509951942380138], [-49.287653552211985, -27.509946556856026], [-49.28732570245815, -27.50992626425267], [-49.287107471755625, -27.509891065348764], [-49.28699886005756, -27.509840960659595], [-49.28699986724289, -27.509775950436985], [-49.28694593916816, -27.50972651923071], [-49.286837075889146, -27.509692666979497], [-49.28667327741852, -27.509674393554686], [-49.28645454372583, -27.509671698760318], [-49.28629074537519, -27.50965342488906], [-49.28618188239702, -27.50961957213686], [-49.28612795477863, -27.5095701406324], [-49.28612896246426, -27.509505130436928], [-49.28611149045852, -27.50945614816726], [-49.28607553877997, -27.509423193817515], [-49.28602110743116, -27.509406267373603], [-49.28594819639857, -27.509405368813233], [-49.285893261171736, -27.509420947415055], [-49.28585630173207, -27.50945300319949], [-49.285837318077014, -27.509501536180615], [-49.28583631022011, -27.509566546366173], [-49.285726187581545, -27.509613955994773], [-49.285506950089705, -27.509643764803478], [-49.2851785977915, -27.509655972277006], [-49.28474113085241, -27.509650577647804], [-49.28441252637828, -27.50967903584167], [-49.2841927841054, -27.509741347620196], [-49.28408190398302, -27.50983751349794], [-49.284079886173366, -27.50996753374233], [-49.28409660065591, -27.510065273817553], [-49.284132047471005, -27.510130733719755], [-49.284186226625, -27.510163913435562], [-49.284259138090235, -27.510164812942122], [-49.284313569496476, -27.51018174007888], [-49.28434952085723, -27.510214694868143], [-49.284366992169986, -27.510263677323973], [-49.28436598341614, -27.510328687452244], [-49.28432877104336, -27.510376995324137], [-49.28425535502401, -27.510408600909493], [-49.28414573536441, -27.510423504151298], [-49.28399991210493, -27.51042170496559], [-49.28389155370647, -27.51035534536489], [-49.283820660279694, -27.510224425440615], [-49.28378723179924, -27.5100289452462], [-49.28379126810364, -27.509768904797095], [-49.283903661889546, -27.509575223980576], [-49.284124412824916, -27.50944790252236], [-49.28445352097574, -27.50938693991082], [-49.28489098680604, -27.509392335396956], [-49.28522085062815, -27.509282613318366], [-49.28544311166813, -27.509057774403352], [-49.28555776981821, -27.508717819155635], [-49.28556482563674, -27.50826274785428], [-49.285588344901576, -27.507921669039714], [-49.28562832759417, -27.507694582715942], [-49.28568477377791, -27.50758148888046], [-49.28575768359814, -27.507582387524184], [-49.28581161012389, -27.50763181913394], [-49.28584655339571, -27.50772978373293], [-49.285862513400915, -27.507876281333292], [-49.285859490073605, -27.508071311936156], [-49.28587545011937, -27.508217809531192], [-49.28591039360413, -27.508315774117293], [-49.28596432054054, -27.50836520568229], [-49.28603723088807, -27.508366104203006], [-49.286091661736606, -27.508383030619765], [-49.286127613099666, -27.508415984954834], [-49.28614508497471, -27.508464967222302], [-49.28614407734316, -27.50852997742803], [-49.28616154924074, -27.508578959693807], [-49.28619750068605, -27.50861191401379], [-49.28625193168162, -27.508628840373863], [-49.28632484221392, -27.508629738751758], [-49.286380028864535, -27.5085979074038], [-49.28641749159689, -27.508533346349118], [-49.28643723040467, -27.508436055601056], [-49.28643924531173, -27.50830603516722], [-49.28647721161396, -27.50820896897809], [-49.28655112925729, -27.508144857002787], [-49.28666099825184, -27.50811369918497], [-49.28680681867196, -27.50811549544294], [-49.286916687576365, -27.508084337418317], [-49.28699060489068, -27.50802022519282], [-49.28702857060479, -27.50792315882275], [-49.287030584772765, -27.507793138339007], [-49.2870503228763, -27.50769584746338], [-49.28708778489153, -27.507631286188257], [-49.28714297082479, -27.50759945450032], [-49.28721588071261, -27.5076003523804], [-49.28727081486341, -27.507584773202264], [-49.28730777325863, -27.50755271698634], [-49.287326755895705, -27.507504183746704], [-49.28732776278817, -27.507439173491093], [-49.28734674539427, -27.507390640246683], [-49.28738370370047, -27.50735858400575], [-49.28743863770932, -27.507343004754222], [-49.2875115474394, -27.507343902471675], [-49.28756648142571, -27.50732832316846], [-49.28760343964967, -27.507296266864977], [-49.28762242210875, -27.507247733575333], [-49.28762342881645, -27.507182723307245], [-49.28764241124454, -27.507134190012827], [-49.2876793693795, -27.507102133684352], [-49.28773430322385, -27.507086554307744], [-49.28780721279619, -27.50708745186257], [-49.287862146618, -27.507071872434263], [-49.28789910467071, -27.50703981604324], [-49.28791808695178, -27.506991282703588], [-49.28791909347473, -27.506926272423048], [-49.28793807572482, -27.506877739078615], [-49.287975033688525, -27.5068456826626], [-49.28802996736838, -27.5068301031609], [-49.28810287678298, -27.506831000553106], [-49.28815806203424, -27.506799168427186], [-49.28819552308565, -27.506734606802272], [-49.28821525993085, -27.506637315691727], [-49.28821727259375, -27.506507295103127], [-49.28823700936794, -27.50641000398374], [-49.28827447022953, -27.506345442325987], [-49.28832965518486, -27.506313610116525], [-49.28840256427047, -27.50631450733622], [-49.288457497631484, -27.506298927649677], [-49.28849445524932, -27.506266871077347], [-49.28851343712146, -27.506218337633292], [-49.28851444326141, -27.50615332732525], [-49.28853342510257, -27.50610479387642], [-49.28857038263142, -27.506072737279084], [-49.28862531585049, -27.506057157519162], [-49.288698224778344, -27.506058054576236], [-49.288753157974874, -27.506042474764627], [-49.28879011542148, -27.50601041810477], [-49.28880909711562, -27.505961884610706], [-49.28881010307083, -27.505896874290194], [-49.288829084734004, -27.505848340791363], [-49.288866042091605, -27.505816284106498], [-49.28892097514618, -27.505800704221517], [-49.28899388391631, -27.505801601115976], [-49.28904906840036, -27.50576976859677], [-49.2890865285618, -27.50570520668303], [-49.28910626439431, -27.50560791538814], [-49.28910827592178, -27.50547789471964], [-49.289128011683275, -27.505380603415894], [-49.289165471654925, -27.505316041469328], [-49.28922065584306, -27.505284208866605], [-49.28929356428421, -27.505285105588566], [-49.28934849701995, -27.505269525518752], [-49.28938545403171, -27.50523746867759], [-49.28940443531695, -27.505188935079147], [-49.28940544088921, -27.50512392473115], [-49.28942442214349, -27.50507539112794], [-49.28946137906626, -27.505043334261778], [-49.28951631166005, -27.505027754118593], [-49.289589219943466, -27.505028650677954], [-49.28964415251472, -27.50501307048307], [-49.28968110935525, -27.50498101355438], [-49.28970009046252, -27.50493247990595], [-49.28970109585005, -27.5048674695455], [-49.28973830396442, -27.504819160007457], [-49.289811714777954, -27.504787551261675], [-49.28992132829697, -27.504772643251172], [-49.29006714456179, -27.504774435891978], [-49.29017675804479, -27.5047595276779], [-49.29025016870563, -27.504727918692865], [-49.290287376538004, -27.504679608993886], [-49.29028838156959, -27.504614598611102], [-49.290307362342865, -27.504566064862324], [-49.290344318844305, -27.504534007739796], [-49.290399251076444, -27.50451842722949], [-49.29047215905785, -27.504519323310937], [-49.29052709126744, -27.504503742748934], [-49.290564047686644, -27.50447168556389], [-49.290583028312916, -27.50442315176988], [-49.290584033159796, -27.50435814137466], [-49.290603013755096, -27.504309607575877], [-49.29063997008531, -27.504277550365853], [-49.290694902152964, -27.504261969730475], [-49.29076780997663, -27.50426286564934], [-49.290822742021746, -27.504247284962283], [-49.29085969826972, -27.504215227689716], [-49.29087867871802, -27.50416669384574], [-49.29087968338019, -27.50410168343805], [-49.29089866379753, -27.504053149589293], [-49.29093561995652, -27.504021092291744], [-49.290990551859686, -27.504005511531318], [-49.29106345952561, -27.50400640728759], [-49.29111788914808, -27.504023331683978], [-49.29115384074063, -27.504056284742745], [-49.29117131430072, -27.50410526647798]]]}, "properties": {"classe": "Alta"}}, {"type": "Feature", "geometry": {"type": "Polygon", "coordinates": [[[-49.28517991779476, -27.514272591305648], [-49.28517790089532, -27.514402611542096], [-49.28519461680206, -27.514500351500743], [-49.28523006555534, -27.514565811177746], [-49.285284247161506, -27.51459899055974], [-49.285357161592884, -27.51459988962386], [-49.285411595337514, -27.514616816427786], [-49.285447548408925, -27.514649770993824], [-49.28546502080457, -27.514698753336052], [-49.28546401250588, -27.514763763460348], [-49.28548148492407, -27.514812745800896], [-49.285517438077754, -27.514845700351827], [-49.28557187196947, -27.51486262709907], [-49.285644786585685, -27.514863526020328], [-49.28569922050839, -27.514880452718952], [-49.28573517375112, -27.51491340721723], [-49.28575264631133, -27.514962389529245], [-49.285751638170424, -27.515027399660884], [-49.28569619599184, -27.51507548310875], [-49.285586319735, -27.515106639805968], [-49.28542200941261, -27.515120869623885], [-49.28520326509059, -27.51511817237205], [-49.28504021543262, -27.515051139101082], [-49.28493286060417, -27.514919770013574], [-49.28488120057352, -27.514724065234578], [-49.28488523511178, -27.514464024811627], [-49.28490648952929, -27.514269219306694], [-49.284944963792896, -27.514139648714675], [-49.285000657924165, -27.514075313025117], [-49.28507357199938, -27.514076212222182], [-49.285127753323444, -27.514109391654294], [-49.285163201924014, -27.514174851344325], [-49.28517991779476, -27.514272591305648]]]}, "properties": {"classe": "Media"}}, {"type": "Feature", "geometry": {"type": "Polygon", "coordinates": [[[-49.28662208081137, -27.51533072884185], [-49.28662006551691, -27.51546074915687], [-49.28658209648098, -27.515557815180408], [-49.28650817364948, -27.515621926881533], [-49.28639829703255, -27.515653084203915], [-49.28625246670457, -27.515651287065822], [-49.28614334595214, -27.51563368657727], [-49.28607093479915, -27.515600282825904], [-49.28603523323925, -27.515551075868817], [-49.286036241235884, -27.51548606573241], [-49.28601876847844, -27.515437083450035], [-49.285982814985495, -27.515404129015863], [-49.28592838075959, -27.515387202415756], [-49.28585546578721, -27.515386303627455], [-49.28580103159231, -27.515369376978736], [-49.285765078188405, -27.515336422491874], [-49.28574760557297, -27.515287440180987], [-49.28574861372741, -27.515222430051914], [-49.28580405596178, -27.515174346586434], [-49.285913932235516, -27.515143189717662], [-49.286078242561295, -27.51512895931692], [-49.286296987005045, -27.515131655193766], [-49.28646054149237, -27.515166181953], [-49.286568906099966, -27.515232539793036], [-49.28662208081137, -27.51533072884185]]]}, "properties": {"classe": "Media"}}, {"type": "Feature", "geometry": {"type": "Polygon", "coordinates": [[[-49.285828751185576, -27.510054122737344], [-49.28582471962274, -27.510314163453852], [-49.28578524003866, -27.510508744640312], [-49.28571031233785, -27.510637866266407], [-49.28559993654567, -27.510701528278698], [-49.285454112808324, -27.51069973060062], [-49.28534449296506, -27.510714634781284], [-49.28527107697553, -27.510746240904606], [-49.28523386483338, -27.510794549027644], [-49.2852328565663, -27.510859559180535], [-49.28525032836246, -27.510908541543543], [-49.28528628024044, -27.510941496110807], [-49.28534071220279, -27.510958422868235], [-49.28541362423598, -27.51095932179356], [-49.2854670480921, -27.511041258661567], [-49.28550098383369, -27.511204233495366], [-49.28551543142778, -27.51144824630327], [-49.2855103907459, -27.511773297078765], [-49.28548838199516, -27.512016860426353], [-49.28544940514346, -27.51217893634326], [-49.285393460223766, -27.51225952482118], [-49.28532054733414, -27.51225862584629], [-49.285264602279774, -27.512339214265346], [-49.28522562496264, -27.512501290092157], [-49.285203615349744, -27.512744853335047], [-49.28519857347321, -27.513069903996772], [-49.28521302040511, -27.513313916754235], [-49.285246956273944, -27.513476891613934], [-49.285300381112705, -27.513558828567582], [-49.285373294858836, -27.513559727592046], [-49.28542772810306, -27.513576654368798], [-49.2854636808589, -27.513609608920145], [-49.28548115312383, -27.513658591260157], [-49.285480144879244, -27.51372360139473], [-49.28544293174796, -27.51377190951239], [-49.28536951370231, -27.513803515583], [-49.28525989074863, -27.51381841954952], [-49.28511406292727, -27.513816621327997], [-49.2850044399376, -27.513831525090886], [-49.28493102173925, -27.513863130922104], [-49.284893808325855, -27.51391143887873], [-49.28489279972513, -27.513976448990878], [-49.28487381476337, -27.514024981755487], [-49.28483685342709, -27.514057037164836], [-49.2847819157188, -27.51407261520479], [-49.28470900165712, -27.51407171585496], [-49.28465330736469, -27.51413605142002], [-49.28461483276523, -27.51426562191582], [-49.284593577837164, -27.51446042735281], [-49.284589542613645, -27.514720467736087], [-49.28456828750766, -27.514915273151015], [-49.28452981248606, -27.51504484359247], [-49.2844741175704, -27.515109179049972], [-49.28440120283699, -27.5151082795077], [-49.284346012302656, -27.515140109867165], [-49.28430854593084, -27.5152046701475], [-49.28428880371519, -27.515301960362084], [-49.28428678567958, -27.515431980518493], [-49.28426704339284, -27.515529270724222], [-49.28422957683108, -27.515593830971696], [-49.284174386000664, -27.515625661247554], [-49.28410147093815, -27.515624761532656], [-49.28404653235074, -27.515640339238303], [-49.28400957021985, -27.515672394384904], [-49.28399058454292, -27.51572092698656], [-49.283989575333486, -27.515785937050953], [-49.28397058962556, -27.51583446964784], [-49.28393362740561, -27.515866524769415], [-49.28387868867618, -27.515882102401626], [-49.28380577345589, -27.515881202524035], [-49.28375159172016, -27.515848022563148], [-49.2837161434967, -27.51578256254183], [-49.283699428779144, -27.515684822473478], [-49.28370144752712, -27.515554802361905], [-49.2837211903131, -27.51545751225981], [-49.28375865711322, -27.515392952159623], [-49.28381384793383, -27.515361122047963], [-49.28388676281148, -27.515362021905712], [-49.28394195358214, -27.515330191740674], [-49.28397942020924, -27.51526563157198], [-49.283999162686456, -27.515168341413005], [-49.284001181037624, -27.515038321271312], [-49.284020923443734, -27.51494103110347], [-49.284058389880904, -27.514876470901914], [-49.28411358035549, -27.514844640653262], [-49.28418649490404, -27.514845540338396], [-49.284242694348144, -27.51474869995424], [-49.28428217856669, -27.514554119512372], [-49.28430494751273, -27.514261799018456], [-49.28431100121345, -27.51387173847222], [-49.284297312979106, -27.513578968156082], [-49.28426388297521, -27.513383488081473], [-49.284210711248726, -27.513285298242728], [-49.28413779772802, -27.513284398617127], [-49.28408563520088, -27.51312119864414], [-49.28405422376253, -27.512795698342543], [-49.28404356328477, -27.51230789770256], [-49.28405365341601, -27.51165779668595], [-49.284042992761904, -27.511169995974832], [-49.28401158167404, -27.51084449560745], [-49.28395942028059, -27.51068129559355], [-49.28388650848634, -27.510680395914406], [-49.28383207691392, -27.510663468603358], [-49.28379612557685, -27.5106305136827], [-49.28377865447258, -27.510581531166505], [-49.28377966358253, -27.510516521060634], [-49.283816876237346, -27.510468213349775], [-49.28389029240937, -27.510436608003765], [-49.28399991210493, -27.51042170496559], [-49.28414573536441, -27.510423504151298], [-49.28425535502401, -27.510408600909493], [-49.28432877104336, -27.510376995324137], [-49.28436598341614, -27.510328687452244], [-49.284366992169986, -27.510263677323973], [-49.28434952085723, -27.510214694868143], [-49.284313569496476, -27.51018174007888], [-49.284259138090235, -27.510164812942122], [-49.284186226625, -27.510163913435562], [-49.284132047471005, -27.510130733719755], [-49.28409660065591, -27.510065273817553], [-49.284079886173366, -27.50996753374233], [-49.28408190398302, -27.50983751349794], [-49.2841927841054, -27.509741347620196], [-49.28441252637828, -27.50967903584167], [-49.28474113085241, -27.509650577647804], [-49.2851785977915, -27.509655972277006], [-49.28550569001769, -27.50972502751957], [-49.28572240783769, -27.50985774416914], [-49.285828751185576, -27.510054122737344]]]}, "properties": {"classe": "Media"}}, {"type": "Feature", "geometry": {"type": "Polygon", "coordinates": [[[-49.28220122086964, -27.51823471062024], [-49.28219818975088, -27.51842974055777], [-49.282177687158374, -27.51857578780056], [-49.28213971306171, -27.518672852341872], [-49.28208426747361, -27.518720934169565], [-49.28201135044989, -27.51872003326602], [-49.28195691531733, -27.518703105071452], [-49.281920962089465, -27.518670149608184], [-49.281903490763746, -27.51862116689026], [-49.28190450132157, -27.518556156923587], [-49.28188703001839, -27.518507174203997], [-49.28185107687281, -27.518474218725608], [-49.281796641887375, -27.518457290474373], [-49.28172372504855, -27.518456389427964], [-49.28166954276637, -27.518423208638062], [-49.28163409506851, -27.51835774812753], [-49.28161738194861, -27.518260007909756], [-49.28161940336627, -27.518129987988566], [-49.281657377697854, -27.51803292359454], [-49.281731304889256, -27.517968814696754], [-49.28184118495065, -27.517937661238868], [-49.28198701795647, -27.51793946313915], [-49.282095634906135, -27.517989571948398], [-49.2821670358827, -27.51808798775705], [-49.28220122086964, -27.51823471062024]]]}, "properties": {"classe": "Alta"}}, {"type": "Feature", "geometry": {"type": "Polygon", "coordinates": [[[-49.28190450132157, -27.518556156923587], [-49.281903490763746, -27.51862116689026], [-49.281920962089465, -27.518670149608184], [-49.28195691531733, -27.518703105071452], [-49.28201135044989, -27.51872003326602], [-49.28208426747361, -27.518720934169565], [-49.282137692209254, -27.518802872288486], [-49.282171624719346, -27.5189658476459], [-49.282186064970844, -27.519209860250147], [-49.28218101283513, -27.519534910094674], [-49.2821589942462, -27.519778472249477], [-49.28212000917202, -27.519940546711748], [-49.28206405764561, -27.52002113347318], [-49.28199113976511, -27.520020232519965], [-49.28193746195552, -27.519954546825264], [-49.281903024269035, -27.51982407641232], [-49.28188782668405, -27.51962882129166], [-49.28189186910516, -27.5193687814609], [-49.2818766715563, -27.519173526330576], [-49.281842234132874, -27.519043055902994], [-49.2817885568565, -27.51897737016772], [-49.28171563967498, -27.51897646910144], [-49.28166145714933, -27.5189432882992], [-49.28162600930724, -27.518877827783886], [-49.281609296142335, -27.51878008756883], [-49.28161131761424, -27.51865006765792], [-49.28163106293346, -27.51855277800348], [-49.281668532076104, -27.51848821859795], [-49.28172372504855, -27.518456389427964], [-49.281796641887375, -27.518457290474373], [-49.28185107687281, -27.518474218725608], [-49.28188703001839, -27.518507174203997], [-49.28190450132157, -27.518556156923587]]]}, "properties": {"classe": "Media"}}, {"type": "Feature", "geometry": {"type": "Polygon", "coordinates": [[[-49.281284771596376, -27.52088930559177], [-49.28128376057379, -27.52095431551546], [-49.281264772679755, -27.52100284761333], [-49.281227807900734, -27.521034901877666], [-49.281172866239274, -27.52105047829434], [-49.28109994771399, -27.52104957684295], [-49.28104500603, -27.521065153207896], [-49.28100804116868, -27.521097207409618], [-49.2809890531275, -27.521145739462217], [-49.28098804191998, -27.521210749373388], [-49.28093259451977, -27.5212588306437], [-49.280822710886284, -27.52128998320626], [-49.28065839103226, -27.521304206932328], [-49.28043963502369, -27.521301501631456], [-49.2802758209452, -27.52128321995873], [-49.28016694882718, -27.521249362110208], [-49.2801130186569, -27.52119992821462], [-49.280114030378535, -27.52113491833327], [-49.28015124842292, -27.521086611911105], [-49.28022467276238, -27.521055008917987], [-49.28033430340327, -27.521040109296834], [-49.280480140386004, -27.52104191296368], [-49.28058977099094, -27.52102701313882], [-49.28066319517769, -27.5209954099062], [-49.280700412939886, -27.52094710332291], [-49.280701424305214, -27.5208820934191], [-49.28073864201025, -27.520833786822315], [-49.28081206602733, -27.5208021835024], [-49.280921696362796, -27.520787283402274], [-49.28106753305707, -27.520789086437986], [-49.281176657816545, -27.520806691094784], [-49.281249070665105, -27.520840097460358], [-49.281284771596376, -27.52088930559177]]]}, "properties": {"classe": "Alta"}}, {"type": "Feature", "geometry": {"type": "Polygon", "coordinates": [[[-49.28426307274713, -27.516959717163825], [-49.28425197243442, -27.517674827812158], [-49.284225417738256, -27.51821093581197], [-49.284183408712934, -27.518568041189546], [-49.28412594551328, -27.518746143959707], [-49.28405302839472, -27.518745244125753], [-49.283997331223304, -27.518809579261653], [-49.28395885392272, -27.518939149383257], [-49.28393759647139, -27.519133954501015], [-49.283933558902454, -27.51939399462004], [-49.28391230127314, -27.51958879971572], [-49.28387382355029, -27.51971836978295], [-49.28381812575548, -27.519782704811277], [-49.28374520796505, -27.51978180478483], [-49.28368951006419, -27.519846139756158], [-49.28365103197661, -27.51997570974112], [-49.28362977368072, -27.52017051475016], [-49.28362573520966, -27.520430554788398], [-49.28364093590607, -27.52062580984292], [-49.283675375865315, -27.520756279916046], [-49.283729055108985, -27.52082196499732], [-49.28380197358489, -27.520822865063458], [-49.283856157690806, -27.52085604509416], [-49.28389160745442, -27.520921505112273], [-49.2839083228694, -27.521019245131185], [-49.28390630389534, -27.521149265154754], [-49.283923019346304, -27.521247005171013], [-49.28395846926268, -27.5213124651761], [-49.2840126536508, -27.521345645156654], [-49.28408557248299, -27.521346545089834], [-49.28414000926891, -27.52136347251894], [-49.28417596402209, -27.52139642746628], [-49.284193436740004, -27.52144540994594], [-49.284192427404044, -27.521510419963775], [-49.28413698116715, -27.521558502567384], [-49.28402709798875, -27.521589657689837], [-49.28386277788153, -27.521603885202456], [-49.28364402091148, -27.521601184914722], [-49.28347970076371, -27.521615411971343], [-49.28336981737227, -27.52164656656284], [-49.28331437072443, -27.52169464881789], [-49.2833133608608, -27.52175965880339], [-49.28318499502538, -27.5218068406505], [-49.28292927313875, -27.52183619400204], [-49.28254619526442, -27.52184771815624], [-49.2820357616089, -27.521841412066724], [-49.281652683764854, -27.52185293375298], [-49.281396961525786, -27.521882284261395], [-49.281268594828134, -27.521929464293716], [-49.281267583751294, -27.521994474207137], [-49.28121213605332, -27.522042555571378], [-49.28110225169364, -27.522073708319528], [-49.28093793068497, -27.522087932322908], [-49.28071917309332, -27.522085227391013], [-49.28055485204417, -27.5220994509384], [-49.28044496747151, -27.522130603155553], [-49.28038951936263, -27.522178684171184], [-49.28038850775808, -27.52224369405221], [-49.28031482973804, -27.522291549562173], [-49.2801684852503, -27.522322250583112], [-49.27994947431651, -27.522335796886008], [-49.279657797032115, -27.522332188130875], [-49.27943827997727, -27.52237823854875], [-49.27929092292288, -27.522473948471195], [-49.27921572583714, -27.522619318125283], [-49.27921268888547, -27.522814347633574], [-49.27919218122385, -27.52296039413013], [-49.2791542028219, -27.523057457608243], [-49.27909875369236, -27.523105538055763], [-49.279025833891055, -27.52310463545508], [-49.27897215651745, -27.523038948655003], [-49.27893772162372, -27.522908477678858], [-49.27892252918822, -27.52271322253709], [-49.278926579115485, -27.522453183227388], [-49.27894784633476, -27.522258379398345], [-49.278986330812984, -27.522128811044876], [-49.2790420325718, -27.522064478156498], [-49.279114951687575, -27.522065380717383], [-49.27916989410538, -27.522049805152786], [-49.2792068598066, -27.52201775148317], [-49.27922584878869, -27.52196921972258], [-49.279226861065176, -27.521904209878773], [-49.279245850016245, -27.521855678113404], [-49.279282815628385, -27.52182362441873], [-49.27933775790413, -27.52180804878067], [-49.279410676862106, -27.521808951178784], [-49.27946561911532, -27.52179337548899], [-49.27950258464517, -27.521761321731724], [-49.279521573449095, -27.521712789921047], [-49.27952258554062, -27.521647780064725], [-49.279559804020224, -27.521599473824107], [-49.27963322886023, -27.52156787116902], [-49.27974286006699, -27.52155297204241], [-49.27988869768092, -27.521554776360293], [-49.27999832885173, -27.521539877029962], [-49.280071753539026, -27.521508274135382], [-49.28010897173644, -27.521459967733616], [-49.28010998347165, -27.521394957854838], [-49.28016543128275, -27.52134687693312], [-49.280275315129195, -27.52131572490156], [-49.28043963502369, -27.521301501631456], [-49.28065839103226, -27.521304206932328], [-49.280822710886284, -27.52128998320626], [-49.28093259451977, -27.5212588306437], [-49.28098804191998, -27.521210749373388], [-49.2809890531275, -27.521145739462217], [-49.28100804116868, -27.521097207409618], [-49.28104500603, -27.521065153207896], [-49.28109994771399, -27.52104957684295], [-49.281172866239274, -27.52105047829434], [-49.281227807900734, -27.521034901877666], [-49.281264772679755, -27.52100284761333], [-49.28128376057379, -27.52095431551546], [-49.281284771596376, -27.52088930559177], [-49.28132198905793, -27.52084099882726], [-49.28139541293077, -27.520809395191783], [-49.281505043221244, -27.52079449462826], [-49.28165087996976, -27.520796297052723], [-49.28176076290829, -27.520765143800144], [-49.2818346919624, -27.520701034952296], [-49.28187266712191, -27.520603970565475], [-49.28187468844093, -27.52047395067064], [-49.28189443394873, -27.520376661007468], [-49.28193190362146, -27.520312101568347], [-49.281987097465475, -27.520280272339935], [-49.28206001551734, -27.520281173303086], [-49.282114956685035, -27.52026559651084], [-49.28215192094995, -27.520233541983647], [-49.28217090830955, -27.520185009735577], [-49.282171918777365, -27.520119999774384], [-49.28219090610595, -27.520071467521536], [-49.28222787028181, -27.5200394129693], [-49.282282811307454, -27.52002383610361], [-49.28235572920152, -27.52002473690401], [-49.282411680523886, -27.51994415001556], [-49.28245066517645, -27.519782075452053], [-49.28247268312617, -27.519538513221807], [-49.2824777344051, -27.51921346332762], [-49.28246329350764, -27.518969450724327], [-49.28242936056239, -27.51880647541848], [-49.282375935602396, -27.51872453740174], [-49.282303018565116, -27.518723636650996], [-49.28224908855927, -27.518674203579792], [-49.282214145625424, -27.51857623821134], [-49.28219818975088, -27.51842974055777], [-49.28220122086964, -27.51823471062024], [-49.282276410803235, -27.518089338947128], [-49.28242375938622, -27.517993625415922], [-49.28264326665036, -27.5179475697996], [-49.28293493282463, -27.517951171766637], [-49.28315393493972, -27.517937620336983], [-49.283300272900256, -27.517906915850592], [-49.283373946684655, -27.517859058536395], [-49.2833749563451, -27.517794048512357], [-49.28333925537291, -27.517744840900082], [-49.283266843804654, -27.51771143567315], [-49.28315772164669, -27.517693832774484], [-49.28301188887515, -27.517692032116408], [-49.2829027667883, -27.51767442902026], [-49.28283035541001, -27.51764102357374], [-49.28279465473395, -27.517591815833892], [-49.28279566472353, -27.517526805827142], [-49.28281465127185, -27.517478273438908], [-49.282851614365384, -27.517446218661448], [-49.28290655400668, -27.51743064148069], [-49.282979470214336, -27.517431541876196], [-49.2830344098331, -27.517415964643714], [-49.283071372844354, -27.517383909803687], [-49.283090359245556, -27.517335377370177], [-49.283091369050254, -27.51727036735093], [-49.283110355420455, -27.51722183491265], [-49.28314731834266, -27.517189780047577], [-49.28320225781938, -27.517174202741668], [-49.28327517386926, -27.517175102974452], [-49.28333087056589, -27.517110768095055], [-49.28336934783298, -27.516981198119332], [-49.28339060564893, -27.516786393057735], [-49.283394644046886, -27.516526352915367], [-49.28343413056013, -27.516331772859157], [-49.28350906509318, -27.516202652858762], [-49.28361944767141, -27.516138992860764], [-49.28376527844113, -27.51614079278858], [-49.283874903850695, -27.51612589011994], [-49.283948323859725, -27.516094284938823], [-49.2839855384619, -27.51604597730225], [-49.28398654768487, -27.515980967240402], [-49.284005533414785, -27.51593243464316], [-49.28404249563811, -27.51590037950279], [-49.2840974343574, -27.515884801805242], [-49.284170349591236, -27.515885701530056], [-49.284222261044285, -27.516065153991978], [-49.28425316881453, -27.516423159208177], [-49.28426307274713, -27.516959717163825]]]}, "properties": {"classe": "Media"}}, {"type": "Feature", "geometry": {"type": "Polygon", "coordinates": [[[-49.27952258554062, -27.521647780064725], [-49.279521573449095, -27.521712789921047], [-49.27950258464517, -27.521761321731724], [-49.27946561911532, -27.52179337548899], [-49.279410676862106, -27.521808951178784], [-49.27933775790413, -27.52180804878067], [-49.279282815628385, -27.52182362441873], [-49.279245850016245, -27.521855678113404], [-49.279226861065176, -27.521904209878773], [-49.27922584878869, -27.52196921972258], [-49.2792068598066, -27.52201775148317], [-49.27916989410538, -27.522049805152786], [-49.279114951687575, -27.522065380717383], [-49.2790420325718, -27.522064478156498], [-49.278986330812984, -27.522128811044876], [-49.27894784633476, -27.522258379398345], [-49.278926579115485, -27.522453183227388], [-49.27892252918822, -27.52271322253709], [-49.27893772162372, -27.522908477678858], [-49.27897215651745, -27.523038948655003], [-49.279025833891055, -27.52310463545508], [-49.27909875369236, -27.523105538055763], [-49.27915293736027, -27.523138719896316], [-49.279188384922485, -27.523204180999613], [-49.27920509637263, -27.523301921378998], [-49.279203071670274, -27.523431941038346], [-49.27918332311306, -27.52352923014486], [-49.279145850677104, -27.523593788690974], [-49.2790906543688, -27.523625616663303], [-49.279017734224716, -27.523624714042707], [-49.27896329724477, -27.523607784597417], [-49.2789273434425, -27.523574828349727], [-49.27890987281535, -27.52352584531373], [-49.2789108853447, -27.523460835495282], [-49.27889341474009, -27.523411852457613], [-49.27885746102012, -27.523378896194835], [-49.27880302418733, -27.523361966692867], [-49.27873010422822, -27.523361063929396], [-49.27867693325002, -27.52326287211354], [-49.278643511324304, -27.52306739126807], [-49.27862983840395, -27.52277462139863], [-49.27863591432314, -27.52238456249375], [-49.278658700961614, -27.522092243996585], [-49.278698198292375, -27.52189766590735], [-49.278754406362545, -27.52180082822038], [-49.27882732529336, -27.52180173092413], [-49.27888226761189, -27.52178615546853], [-49.27891923329953, -27.521754101874034], [-49.27893822235373, -27.521705570154698], [-49.27893923478801, -27.521640560318268], [-49.2789764535111, -27.52159225424539], [-49.279049878495314, -27.52156065190589], [-49.27915950974703, -27.521545753242698], [-49.279305347306654, -27.521547558171854], [-49.279414472447925, -27.521565164231877], [-49.27948688519471, -27.521598571510484], [-49.27952258554062, -27.521647780064725]]]}, "properties": {"classe": "Alta"}}, {"type": "Feature", "geometry": {"type": "Polygon", "coordinates": [[[-49.27975961245348, -27.52516192088049], [-49.2797545519024, -27.52548697003198], [-49.2797689868235, -27.525730982463557], [-49.2798029173455, -27.52589395818173], [-49.279856343501486, -27.52597589717821], [-49.27992926522893, -27.52597679942982], [-49.27998319752212, -27.526026233467253], [-49.280018140421646, -27.52612419931369], [-49.28003409391475, -27.52627069698131], [-49.280031057935425, -27.526465726471216], [-49.280047011469016, -27.526612224133526], [-49.28008195458153, -27.526710189967112], [-49.28013588728572, -27.526759623959805], [-49.280208809540994, -27.526760526088417], [-49.28026299529716, -27.526793707576815], [-49.2802984445819, -27.52685916844788], [-49.28031515738884, -27.52695690871498], [-49.280313133677595, -27.527086928381955], [-49.28032984652052, -27.527184668646402], [-49.28036529595802, -27.527250129504445], [-49.280419481996454, -27.527283310942735], [-49.280492404608154, -27.52728421293838], [-49.28054608483753, -27.52734989924872], [-49.28058052273681, -27.527480369897045], [-49.28059571828435, -27.527675624893835], [-49.2805916713847, -27.527935664236743], [-49.28057040538053, -27.528130468248094], [-49.28053192023874, -27.528260036922806], [-49.28047621598095, -27.528324370250356], [-49.28040329268354, -27.528323468214936], [-49.28034935913026, -27.528274034296235], [-49.2803144153617, -27.528176068517453], [-49.280298461365135, -27.52802957089075], [-49.280301497074525, -27.52783454141726], [-49.28028554311844, -27.527688043785247], [-49.28025059956291, -27.5275900779936], [-49.280196666420665, -27.52754064403016], [-49.280123743651124, -27.52753974187171], [-49.280069304581595, -27.52752281277271], [-49.28003334922562, -27.527489856755466], [-49.28001587758064, -27.52744087383406], [-49.28001688962805, -27.52737586401436], [-49.279999418005616, -27.527326881091277], [-49.27996346273196, -27.527293925058924], [-49.27990902380962, -27.527276995903236], [-49.27983610122509, -27.527276093601888], [-49.27978242146711, -27.52721040703758], [-49.2797479845879, -27.52707993623362], [-49.27973279056581, -27.526884681200464], [-49.27973683930537, -27.526624641935793], [-49.279721645319356, -27.526429386892982], [-49.27968720870321, -27.52629891607438], [-49.279633529478595, -27.52623322946953], [-49.27956060759331, -27.526232327055112], [-49.27950743462327, -27.526134135498666], [-49.27947401064007, -27.525938654822948], [-49.27946033559661, -27.525645885033608], [-49.27946640932709, -27.525255826119192], [-49.27948919480557, -27.524963507527605], [-49.27952869200502, -27.524768929259082], [-49.279584900972544, -27.52467209130796], [-49.27965782182938, -27.52467299366268], [-49.27971124733607, -27.524754932696723], [-49.27974517755513, -27.524917908433217], [-49.27975961245348, -27.52516192088049]]]}, "properties": {"classe": "Alta"}}, {"type": "Feature", "geometry": {"type": "Polygon", "coordinates": [[[-49.280301497074525, -27.52783454141726], [-49.280298461365135, -27.52802957089075], [-49.2803144153617, -27.528176068517453], [-49.28034935913026, -27.528274034296235], [-49.28040329268354, -27.528323468214936], [-49.28047621598095, -27.528324370250356], [-49.28053116140218, -27.528308794294656], [-49.28056812892861, -27.52827674036823], [-49.2805871185577, -27.528228208485224], [-49.28058813030297, -27.528163198653356], [-49.28060711990102, -27.528114666765557], [-49.280644087338345, -27.52808261281411], [-49.28069903261748, -27.52806703678492], [-49.280771955757025, -27.528067938657536], [-49.28082538361227, -27.52814987733796], [-49.28085931624575, -27.528312852849346], [-49.280873753624405, -27.528556865199988], [-49.280868695619525, -27.528881914383366], [-49.28084667109962, -27.529125475800033], [-49.280807680032645, -27.529287549447176], [-49.28075172245171, -27.529368135316506], [-49.28067879845497, -27.529367233394176], [-49.28062359957212, -27.529399061838358], [-49.28058612576656, -27.529463620668192], [-49.280566377031924, -27.52956090989707], [-49.28056435339209, -27.529690929532542], [-49.280544604586275, -27.529788218752532], [-49.28050713059061, -27.52985277754948], [-49.28045193141144, -27.529884605909984], [-49.280379007085386, -27.529883703814903], [-49.2803255788064, -27.52980176495914], [-49.28029164663705, -27.529638789365865], [-49.280277210544234, -27.52939477704335], [-49.28028227039924, -27.529069727985082], [-49.28026783432922, -27.528825715646892], [-49.28023390246292, -27.528662740035266], [-49.2801804748334, -27.52858080114191], [-49.28010755137813, -27.528579898943686], [-49.280053870863554, -27.528514212459623], [-49.28001943334189, -27.52838374171302], [-49.28000423879149, -27.528188486714356], [-49.28000828711689, -27.52792844746128], [-49.280029554048234, -27.52773364357412], [-49.28006803955244, -27.527604075047748], [-49.280123743651124, -27.52753974187171], [-49.280196666420665, -27.52754064403016], [-49.28025059956291, -27.5275900779936], [-49.28028554311844, -27.527688043785247], [-49.280301497074525, -27.52783454141726]]]}, "properties": {"classe": "Media"}}, {"type": "Feature", "geometry": {"type": "Polygon", "coordinates": [[[-49.27846574236437, -27.533306203088234], [-49.278459663021124, -27.53369626134553], [-49.278473335173466, -27.533989030833837], [-49.27850675898732, -27.53418451156457], [-49.2785599345098, -27.53428270353208], [-49.278632861669315, -27.534283606713615], [-49.278687303759746, -27.534300536502126], [-49.27872326079462, -27.53433349291996], [-49.27874073277139, -27.534382475981193], [-49.278739719671435, -27.534447485691718], [-49.27870249619184, -27.534495791412816], [-49.27862906230492, -27.534527393114328], [-49.27851941801704, -27.53454229073916], [-49.278373563368625, -27.534540484203294], [-49.27826594581052, -27.534425362237243], [-49.27819656552892, -27.53419692493416], [-49.2781654224563, -27.533855172339596], [-49.27817251627135, -27.533400104451424], [-49.278196068107306, -27.533059029354497], [-49.27823607794592, -27.532831947052816], [-49.278292545850924, -27.53271885754385], [-49.27836547196797, -27.532719760818534], [-49.278418646731275, -27.532817952821848], [-49.27845207021245, -27.53301343357651], [-49.27846574236437, -27.533306203088234]]]}, "properties": {"classe": "Alta"}}, {"type": "Feature", "geometry": {"type": "Polygon", "coordinates": [[[-49.279379340844585, -27.530846668349273], [-49.279377315697374, -27.530976687879477], [-49.27939402809603, -27.531074428193282], [-49.279429478080985, -27.531139889286855], [-49.2794836656586, -27.5311730711468], [-49.2795565908012, -27.53117397375024], [-49.279610272210796, -27.531239660448026], [-49.2796447099396, -27.531370131263508], [-49.27965990396597, -27.53156538620709], [-49.27965585419441, -27.53182542527648], [-49.27967104825685, -27.53202068021042], [-49.279705486248794, -27.532151151011245], [-49.27975916819189, -27.532216837668482], [-49.279832094033914, -27.53221774015884], [-49.27988653533488, -27.532234669444072], [-49.2799224921083, -27.532267625546492], [-49.27993996435163, -27.532316608480212], [-49.279938952046265, -27.53238161825107], [-49.27995642431215, -27.532430601183112], [-49.2799923811679, -27.53246355727044], [-49.28004682261609, -27.532480486498965], [-49.28011974864317, -27.532481388846378], [-49.28017419012239, -27.53249831802624], [-49.28021014706728, -27.532531274060876], [-49.2802276194753, -27.53258025696439], [-49.28022660732782, -27.53264526674265], [-49.28024407975839, -27.532694249644486], [-49.28028003678562, -27.53272720566402], [-49.280334478412065, -27.532744134787176], [-49.280407404624185, -27.532745036991642], [-49.280461340273355, -27.53279447095852], [-49.28049628540014, -27.53289243671099], [-49.280512239991815, -27.533038934261256], [-49.280509203982355, -27.53323396361042], [-49.28052515861454, -27.53338046115536], [-49.28056010395442, -27.533478426894973], [-49.280614040014726, -27.533527860817085], [-49.28068696675486, -27.53352876289849], [-49.28074140884103, -27.533545691881265], [-49.28077736628678, -27.533578647787706], [-49.28079483908955, -27.53362763063192], [-49.28079382723073, -27.533692640419773], [-49.28081130005606, -27.533741623262298], [-49.28084725758414, -27.533774579153658], [-49.28090169981755, -27.5337915080797], [-49.28097462674274, -27.53379241001815], [-49.28102881607529, -27.533825591344154], [-49.28106426784291, -27.53389105208058], [-49.281080982039235, -27.533988792240812], [-49.28107895862385, -27.53411881182869], [-49.28109567285616, -27.53421655198627], [-49.281131124776614, -27.534282012709667], [-49.28118531439155, -27.53431519398553], [-49.28125824167328, -27.53431609579097], [-49.281312431345405, -27.5343492770196], [-49.28134788343565, -27.534414737694323], [-49.28136459793763, -27.534512477828496], [-49.28136257481094, -27.53464249742599], [-49.28137928934892, -27.5347402375575], [-49.28141474159199, -27.53480569821918], [-49.28146893154652, -27.534838879397675], [-49.28154185918479, -27.53483978107009], [-49.281596049196516, -27.534872962201366], [-49.28163150160938, -27.534938422814356], [-49.28164821641704, -27.535036162922466], [-49.28164619357907, -27.535166182529565], [-49.281662908422724, -27.535263922635032], [-49.281698360988436, -27.535329383235002], [-49.28175255128256, -27.535362564316113], [-49.28182547927739, -27.535363465855497], [-49.28187941680487, -27.53541289934156], [-49.28191436390562, -27.535510864797487], [-49.28193032056691, -27.535657362235476], [-49.281927286722706, -27.535852391656643], [-49.28190677921472, -27.535998438345732], [-49.28186879801252, -27.536095502296046], [-49.28181334312882, -27.536143583495427], [-49.28174041461949, -27.536142681926236], [-49.281684453935696, -27.53622326796766], [-49.28164546097925, -27.536385341633533], [-49.28162343571707, -27.536628902932172], [-49.281618378181236, -27.53695395186636], [-49.28159635267399, -27.537197513133766], [-49.28155735916328, -27.537359586731593], [-49.28150139768216, -27.53744017265153], [-49.28142846832885, -27.53743927087973], [-49.281373265475445, -27.537471099411885], [-49.28133578908534, -27.53753565826714], [-49.28131603915217, -27.537632947458885], [-49.281314015699834, -27.5377629669947], [-49.28129426569547, -27.537860256177563], [-49.28125678911518, -27.537924814999922], [-49.28120158596535, -27.53795664344838], [-49.28112865628257, -27.53795574150378], [-49.28107370605284, -27.537971317459547], [-49.28103673525751, -27.5380033713361], [-49.28101774389406, -27.538051903147576], [-49.28101673197602, -27.538116912901685], [-49.28099774058152, -27.53816544470837], [-49.280960769697046, -27.53819749855989], [-49.28090581932513, -27.538213074442147], [-49.2808328894844, -27.53821217233468], [-49.28077895115328, -27.538162738420255], [-49.28074400437235, -27.538064772722088], [-49.2807280491289, -27.53791827525233], [-49.280731085356884, -27.537723246012114], [-49.2807515948619, -27.537577199616887], [-49.28078957761352, -27.53748013605994], [-49.28084503362447, -27.537432055329088], [-49.280917962950646, -27.537432957406722], [-49.280973165905216, -27.537401129060438], [-49.28101064245157, -27.537336570309414], [-49.28103039258335, -27.537239281167], [-49.281032416324436, -27.537109261640783], [-49.28101570185789, -27.537011521496982], [-49.280980249224136, -27.536946060731744], [-49.28092605842954, -27.5369128793317], [-49.2808531294464, -27.536911977273945], [-49.28079919170756, -27.53686254338717], [-49.280764245253614, -27.53676457769458], [-49.280748290071855, -27.536618080208346], [-49.28075132609622, -27.536423050929574], [-49.280735370954986, -27.53627655343802], [-49.2807004247142, -27.53617858773256], [-49.28064648738657, -27.536129153801014], [-49.28057355893152, -27.536128251620173], [-49.28051911562413, -27.5361113225206], [-49.28048315747793, -27.536078366524606], [-49.28046568449039, -27.536029383646273], [-49.28046669664286, -27.53596437389149], [-49.28044922367787, -27.53591539101148], [-49.28041326561404, -27.53588243500037], [-49.2803588224539, -27.535865505844072], [-49.280285894183926, -27.535864603520274], [-49.28023145105482, -27.53584767431531], [-49.28019549308013, -27.535814718251522], [-49.280178020257296, -27.535765735342974], [-49.280179032567695, -27.535700725595564], [-49.280161559767414, -27.535651742685353], [-49.28012560187508, -27.53561878660645], [-49.28007115889322, -27.53560185734478], [-49.27999823080833, -27.535600954878017], [-49.27994378785752, -27.53558402556768], [-49.27990783005433, -27.535551069436103], [-49.2798903573962, -27.53550208649734], [-49.279891369864515, -27.535437076757326], [-49.279873897228946, -27.535388093816895], [-49.279837939508106, -27.5353551376702], [-49.27978349670454, -27.53533820830314], [-49.279710568804724, -27.535337305693414], [-49.2796561260322, -27.535320376277717], [-49.279620168400506, -27.535287420078326], [-49.27960269590709, -27.535238437109378], [-49.27960370853332, -27.535173427376723], [-49.27958623606246, -27.53512444440609], [-49.27955027851311, -27.53509148819161], [-49.27949583588783, -27.535074558719188], [-49.27942290817309, -27.535073655966503], [-49.27936871876823, -27.535040474013904], [-49.27933326770095, -27.534975012884257], [-49.279316554964886, -27.534877272590954], [-49.27931858051959, -27.53474725313784], [-49.27928363596249, -27.534649287135053], [-49.27921172136809, -27.53458337455911], [-49.279102836746574, -27.53454951535363], [-49.2789569820438, -27.53454770942936], [-49.27884784428615, -27.534530102457563], [-49.278775423497486, -27.53449669452598], [-49.278739719671435, -27.534447485691718], [-49.27874073277139, -27.534382475981193], [-49.27872326079462, -27.53433349291996], [-49.278687303759746, -27.534300536502126], [-49.278632861669315, -27.534283606713615], [-49.2785599345098, -27.53428270353208], [-49.27850675898732, -27.53418451156457], [-49.278473335173466, -27.533989030833837], [-49.278459663021124, -27.53369626134553], [-49.27846574236437, -27.533306203088234], [-49.27845207021245, -27.53301343357651], [-49.278418646731275, -27.532817952821848], [-49.27836547196797, -27.532719760818534], [-49.278292545850924, -27.53271885754385], [-49.278237091272594, -27.532766937344455], [-49.27819910817711, -27.53286400023794], [-49.278178596551726, -27.533010046236512], [-49.27817555642683, -27.533205075346867], [-49.27815504468114, -27.53335112133079], [-49.27811706128426, -27.533448184181566], [-49.27806160624895, -27.533496263887034], [-49.277988679631065, -27.53349536042958], [-49.2779344914368, -27.53346217796558], [-49.27789904169385, -27.533396716517906], [-49.277882330395826, -27.533298976099935], [-49.2778843575023, -27.533168956715524], [-49.27786764624023, -27.533071216294896], [-49.27783219665007, -27.533005754834218], [-49.27777800873815, -27.532972572320112], [-49.27770508247682, -27.53297166872968], [-49.2776506412027, -27.53295473859009], [-49.27761468492928, -27.532921781923648], [-49.277597213654055, -27.53287279874443], [-49.277598227358375, -27.53280778905834], [-49.277580756105685, -27.532758805877446], [-49.277544799914615, -27.532725849195895], [-49.27749035878771, -27.532708918999603], [-49.27741743271145, -27.532708015266252], [-49.27736400544988, -27.532626075341543], [-49.277330077065535, -27.53246309924861], [-49.27731564752526, -27.532219086995784], [-49.27732071670024, -27.531894038576535], [-49.27734274986903, -27.53165047819269], [-49.27738174699969, -27.53148840584146], [-49.277437708125376, -27.531407821514527], [-49.2775106333443, -27.531408725198077], [-49.27756558067605, -27.53139315051104], [-49.27760255010198, -27.531361097473873], [-49.27762154161955, -27.531312566100652], [-49.277622555242296, -27.53124755639913], [-49.277714471817795, -27.531199928591484], [-49.27789729128354, -27.53116968249423], [-49.27817101367264, -27.531156817749338], [-49.2785356391139, -27.5311613338241], [-49.27880961470986, -27.53113221538143], [-49.27899294024943, -27.531069462948956], [-49.2790856156957, -27.530973076884056], [-49.279087641185825, -27.53084305737375], [-49.27910739150551, -27.530745768442284], [-49.279144866630894, -27.530681210082076], [-49.27920006656833, -27.530649382279744], [-49.279272991354425, -27.53065028501616], [-49.27932717864972, -27.530683466926224], [-49.2793626284819, -27.530748928032803], [-49.279379340844585, -27.530846668349273]]]}, "properties": {"classe": "Media"}}, {"type": "Feature", "geometry": {"type": "Polygon", "coordinates": [[[-49.280114237858385, -27.53986134813448], [-49.28011322533072, -27.53992635784076], [-49.28009423318902, -27.53997488947948], [-49.28005726141974, -27.540006943042886], [-49.28000231002544, -27.540022518516885], [-49.279929379024736, -27.540021615881017], [-49.27987442760787, -27.54003719130323], [-49.27983745575622, -27.54006924480399], [-49.27981846346724, -27.540117776397388], [-49.27981745075445, -27.540182786091176], [-49.27978022565142, -27.540231091996088], [-49.27970678813042, -27.54026269408197], [-49.27959713819784, -27.540277592291712], [-49.279451275894104, -27.54027578654128], [-49.27934162592553, -27.540290684547145], [-49.27926818825168, -27.54032228639335], [-49.27923096286617, -27.540370592137016], [-49.27922994979673, -27.540435601808326], [-49.279192724354004, -27.540483907538476], [-49.27911928651031, -27.540515509297308], [-49.27900963627201, -27.540530407027685], [-49.27886377367953, -27.54052860064559], [-49.27875513675939, -27.5404784885181], [-49.278683725594696, -27.540380070735733], [-49.27864954016887, -27.54023334735369], [-49.27865258036568, -27.5400383183918], [-49.278746024076526, -27.539893175786354], [-49.278929871093304, -27.53979791934743], [-49.27920412145933, -27.539752548718702], [-49.27956877546933, -27.53975706337764], [-49.27984201286202, -27.539776701169114], [-49.28002383366941, -27.539811462635324], [-49.280114237858385, -27.53986134813448]]]}, "properties": {"classe": "Media"}}, {"type": "Feature", "geometry": {"type": "Polygon", "coordinates": [[[-49.28222203337222, -27.53566096782609], [-49.282219000042524, -27.535855997277054], [-49.28223495713363, -27.536002494693847], [-49.28226990471158, -27.536100460075343], [-49.28232384278908, -27.536149893409387], [-49.282396771325544, -27.53615079467275], [-49.282450203988844, -27.5362327328712], [-49.282484140841575, -27.536395708027868], [-49.2824985818507, -27.536639720151065], [-49.28249352688751, -27.536964769234277], [-49.282471503299604, -27.537208330728145], [-49.2824325110549, -27.53737040462986], [-49.28237655018645, -27.537450990931124], [-49.28230362079244, -27.53745008961809], [-49.28224816537379, -27.537498170959655], [-49.28221018387461, -27.53759523497345], [-49.282189676282215, -27.537741281671632], [-49.28218664262702, -27.53793631106092], [-49.28216613491438, -27.53808235774448], [-49.28212815311384, -27.53817942171558], [-49.28207269723814, -27.538227502962066], [-49.281999767343144, -27.538226601466306], [-49.281944817079484, -27.53824217776549], [-49.281907846428545, -27.538274231880116], [-49.281888855387784, -27.538322763824226], [-49.281887843970736, -27.538387773605574], [-49.28186885289894, -27.53843630554491], [-49.28183188215885, -27.538468359634457], [-49.281776931753, -27.538483935860157], [-49.28170400170005, -27.538483034201537], [-49.28164905127165, -27.53849861037545], [-49.281612080449186, -27.538530664402384], [-49.28159308923012, -27.538579196296396], [-49.281592077627984, -27.53864420606524], [-49.28160955147064, -27.538693188826052], [-49.28164551077673, -27.538726144572944], [-49.281699955548774, -27.538743073291833], [-49.281772885773265, -27.53874397496039], [-49.28182733057636, -27.538760903630607], [-49.2818632899716, -27.538793859324805], [-49.28188076395644, -27.538842842057072], [-49.28187975251227, -27.5389078518333], [-49.281951924299236, -27.53895751074609], [-49.28209727939376, -27.538991818684842], [-49.282315817817455, -27.539010775420415], [-49.28260753953715, -27.5390143806051], [-49.282826078139045, -27.539033336543955], [-49.28297143365629, -27.539067643584676], [-49.28304360606731, -27.53911730195641], [-49.28304259529569, -27.539182311769807], [-49.283060069863964, -27.539231294377814], [-49.28309602979075, -27.53926424977459], [-49.28315047507858, -27.53928117794601], [-49.283223405713926, -27.539282078869782], [-49.28327734571244, -27.53933151190247], [-49.28331229511473, -27.53942947706726], [-49.283328253908095, -27.539575974376344], [-49.28332522202649, -27.53977100383085], [-49.28334118086045, -27.539917501134617], [-49.28337613047599, -27.54001546628651], [-49.28343007088583, -27.540064899274387], [-49.28350300204934, -27.540065800075006], [-49.28355744779706, -27.540082728105958], [-49.28359340814251, -27.540115683389548], [-49.28361088308316, -27.54016466593988], [-49.283609872600394, -27.54022967576285], [-49.283627347563616, -27.540278658311504], [-49.28366330799145, -27.540311613579977], [-49.28371775388645, -27.540328541554178], [-49.28379068523505, -27.54032944221179], [-49.28384487857322, -27.54036262259469], [-49.28388033392867, -27.54042808272577], [-49.28389705129506, -27.540525822618413], [-49.283895030631946, -27.54065584227646], [-49.28392998094322, -27.540753807312164], [-49.28400190230336, -27.540819717702025], [-49.28411079472253, -27.540853573389626], [-49.28425665814657, -27.54085537428572], [-49.284365803206796, -27.540872977318045], [-49.284438229927126, -27.54090638257437], [-49.284473938301204, -27.54095559011182], [-49.284472928292416, -27.54102059995684], [-49.28449040374995, -27.541069582414774], [-49.28452636469242, -27.541102537479766], [-49.28458081112237, -27.541119465137687], [-49.284653743026254, -27.541120365366243], [-49.28470818948725, -27.541137292975492], [-49.284744150518875, -27.541170247987758], [-49.284761626118616, -27.54121923041714], [-49.28476061626784, -27.541284240269505], [-49.28479632490298, -27.54133344773365], [-49.28486875206064, -27.541366852783117], [-49.28497789774718, -27.541384455360788], [-49.285123761938685, -27.541386255378892], [-49.28523290769639, -27.54140385775888], [-49.28530533504423, -27.541437262588527], [-49.28534104397584, -27.54148646992493], [-49.28534003445462, -27.541551479794585], [-49.28537574343625, -27.54160068712369], [-49.28544817095733, -27.541634091885804], [-49.285557317024214, -27.54165169402383], [-49.28570318161298, -27.54165349344998], [-49.285812327751024, -27.541671095390313], [-49.28588475546228, -27.541704499932603], [-49.28592046474038, -27.54175370713397], [-49.285919455548736, -27.54181871702087], [-49.28595516487685, -27.541867924214927], [-49.28602759276135, -27.54190132868969], [-49.286136739208565, -27.541918930388054], [-49.28628260419458, -27.541920729222234], [-49.28639175071296, -27.5419383307229], [-49.286464178787625, -27.541971734977828], [-49.28649988841222, -27.54202094204414], [-49.28649887955015, -27.542085951948295], [-49.286516356062975, -27.542134934192834], [-49.286552317969296, -27.542167888771903], [-49.28660676527167, -27.54218481567137], [-49.28667969795653, -27.542185714868946], [-49.28673414528993, -27.54220264171974], [-49.28677010728541, -27.542235596246066], [-49.28678758394045, -27.54228457846204], [-49.28678657523641, -27.542349588373533], [-49.28674935229108, -27.542397896237375], [-49.28667591507672, -27.542429502023403], [-49.286566263599674, -27.542444405674484], [-49.28642039790036, -27.542442607106565], [-49.286311250882044, -27.542425005606706], [-49.28623882256865, -27.542391601262672], [-49.286203112953835, -27.54234239413159], [-49.28620412200099, -27.54227738423993], [-49.2861684124362, -27.542228177101542], [-49.28609598429606, -27.542194772689992], [-49.28598683758691, -27.54217717094814], [-49.28584097228485, -27.54217537178824], [-49.28573182564687, -27.542157769848707], [-49.285659397696904, -27.54212436521731], [-49.285623688428586, -27.54207515795118], [-49.28562469780533, -27.542010148076756], [-49.28558898858704, -27.541960940803328], [-49.285516560810315, -27.541927536104414], [-49.28540741448151, -27.541909933922906], [-49.28526154957671, -27.541908134171027], [-49.28515240331908, -27.541890531791818], [-49.28507997573253, -27.541857126873087], [-49.285044266810715, -27.54180791947191], [-49.28504527651703, -27.541742909614758], [-49.28500956764523, -27.541693702206285], [-49.28493714023193, -27.54166029722002], [-49.284827994283475, -27.54164269459886], [-49.28468212977596, -27.541640894255014], [-49.28457298389868, -27.54162329143616], [-49.28450055667555, -27.54158988623008], [-49.284464848100235, -27.54154067869387], [-49.28446585813611, -27.541475668853977], [-49.28444838263569, -27.54142668639325], [-49.2844124216176, -27.541393731305796], [-49.28435797508439, -27.541376803577524], [-49.2842850430225, -27.5413759031861], [-49.284230596520324, -27.54135897540915], [-49.28419463559139, -27.541326020268986], [-49.284177160233185, -27.541277037779693], [-49.28417817042707, -27.541212027947175], [-49.284124229134406, -27.541162595216733], [-49.28401533641108, -27.541128739526997], [-49.28385149226978, -27.541110460749167], [-49.283632696680066, -27.54110775868701], [-49.283468852658984, -27.541089479462144], [-49.28335996023703, -27.54105562327078], [-49.28330601940147, -27.54100619024176], [-49.283307030096445, -27.54094118043644], [-49.28325308933876, -27.540891747389722], [-49.283144197184285, -27.540857891040247], [-49.28298035364573, -27.54083961125919], [-49.28276155869265, -27.54083690785032], [-49.282597715274335, -27.54081862762223], [-49.28248882342125, -27.54078477077113], [-49.282434883120665, -27.540735337425858], [-49.28243589431671, -27.540670327647767], [-49.282400186966306, -27.540621119630174], [-49.28232776110603, -27.54058771334665], [-49.28221861674227, -27.540570108740052], [-49.28207275385111, -27.540568305722637], [-49.281963609558545, -27.540550700918384], [-49.281891183888476, -27.540517294415046], [-49.28185547683453, -27.540468086269758], [-49.281856488360106, -27.54040307650895], [-49.28180254853354, -27.54035364293699], [-49.2816936574107, -27.540319785492517], [-49.281529815004326, -27.540301504046717], [-49.28131102128396, -27.54029879840335], [-49.281147178997855, -27.540280516510524], [-49.28103828817644, -27.540246658564463], [-49.280984348806975, -27.540197224693987], [-49.280985360833604, -27.540132214960416], [-49.280931421542014, -27.540082781072243], [-49.28082253098808, -27.54004892296808], [-49.280658689184534, -27.540030640519138], [-49.28043989610095, -27.54002793352916], [-49.2802760544177, -27.54000965063318], [-49.2801671641652, -27.539975792027455], [-49.28011322533072, -27.53992635784076], [-49.280114237858385, -27.53986134813448], [-49.28002383366941, -27.539811462635324], [-49.27984201286202, -27.539776701169114], [-49.27956877546933, -27.53975706337764], [-49.27920412145933, -27.539752548718702], [-49.27892961778812, -27.539814171764075], [-49.27874526407612, -27.539941933030793], [-49.2786510602711, -27.540135832873464], [-49.27864700664817, -27.54039587148418], [-49.27862573356402, -27.54059067459765], [-49.27858724098553, -27.54072024220877], [-49.27853152893438, -27.540784574307047], [-49.27845859748699, -27.540783670876635], [-49.27840516586639, -27.540701731228914], [-49.27837123413516, -27.540538755387075], [-49.27835680226014, -27.540294743359386], [-49.27836187011251, -27.539969695139344], [-49.278475067065436, -27.5397272641204], [-49.27869639270719, -27.53956745002553], [-49.27902584711552, -27.539490252344613], [-49.279463430857554, -27.539495670334425], [-49.27979187191929, -27.53948348049877], [-49.2800111701348, -27.53945368360614], [-49.280121325456975, -27.539406280172457], [-49.280122337957486, -27.53934127046104], [-49.280141329962, -27.5392927388087], [-49.280178301457006, -27.53926068520773], [-49.28023325244503, -27.53924510964401], [-49.280306182944706, -27.539246012097102], [-49.28036138699845, -27.539214184051364], [-49.28039886456962, -27.539149625525926], [-49.28041861565187, -27.539052336534183], [-49.280420640269085, -27.53892231708373], [-49.28044039128012, -27.538825028083117], [-49.2804778686611, -27.538760469524767], [-49.280533072418386, -27.53872864139531], [-49.280606002588584, -27.53872954367559], [-49.280661206295875, -27.53869771549268], [-49.28069868350362, -27.538633156865757], [-49.28071843420548, -27.538535867808182], [-49.28072045842534, -27.53840584832756], [-49.280740209056, -27.53830855926112], [-49.28077768607356, -27.538244000601285], [-49.2808328894844, -27.53821217233468], [-49.28090581932513, -27.538213074442147], [-49.280960769697046, -27.53819749855989], [-49.28099774058152, -27.53816544470837], [-49.28101673197602, -27.538116912901685], [-49.28101774389406, -27.538051903147576], [-49.28103673525751, -27.5380033713361], [-49.28107370605284, -27.537971317459547], [-49.28112865628257, -27.53795574150378], [-49.28120158596535, -27.53795664344838], [-49.28125678911518, -27.537924814999922], [-49.28129426569547, -27.537860256177563], [-49.281314015699834, -27.5377629669947], [-49.28131603915217, -27.537632947458885], [-49.28133578908534, -27.53753565826714], [-49.281373265475445, -27.537471099411885], [-49.28142846832885, -27.53743927087973], [-49.28150139768216, -27.53744017265153], [-49.28155735916328, -27.537359586731593], [-49.28159635267399, -27.537197513133766], [-49.281618378181236, -27.53695395186636], [-49.28162343571707, -27.536628902932172], [-49.28164546097925, -27.536385341633533], [-49.281684453935696, -27.53622326796766], [-49.28174041461949, -27.536142681926236], [-49.28181334312882, -27.536143583495427], [-49.28186879801252, -27.536095502296046], [-49.28190677921472, -27.535998438345732], [-49.281927286722706, -27.535852391656643], [-49.28193032056691, -27.535657362235476], [-49.28195082795465, -27.53551131553175], [-49.28198880885552, -27.53541425153875], [-49.28204426328222, -27.535366170244288], [-49.28211719129061, -27.535367071630763], [-49.2821711289569, -27.53541650500959], [-49.282206076321664, -27.53551447040397], [-49.28222203337222, -27.53566096782609]]]}, "properties": {"classe": "Alta"}}, {"type": "Feature", "geometry": {"type": "Polygon", "coordinates": [[[-49.28441333177977, -27.544856179675815], [-49.28441232156778, -27.5449211894823], [-49.28446626473634, -27.54497062216496], [-49.28457516134133, -27.545004477662452], [-49.28473901139546, -27.545022755845924], [-49.284957814868235, -27.545025456519117], [-49.285121412592126, -27.545059986712744], [-49.28522980464397, -27.545126346625505], [-49.285282991007264, -27.5452245363855], [-49.285280971572156, -27.54535455605025], [-49.285261223289524, -27.545451845793174], [-49.285223746135465, -27.545516405606673], [-49.285168540116295, -27.54554823547738], [-49.28509560526865, -27.54554733538612], [-49.28504115660267, -27.545530407837113], [-49.28500519413188, -27.545497452852707], [-49.28498771785376, -27.54544847044696], [-49.28498872774966, -27.54538346062579], [-49.28493478414424, -27.545334028128963], [-49.284825887093355, -27.545300172895093], [-49.2846620366097, -27.545281894795373], [-49.28444323266281, -27.54527919363351], [-49.28427938229938, -27.545260915086647], [-49.2841704855499, -27.545227059351063], [-49.28411654240166, -27.545177626555592], [-49.28411755279878, -27.545112616761628], [-49.28408184335021, -27.545063409106593], [-49.28400941409256, -27.545030003564065], [-49.28390026503219, -27.545012400076896], [-49.283754396145184, -27.545010598557315], [-49.28364474182142, -27.545025499762], [-49.28357130202047, -27.545057103775026], [-49.283534076736, -27.54510541065352], [-49.283533065995705, -27.545170420427638], [-49.28351407429603, -27.545218952526415], [-49.28347710162342, -27.545251006942095], [-49.283422147980424, -27.54526658366058], [-49.28334921338566, -27.545265682661405], [-49.28329501788463, -27.545232502004456], [-49.28325956150506, -27.54516704171262], [-49.28324284424059, -27.545069301799302], [-49.28324486605078, -27.544939282268334], [-49.28331931671038, -27.544842668658816], [-49.28346619610849, -27.544779460850044], [-49.28368550427054, -27.544749658613505], [-49.28397724135822, -27.54475326161297], [-49.28419579162599, -27.54477221591109], [-49.28434115510703, -27.544806521855623], [-49.28441333177977, -27.544856179675815]]]}, "properties": {"classe": "Media"}}, {"type": "Feature", "geometry": {"type": "Polygon", "coordinates": [[[-49.27707374914007, -27.547723877934228], [-49.27707171982412, -27.547853896990887], [-49.277088431859816, -27.547951637378986], [-49.277123885287644, -27.54801709909464], [-49.27717808011397, -27.548050282124485], [-49.27725101631108, -27.54805118644563], [-49.277305211194644, -27.54808436942824], [-49.277340664792376, -27.548149831095216], [-49.27735737709789, -27.548247571459914], [-49.27735534807073, -27.54837759052619], [-49.277372060412226, -27.548475330888248], [-49.27740751416286, -27.548540792542187], [-49.277461709329, -27.548573975474657], [-49.27753464588294, -27.548574879662745], [-49.27758909470358, -27.548591810163348], [-49.277625055804464, -27.548624766998827], [-49.27764252918304, -27.54867375018324], [-49.27764151482066, -27.5487387597225], [-49.27767722239716, -27.54878796893158], [-49.27774965194918, -27.54882137778402], [-49.277858803483085, -27.548838986222698], [-49.278004676974994, -27.548840794159815], [-49.27811382858017, -27.54885840240077], [-49.278186258322506, -27.548891811033364], [-49.278221966195616, -27.548941020114725], [-49.27822095216287, -27.549006029671336], [-49.278165488962784, -27.54905410895986], [-49.278055576554756, -27.549085257913358], [-49.27789121495153, -27.54909947640292], [-49.27767240421922, -27.549096764237873], [-49.27750854980443, -27.549078477505418], [-49.277399651737575, -27.549044616401822], [-49.2773457100059, -27.54899518105599], [-49.2773467245535, -27.54893017152926], [-49.27732925127434, -27.54888118831351], [-49.27729329018706, -27.548848231402832], [-49.27723884129422, -27.54883130078314], [-49.27716590458227, -27.548830396432102], [-49.277111455720494, -27.548813465763725], [-49.277075494722425, -27.54878050880034], [-49.27705802158551, -27.548731525556047], [-49.277059036291114, -27.54866651603671], [-49.277041563176766, -27.548617532790747], [-49.277005602261106, -27.548584575812242], [-49.276951153546676, -27.548567645087136], [-49.276878217019956, -27.54856674059307], [-49.276824529463674, -27.548501052684582], [-49.27679009093007, -27.548370581384994], [-49.27677490139747, -27.548175326704794], [-49.27677896077023, -27.547915288641654], [-49.27680023925474, -27.547720486220875], [-49.276838736817886, -27.547590919437365], [-49.276894453481376, -27.547526588280633], [-49.27696738932167, -27.547527492734837], [-49.27702158386543, -27.547560675814836], [-49.27705703714035, -27.547626137543492], [-49.27707374914007, -27.547723877934228]]]}, "properties": {"classe": "Alta"}}, {"type": "Feature", "geometry": {"type": "Polygon", "coordinates": [[[-49.27821638897343, -27.549298572668096], [-49.278214360867146, -27.54942859177358], [-49.27815813687192, -27.549525428208966], [-49.27804771690462, -27.54958908190557], [-49.27788310098179, -27.549619552735244], [-49.277664289219764, -27.549616840510435], [-49.27750068766044, -27.54958230135289], [-49.27739229638058, -27.54951593546136], [-49.27733911536363, -27.549417742963993], [-49.27734114449964, -27.549287723918276], [-49.277397369059706, -27.54919088783772], [-49.277507788960705, -27.549127234653632], [-49.27767240421922, -27.549096764237873], [-49.27789121495153, -27.54909947640292], [-49.27805481595237, -27.549134015075577], [-49.27816320729854, -27.54920038045459], [-49.27821638897343, -27.549298572668096]]]}, "properties": {"classe": "Media"}}, {"type": "Feature", "geometry": {"type": "Polygon", "coordinates": [[[-49.27731476467029, -27.550977971312157], [-49.277308676690815, -27.55136802834133], [-49.27728587597964, -27.55166034500111], [-49.277246362509764, -27.551854921291735], [-49.27719013632837, -27.551951757207526], [-49.27711719755688, -27.551950852736915], [-49.27706401574196, -27.551852660124553], [-49.27703059095528, -27.551657179393207], [-49.27701692314962, -27.55136441054857], [-49.27702301215891, -27.550974353579182], [-49.2770458133176, -27.55068203696038], [-49.27708532659866, -27.55048746069243], [-49.27714155204933, -27.55039062476965], [-49.277214489791, -27.550391529180477], [-49.277267671113755, -27.55048972172883], [-49.277301096089246, -27.550685202437503], [-49.27731476467029, -27.550977971312157]]]}, "properties": {"classe": "Alta"}}, {"type": "Feature", "geometry": {"type": "Polygon", "coordinates": [[[-49.28707528084116, -27.54254821433713], [-49.28707427229516, -27.54261322425593], [-49.287091749137566, -27.542662206439964], [-49.287127711387015, -27.542695160883316], [-49.28718215904603, -27.542712087571893], [-49.28725509210107, -27.542712986483373], [-49.287309287687464, -27.542746165604598], [-49.28734474583294, -27.54281162495846], [-49.28736146653115, -27.542909364558348], [-49.2873594497417, -27.543039384408115], [-49.287376170475994, -27.543137124005327], [-49.287411628774436, -27.543202583346112], [-49.28746582464338, -27.543235762417122], [-49.28753875805507, -27.543236661195458], [-49.28759320604874, -27.54325358773668], [-49.28762916863794, -27.54328654206311], [-49.28764664582013, -27.543335524188844], [-49.28764563757669, -27.54340053411978], [-49.28766311478146, -27.543449516243825], [-49.28769907745306, -27.54348247055514], [-49.287753525594034, -27.543499397039582], [-49.287826459190825, -27.543500295674853], [-49.287880907362826, -27.543517222110626], [-49.287916870123595, -27.543550176369187], [-49.28793434747059, -27.54359915846467], [-49.287933339385205, -27.54366416840293], [-49.28804198393717, -27.54371427366344], [-49.28826028124772, -27.54374947399401], [-49.28858823136374, -27.543769768878622], [-49.289025834257764, -27.543775157537468], [-49.28935378469404, -27.543795450624444], [-49.289572082700055, -27.54383064891937], [-49.28968072822894, -27.543880752938286], [-49.28967972115947, -27.543945762933348], [-49.28969719935417, -27.54399474484278], [-49.28973316283164, -27.54402769866068], [-49.28978761159441, -27.54404462437295], [-49.28986054562894, -27.54404552195728], [-49.28991499442274, -27.544062447620856], [-49.289950957989376, -27.54409540138603], [-49.28996843632631, -27.544144383266865], [-49.289967429414915, -27.544209393269263], [-49.28998490777444, -27.54425837514841], [-49.290020871423486, -27.54429132889843], [-49.29007532036459, -27.54430825450523], [-49.290148254584196, -27.54430915194648], [-49.29020270355633, -27.54432607750458], [-49.290238667294545, -27.544359031201868], [-49.290256145796306, -27.544408013052422], [-49.29025513904299, -27.54447302306215], [-49.29027261756734, -27.544522004911016], [-49.29030858138797, -27.544554958593153], [-49.2903630305074, -27.544571884094466], [-49.29043596491209, -27.544572781392638], [-49.290490917372885, -27.544557201837033], [-49.290527887871164, -27.54452514544812], [-49.290546876404385, -27.544476612239997], [-49.29054788298612, -27.544411602220386], [-49.290585105056635, -27.544363293307313], [-49.29065854258821, -27.544331685470578], [-49.290768195587155, -27.544316778653084], [-49.290914064093876, -27.544318572770752], [-49.29102371705672, -27.544303665749354], [-49.29109715443526, -27.544272057672973], [-49.2911343762232, -27.54422374859872], [-49.291135382448275, -27.544158738556785], [-49.29117260417902, -27.544110429469047], [-49.29124604138768, -27.544078821305327], [-49.29135569408058, -27.54406391400852], [-49.291501562298116, -27.54406570749456], [-49.29161071198515, -27.54408330502349], [-49.291683143165606, -27.54411670668313], [-49.291718855833174, -27.544165912530556], [-49.291717849951254, -27.544230922592263], [-49.291735329103126, -27.544279904286444], [-49.291771293307406, -27.54431285760721], [-49.29182574256661, -27.544329782540487], [-49.2918986768672, -27.544330679063933], [-49.29195312615742, -27.54434760394851], [-49.29198909045087, -27.544380557216552], [-49.29200656974498, -27.54442953888212], [-49.29200556402115, -27.544494548951146], [-49.292023043337856, -27.544543530615034], [-49.29205900771372, -27.544576483867917], [-49.292113457151245, -27.544593408695697], [-49.292186391636896, -27.544594305076053], [-49.29224084110546, -27.54461122985514], [-49.29227680557048, -27.544644183055276], [-49.29229428502943, -27.54469316469056], [-49.2922932794637, -27.544758174766887], [-49.29231075894524, -27.544807156400488], [-49.292346723492685, -27.544840109585472], [-49.292401173108544, -27.54485703430776], [-49.29247410777927, -27.544857930545025], [-49.29252855742615, -27.544874855218623], [-49.292564522062754, -27.544907808350864], [-49.29258200168655, -27.54495678995585], [-49.29258099627892, -27.545021800039503], [-49.29261670962984, -27.545071005681415], [-49.29268914177592, -27.545104406855167], [-49.292798292723475, -27.545122003503593], [-49.29294416244855, -27.545123795538952], [-49.293053313467205, -27.54514139198966], [-49.2931257458034, -27.545174792943484], [-49.293161459450836, -27.54522399845758], [-49.293160454372895, -27.545289008558374], [-49.293196168070374, -27.545338214065147], [-49.29326860057985, -27.545371614951403], [-49.29337775190765, -27.54538921116003], [-49.29352362202981, -27.54539100260323], [-49.29363277342872, -27.54540859861411], [-49.293705206128315, -27.545441999280467], [-49.293740920122296, -27.545491204659385], [-49.293739915374054, -27.545556214777367], [-49.29384856463542, -27.545606315687376], [-49.29406686802754, -27.545641507137166], [-49.294394825597145, -27.5456617886107], [-49.29483243731653, -27.545667159328087], [-49.29516039520588, -27.545687439003782], [-49.29537869929291, -27.54572262841767], [-49.295487349530916, -27.545772728085772], [-49.29548634579877, -27.54583773826035], [-49.295503826864156, -27.54588671955684], [-49.29553979274567, -27.54591967196934], [-49.295594243445855, -27.545936595483745], [-49.29566717895114, -27.545937490077748], [-49.295720124278105, -27.546051928814467], [-49.29575307950657, -27.546279911715995], [-49.295766044573426, -27.546621438784868], [-49.29575901927271, -27.547076510004082], [-49.295771984311074, -27.547418037040057], [-49.29580493989451, -27.547646019909774], [-49.29585788608612, -27.547760458610668], [-49.295930822806085, -27.547761353120684], [-49.295985274467654, -27.547778276521377], [-49.296021241084375, -27.547811228835055], [-49.29603872265373, -27.54786021007582], [-49.29603771915712, -27.547925220249592], [-49.29605520074909, -27.547974201488667], [-49.29609116744825, -27.548007153787207], [-49.29614561925714, -27.548024077131053], [-49.29621855616218, -27.548024971497934], [-49.29627275716079, -27.548058147338153], [-49.29630822228074, -27.54812360467459], [-49.296324951515714, -27.548221343520634], [-49.29632294482535, -27.548351363880148], [-49.296339674096515, -27.54844910272351], [-49.29637513936957, -27.54851456004682], [-49.29642934065085, -27.54854773583672], [-49.29650227791258, -27.548548630070307], [-49.29655673005617, -27.54856555326667], [-49.29659269709521, -27.548598505448147], [-49.296610179027155, -27.548647486628813], [-49.29660917583341, -27.548712496814574], [-49.296626657787975, -27.548761477993555], [-49.29666262490946, -27.548794430159855], [-49.29671707720038, -27.548811353299403], [-49.29679001464718, -27.54881224738984], [-49.296844216203546, -27.548845423028727], [-49.29687968189725, -27.54891088023896], [-49.296896411721995, -27.549008619033888], [-49.29689440563739, -27.549138639417404], [-49.29691113549831, -27.549236378209653], [-49.29694660134514, -27.54930183540675], [-49.2970008031842, -27.54933501099531], [-49.29707374098769, -27.549335904952454], [-49.29712819361335, -27.54935282794449], [-49.29716416107471, -27.549385779993724], [-49.29718164336927, -27.54943476111429], [-49.297180640478416, -27.549499771312046], [-49.29719812279559, -27.5495487524309], [-49.29723409033941, -27.549581704464998], [-49.29728854311239, -27.54959862740019], [-49.297361481100964, -27.54959952121418], [-49.297415933904965, -27.549616444100668], [-49.29745190153796, -27.549649396081975], [-49.29746938399743, -27.549698377172213], [-49.29746838126476, -27.549763387377226], [-49.29750409828084, -27.54981259189855], [-49.29757653508227, -27.54984599070967], [-49.297685691675355, -27.549863583753464], [-49.2978315680361, -27.549865370942126], [-49.29794072470026, -27.549882963788125], [-49.29801316169181, -27.549916362379275], [-49.298048879004455, -27.549965566772677], [-49.2980478766016, -27.550030576994835], [-49.29806535938068, -27.55007955802218], [-49.29810132736029, -27.55011250984879], [-49.29815578054297, -27.5501294324606], [-49.29822871891514, -27.55013032583527], [-49.29828317212884, -27.550147248398357], [-49.298319140197634, -27.550180200172207], [-49.298336623119006, -27.550229181170902], [-49.29833562087434, -27.550294191400333], [-49.298371338448234, -27.550343395720287], [-49.29844377587727, -27.55037679410427], [-49.29855293316775, -27.550394386495164], [-49.29869881029568, -27.55039617280515], [-49.298807967657226, -27.550413764998254], [-49.29888040527638, -27.550447163162243], [-49.29891612314683, -27.55049636735427], [-49.29891512123201, -27.550561377600825], [-49.298932604472995, -27.550610358536613], [-49.29896857288842, -27.550643310155763], [-49.299023026480796, -27.550660232444148], [-49.29909596523655, -27.550661125379474], [-49.29915041885995, -27.550678047619158], [-49.29918638736456, -27.550710999185505], [-49.29920387074785, -27.550759980092657], [-49.29920286899122, -27.550824990346477], [-49.29927505657516, -27.550874640884093], [-49.299420433575996, -27.55090893159482], [-49.29963900001513, -27.55092786224935], [-49.299930755859044, -27.55093143249986], [-49.30014907217405, -27.550966614928257], [-49.30029394905616, -27.551033409885697], [-49.30036538648018, -27.551131817600755], [-49.300363384299786, -27.55126183817935], [-49.300343647839085, -27.551359130542277], [-49.30030617707409, -27.551423694681954], [-49.3002509720111, -27.551455530585002], [-49.30017803268669, -27.55145463823224], [-49.30012357850626, -27.551437716372842], [-49.30008760948337, -27.55140476502916], [-49.300070125615505, -27.55135578421528], [-49.30007112688407, -27.551290773937097], [-49.29998070386311, -27.551240900671537], [-49.29979885665073, -27.55120616424425], [-49.29952558527966, -27.551186564296877], [-49.29916088971729, -27.551182100286958], [-49.2988876185903, -27.55116249909203], [-49.298705771931274, -27.55112776125451], [-49.29861534970749, -27.55107788713279], [-49.29861635182083, -27.551012876901233], [-49.298562399200016, -27.550963449333974], [-49.29845349190086, -27.55092960436963], [-49.298289629935965, -27.550911341879303], [-49.29807081327472, -27.55090866166672], [-49.297906450167275, -27.550922903833545], [-49.29779654054773, -27.550954068570544], [-49.29774108440346, -27.551002156006597], [-49.29774008177519, -27.551067166208625], [-49.2977210950503, -27.55111570044812], [-49.2976841242152, -27.551147758717317], [-49.297629169272426, -27.551163341002116], [-49.297556230240595, -27.55116244728205], [-49.2975012752752, -27.551178029515057], [-49.297464304357646, -27.55121008772165], [-49.29744531748541, -27.551258621915874], [-49.29744431467205, -27.5513236321055], [-49.29742532776879, -27.55137216629496], [-49.29738835676205, -27.55140422447652], [-49.297333401654356, -27.551419806636073], [-49.29726046246433, -27.551418912753146], [-49.29720550733402, -27.55143449486091], [-49.297168536244826, -27.551466552979857], [-49.29714954919421, -27.551515087124056], [-49.29714854619576, -27.551580097301276], [-49.297111324283755, -27.551628407945252], [-49.29703788343042, -27.55166001902583], [-49.296928223642055, -27.551674930485877], [-49.296782344959055, -27.551673142241278], [-49.296672685134496, -27.551688053497365], [-49.29659924412801, -27.55171966433825], [-49.29656202193328, -27.55176797482108], [-49.29656101857809, -27.551832984976024], [-49.29654203119271, -27.55188151901978], [-49.29650505976358, -27.551913576944614], [-49.29645010429322, -27.55192915873644], [-49.296377164800255, -27.55192826437476], [-49.29632220930729, -27.551943846114785], [-49.29628523779569, -27.551975903976995], [-49.29626625026297, -27.552024437975486], [-49.29626524672266, -27.552089448118025], [-49.296246259158906, -27.55213798211174], [-49.29620928755813, -27.552170039948933], [-49.29615433192286, -27.552185621615482], [-49.296081392271695, -27.55218472709094], [-49.29602593476971, -27.552232813772164], [-49.295987959361064, -27.552329881676815], [-49.29596746603312, -27.55247593081709], [-49.295964454816506, -27.552670961199674], [-49.295907491337985, -27.552816563003237], [-49.29579657547544, -27.552912736158166], [-49.295631707251594, -27.552959480537528], [-49.295412886833994, -27.552956795957027], [-49.29524927362899, -27.55292227724579], [-49.29514086771358, -27.55285592460258], [-49.29508766907135, -27.552757738155513], [-49.295089677592486, -27.55262771796218], [-49.29507294901459, -27.55252997904588], [-49.29503748337805, -27.552464521402726], [-49.29498328068919, -27.55243134501936], [-49.29491034092023, -27.552430449872872], [-49.29485588719226, -27.552413525965065], [-49.294819919518844, -27.552380573318274], [-49.29480243789745, -27.5523315919466], [-49.29480344230947, -27.552266581855953], [-49.294822430522075, -27.55221804809008], [-49.29485940252168, -27.552185990641288], [-49.294914358310834, -27.552170409495435], [-49.29498729790814, -27.552171304632065], [-49.29504275580675, -27.552123218384285], [-49.295080731950804, -27.55202615076976], [-49.29510122632768, -27.551880101800663], [-49.29510423896799, -27.551685071483682], [-49.29512473322485, -27.55153902249999], [-49.295162709067675, -27.551441954842876], [-49.29521816650907, -27.55139386850016], [-49.2952911056049, -27.55139476345419], [-49.29534681398108, -27.55133042452677], [-49.29538529156124, -27.551200851733782], [-49.295406538323924, -27.551006045085728], [-49.295410554302585, -27.55074600458771], [-49.295395331615154, -27.550550750494875], [-49.29536087035693, -27.55042028280954], [-49.295307170549364, -27.550354601521228], [-49.29523423214009, -27.550353706606632], [-49.29518053244085, -27.550288025273638], [-49.295146071504014, -27.55015755754551], [-49.29513084930812, -27.549962303432757], [-49.29513486575788, -27.549702262933085], [-49.29511964359877, -27.54950700881061], [-49.29508518292609, -27.54937654106767], [-49.29503148376128, -27.549310859693772], [-49.29495854605199, -27.549309964665614], [-49.29490459594, -27.549260535777684], [-49.29486963346601, -27.54916257305318], [-49.294853658617384, -27.549016076504287], [-49.29485667132818, -27.548821046132126], [-49.294840696520446, -27.54867454957788], [-49.294805734260116, -27.54857658684037], [-49.294751784559814, -27.548527157907436], [-49.29467884737886, -27.54852626275587], [-49.294624646673014, -27.548493086307065], [-49.29458918247005, -27.548427628583916], [-49.29457245476363, -27.548329889599792], [-49.2945744635134, -27.54819986935858], [-49.29455773584315, -27.548102130371777], [-49.29452227179328, -27.548036672635504], [-49.29446807137008, -27.548003496136406], [-49.29439513454583, -27.548002600851568], [-49.294340683054955, -27.547985676834042], [-49.29430471691102, -27.54795272410611], [-49.29428723611151, -27.54790374268192], [-49.2942882406378, -27.547838732567307], [-49.294270759860886, -27.547789751141423], [-49.2942347937994, -27.547756798398357], [-49.29418034245584, -27.547739874323995], [-49.294107405816675, -27.547738978896042], [-49.29405295450414, -27.547722054772986], [-49.29401698853182, -27.54768910197716], [-49.29399950789718, -27.547640120522647], [-49.29400051258161, -27.547575110415345], [-49.29396479784664, -27.54752590508145], [-49.29389236372887, -27.547492504494496], [-49.293783210234615, -27.547474908597334], [-49.29363733733991, -27.547473117302182], [-49.293528183916756, -27.54745552120727], [-49.29345574998912, -27.547422120400366], [-49.293420035550696, -27.547372914938617], [-49.29342104056486, -27.547307904848477], [-49.293367092103395, -27.54725847542529], [-49.29325819022213, -27.54722462660765], [-49.293094334933706, -27.547206358266717], [-49.29287552620756, -27.547203670206198], [-49.292711671039186, -27.54718540141806], [-49.292602769459144, -27.547151552098587], [-49.2925488214548, -27.547102122376593], [-49.29254982697031, -27.54703711231353], [-49.29253234708423, -27.54698813070419], [-49.292496381815184, -27.546955177542706], [-49.29244193116571, -27.546938252814993], [-49.29236899512223, -27.546937356498727], [-49.292314544503775, -27.54692043172232], [-49.292278579323906, -27.546887478508108], [-49.29226109958009, -27.54683849687016], [-49.29226210525371, -27.54677348681438], [-49.2922446255325, -27.546724505174744], [-49.29220866043506, -27.546691551945376], [-49.292154209963925, -27.546674627112168], [-49.292081274105534, -27.5466737306528], [-49.29202682366543, -27.546656805770883], [-49.29199085865716, -27.546623852488757], [-49.2919733790782, -27.546574870820518], [-49.29197438490994, -27.54650986077206], [-49.29195690535358, -27.54646087910213], [-49.291920940427744, -27.546427925804867], [-49.29186649013495, -27.546411000866147], [-49.29179355446165, -27.546410104263664], [-49.29173935569067, -27.546376926765777], [-49.29170389384977, -27.54631146839533], [-49.29168716893262, -27.54621372916574], [-49.291689180898814, -27.546083709080868], [-49.291672456017785, -27.545985969848594], [-49.29163699432993, -27.545920511465052], [-49.29158279584156, -27.545887333916887], [-49.29150986052495, -27.54588643718119], [-49.291455662093796, -27.545853259585744], [-49.29142020057584, -27.54578780115345], [-49.29140347596477, -27.54569006189766], [-49.29140548822019, -27.545560041822274], [-49.29131582861674, -27.545461405739005], [-49.29113449733869, -27.545394153479304], [-49.29086149442274, -27.545358284685598], [-49.290496819758005, -27.545353798811306], [-49.29022356551754, -27.545334181278104], [-49.2900417317337, -27.545299432628312], [-49.28995131837356, -27.545249553220216], [-49.289952325338966, -27.545184543228107], [-49.289934846870956, -27.545135561345088], [-49.28989888298817, -27.545102607565287], [-49.289844433693126, -27.545085681874596], [-49.28977149897228, -27.545084784250708], [-49.289717049708266, -27.545067858511338], [-49.28968108591465, -27.54503490467879], [-49.28966360758889, -27.544985922767186], [-49.28966461471237, -27.54492091278237], [-49.28964713640921, -27.54487193086908], [-49.289611172698, -27.544838977021396], [-49.2895567235813, -27.544822051225225], [-49.28948378904554, -27.544821153458262], [-49.28942933995986, -27.5448042276134], [-49.28939337633783, -27.54477127371299], [-49.2893758981769, -27.5447222917711], [-49.28937690545846, -27.544657281793626], [-49.28934119372305, -27.544608075387615], [-49.28926876300724, -27.544574672526597], [-49.289159613317395, -27.544557073153445], [-49.289013744629564, -27.54455527718039], [-49.28890459501086, -27.54453767760952], [-49.28883216448522, -27.544504274528627], [-49.28879645304631, -27.544455067994818], [-49.28879746065752, -27.544390058034562], [-49.28876174926864, -27.54434085149345], [-49.28868931891627, -27.544307448344988], [-49.28858016960674, -27.54428984853209], [-49.28843430131612, -27.54428805196696], [-49.28832515207774, -27.544270451956333], [-49.28825272191553, -27.54423704858802], [-49.28821701082315, -27.544187841919115], [-49.288218018764006, -27.544122831976086], [-49.28818230772166, -27.544073625299877], [-49.288109877732715, -27.544040221863995], [-49.28800072880352, -27.544022621611358], [-49.28785486091012, -27.54402082445416], [-49.28774571205208, -27.54400322400381], [-49.287673282253294, -27.543969820348075], [-49.28763757150745, -27.54392061354407], [-49.28763857977794, -27.54385560361829], [-49.28760286908212, -27.543806396806986], [-49.28753043945661, -27.543772993083714], [-49.287421290907744, -27.54375539239135], [-49.28727542341159, -27.54375359464211], [-49.287166274933874, -27.543735993752026], [-49.28709384549853, -27.5437025898089], [-49.28705813509922, -27.543653382869824], [-49.28705914369933, -27.54358837296127], [-49.28704166674851, -27.543539390773354], [-49.28700570426538, -27.54350643630021], [-49.286951256252486, -27.543489509527706], [-49.28687832269627, -27.543488610433553], [-49.286824631262384, -27.543422926185738], [-49.28679018200311, -27.543292456807546], [-49.2867749748969, -27.543097202309497], [-49.28677900984833, -27.54283716268922], [-49.286800269274465, -27.5426423577507], [-49.286838753142035, -27.54251278748881], [-49.286894461472606, -27.542448451893048], [-49.286967394342554, -27.542449350947585], [-49.287021841854276, -27.542466277692924], [-49.28705780402132, -27.54249923215141], [-49.28707528084116, -27.54254821433713]]]}, "properties": {"classe": "Alta"}}, {"type": "Feature", "geometry": {"type": "Polygon", "coordinates": [[[-49.27757202290237, -27.55319191163122], [-49.27756999370147, -27.553321930619727], [-49.27758670673133, -27.553419670932506], [-49.277622162032415, -27.553485132565704], [-49.27767635961112, -27.553518315505933], [-49.27774929943971, -27.553519219730287], [-49.27780349707567, -27.553552402623254], [-49.27783895254673, -27.55361786420774], [-49.27785566584648, -27.55371560449713], [-49.27785363693448, -27.553845623495278], [-49.27783388021307, -27.553942911700002], [-49.277796395658356, -27.554007469103695], [-49.277741183276724, -27.554039295693], [-49.27766824310481, -27.55403839144872], [-49.27761379163027, -27.554021460868285], [-49.27757782886665, -27.553988503974026], [-49.27756035481139, -27.553939520780037], [-49.277561369445856, -27.553874511292218], [-49.27754389541317, -27.553825528096553], [-49.27750793273198, -27.553792571187174], [-49.27745348140483, -27.553775640549983], [-49.27738054141818, -27.553774736162648], [-49.277326597504825, -27.553725300736094], [-49.277291649705376, -27.553627334293562], [-49.27727569800708, -27.553480836847225], [-49.2772787423438, -27.553285808398215], [-49.27729926046672, -27.553139763166346], [-49.277337252345404, -27.553042701144907], [-49.277392717992626, -27.55299462232173], [-49.277465657464305, -27.552995526679183], [-49.27751985476036, -27.55302870966957], [-49.27755530990851, -27.553094171315788], [-49.27757202290237, -27.55319191163122]]]}, "properties": {"classe": "Alta"}}, {"type": "Feature", "geometry": {"type": "Polygon", "coordinates": [[[-49.27832740704088, -27.542180022718814], [-49.278326393361645, -27.542245032342258], [-49.27834386620953, -27.542294015449414], [-49.27837982560317, -27.54232697203442], [-49.278434271545095, -27.542343902083147], [-49.278507204021786, -27.542344805573293], [-49.2785608898332, -27.542410492795742], [-49.27859532903157, -27.542540963773796], [-49.27861052159521, -27.54273621851794], [-49.27860646742859, -27.542996257025838], [-49.27858519350778, -27.543191060037305], [-49.27854669979967, -27.543320627547242], [-49.27849098632592, -27.543384959545136], [-49.27841805316297, -27.54338405601516], [-49.278362846438455, -27.543415883149386], [-49.27832536611572, -27.543480440966945], [-49.27830561218841, -27.543577729481242], [-49.278303584680394, -27.54370774869984], [-49.27832029739931, -27.54380548901657], [-49.2783557503856, -27.54387095042758], [-49.27840994364564, -27.543904132919465], [-49.27848287715172, -27.543905036469358], [-49.27853732387636, -27.543921966510357], [-49.27857328383308, -27.543954923064817], [-49.27859075701935, -27.544003906146802], [-49.278589743416525, -27.54406891576221], [-49.278661916866156, -27.544118576435718], [-49.278807277444685, -27.544152888056697], [-49.27902582517379, -27.544171850395955], [-49.279317560020324, -27.5441754631057], [-49.27953610792779, -27.54419442464807], [-49.279681468929304, -27.54422873537087], [-49.27975364300322, -27.544278395503266], [-49.279752630073105, -27.544343405155917], [-49.279788337312816, -27.544392613829995], [-49.27986076475899, -27.54442602149905], [-49.27996991241799, -27.54444362810596], [-49.28011578026592, -27.544445433562952], [-49.28022492799615, -27.54446303997217], [-49.280297355632584, -27.544496447421402], [-49.28033306316883, -27.544545655967777], [-49.28033205056828, -27.544610665637755], [-49.28034952463499, -27.54465964853451], [-49.28038548538758, -27.54469260465218], [-49.28043993282861, -27.54470953397668], [-49.28051286694452, -27.544710436485673], [-49.2805673144166, -27.544727365761496], [-49.28060327525838, -27.544760321826455], [-49.28062074946731, -27.544809304694667], [-49.28061973702476, -27.544874314372027], [-49.280637211256256, -27.54492329723856], [-49.28067317218042, -27.54495625328842], [-49.28072761979982, -27.544973182507484], [-49.28080055410089, -27.544974084873456], [-49.28085474867354, -27.545007266464825], [-49.28089020354547, -27.54507272730448], [-49.280906918710336, -27.545170467405818], [-49.28090489412767, -27.54530048677267], [-49.280885142035196, -27.545397775718527], [-49.280847662409016, -27.545462334235783], [-49.280792455255494, -27.545494162311076], [-49.28071952061126, -27.54549325992522], [-49.28066507274127, -27.545476330692516], [-49.280629111659096, -27.545443374635294], [-49.28061163736217, -27.545394391767633], [-49.28061264983188, -27.54532938209543], [-49.28055870830935, -27.54527994798941], [-49.28044981285049, -27.545246089388172], [-49.28028596346803, -27.545227806162934], [-49.28006716013154, -27.54522509811738], [-49.27990280442882, -27.545239319269633], [-49.27979289629382, -27.545270469810397], [-49.27973743571378, -27.54531854986846], [-49.279736422729314, -27.545383559510814], [-49.279699195706904, -27.5454318652777], [-49.27962575461881, -27.54546346713889], [-49.279516099471415, -27.545478365037305], [-49.279370230305176, -27.545476558888854], [-49.27926108175682, -27.54545895177087], [-49.279188653850255, -27.54542554377117], [-49.279152946579096, -27.545376334946855], [-49.27915395990672, -27.5453113253244], [-49.27913648629279, -27.54526234230116], [-49.279100525755936, -27.545229385871256], [-49.2790460782987, -27.54521245602061], [-49.27897314390754, -27.545211552726876], [-49.27891768302027, -27.545259632443045], [-49.27887969558097, -27.54535669518674], [-49.278859181576905, -27.545502740970136], [-49.27885614103849, -27.545697769799936], [-49.278872094315375, -27.545844267265927], [-49.27890704147364, -27.54594223336697], [-49.27896098252604, -27.54599166809091], [-49.279033917431946, -27.545992571414498], [-49.279088111916295, -27.546025753689094], [-49.2791235660068, -27.546091214937604], [-49.27914027969709, -27.546188955173392], [-49.2791382529467, -27.54631897440031], [-49.279118499077214, -27.546416263001802], [-49.27908101806474, -27.546480820970274], [-49.27902580991563, -27.546512648292346], [-49.27895287466653, -27.546511744948848], [-49.27889690631903, -27.546592329419127], [-49.278857904774846, -27.546754401717028], [-49.27883587000084, -27.54699796185086], [-49.27883080202905, -27.54732300982342], [-49.27884523497941, -27.547567021656203], [-49.278879168980794, -27.54772999735574], [-49.278932604066334, -27.54781193691373], [-49.279005540173436, -27.547812840306996], [-49.27905998888365, -27.54782977022587], [-49.27909595021054, -27.547862726692667], [-49.27911342415153, -27.547911709721518], [-49.279112410688, -27.547976719318267], [-49.27912988465156, -27.548025702345427], [-49.27916584606085, -27.548058658797135], [-49.2792202949184, -27.548075588659252], [-49.27929323121071, -27.548076491909484], [-49.27934666676589, -27.548158431326012], [-49.27938060164655, -27.548321406931954], [-49.27939503581958, -27.54856541873569], [-49.27938996915613, -27.548890466730654], [-49.27940440335197, -27.549134478518667], [-49.279438338535975, -27.5492974541063], [-49.27949177474126, -27.54937939348518], [-49.27956471190522, -27.549380296632172], [-49.279618908166384, -27.54941347876757], [-49.27965436355247, -27.54947893991426], [-49.27967107805711, -27.549576680085615], [-49.27966905163985, -27.549706699285487], [-49.27981340672406, -27.54980601978055], [-49.28010414361559, -27.549874641128152], [-49.28054126240101, -27.549912562411265], [-49.28112476294766, -27.54991978223843], [-49.28156264152677, -27.54990894308677], [-49.281854897886745, -27.549880046325722], [-49.28200153194491, -27.549833092873047], [-49.282002543787335, -27.549768083194845], [-49.28209447452356, -27.549720453228787], [-49.28227732409094, -27.54969020279127], [-49.28255109252254, -27.54967733152397], [-49.28291577994712, -27.549681838893754], [-49.283189548355686, -27.54966896636357], [-49.28337239761946, -27.54963871446654], [-49.2834643277054, -27.549591083561], [-49.28346533867615, -27.54952607383059], [-49.28348433124693, -27.549477541801995], [-49.283521305404214, -27.54944548746749], [-49.283576261150515, -27.549429910812986], [-49.28364919850449, -27.549430811818016], [-49.28370364881596, -27.549447739981613], [-49.28373961209847, -27.549480695326114], [-49.283757088349475, -27.549529677865603], [-49.28375607755035, -27.54959468760594], [-49.28388296007932, -27.54964502149127], [-49.28413773608203, -27.549680679177005], [-49.28452040562202, -27.549701659960554], [-49.28503096868065, -27.54970796278125], [-49.285413386168194, -27.549745193564462], [-49.28566765821403, -27.54981335337699], [-49.28579378475087, -27.54991244292073], [-49.28579176551474, -27.55004246253264], [-49.28575378212613, -27.550139527293315], [-49.28567983453084, -27.550203637171798], [-49.285569922739015, -27.55023479211169], [-49.28542404682517, -27.550232992031113], [-49.285314387420954, -27.550247894317074], [-49.285240944485906, -27.55027949905364], [-49.2852037180137, -27.550327806297968], [-49.28520270803206, -27.550392816080233], [-49.285183716023006, -27.55044134836498], [-49.285146741972994, -27.550473403144466], [-49.28509178588455, -27.55048898040458], [-49.28501884777632, -27.550488080124868], [-49.28496439672922, -27.550471152446733], [-49.28492843275682, -27.550438197392495], [-49.28491095585657, -27.550389214976267], [-49.28491196600984, -27.550324205203914], [-49.2848215511727, -27.55027432240916], [-49.284639711443376, -27.550239566417705], [-49.284366446854904, -27.550219936871176], [-49.284001757375115, -27.550215433227155], [-49.28372773489856, -27.550244559733162], [-49.28354437921417, -27.550307316917312], [-49.28345169028508, -27.550403705137242], [-49.28344966824868, -27.55053372458013], [-49.283429917177344, -27.55063101387754], [-49.28339243704716, -27.55069557302191], [-49.28333722786447, -27.55072740199984], [-49.283264289665915, -27.550726500792166], [-49.28320983881192, -27.550709572433593], [-49.28317387531604, -27.550676616946436], [-49.28315639917571, -27.55062763434481], [-49.283157410372326, -27.550562624634587], [-49.283139934254585, -27.550513642031273], [-49.28310397084112, -27.55048068652899], [-49.28304952013448, -27.550463758113644], [-49.28297658212112, -27.550462856762888], [-49.28292213144554, -27.550445928298846], [-49.28288616812129, -27.550412972743825], [-49.282868692145804, -27.550363990111947], [-49.282869703500495, -27.55029898040908], [-49.2828522275476, -27.550249997775513], [-49.28281626430577, -27.550217042205386], [-49.28276181377754, -27.550200113684564], [-49.28268887594937, -27.550199212190744], [-49.2826344254522, -27.55018228362124], [-49.282598462299575, -27.550149327998373], [-49.28258098648895, -27.550100345336247], [-49.282581998001696, -27.550035335640743], [-49.28256452221365, -27.549986352976934], [-49.28252855914345, -27.549953397338935], [-49.28247410879363, -27.549936468712662], [-49.28240117115065, -27.549935567075774], [-49.28234621500919, -27.549951143245156], [-49.2823092403506, -27.5499831972413], [-49.28229024717235, -27.55003172907828], [-49.28228923548797, -27.550096738763855], [-49.282252007835076, -27.550145045162093], [-49.28217856418591, -27.550176648242818], [-49.28206890454685, -27.55019154794889], [-49.281923028958346, -27.550189744196235], [-49.28181336928324, -27.550204643698354], [-49.28173992548112, -27.55023624653931], [-49.28170269754559, -27.550284552776258], [-49.28170168550439, -27.550349562439393], [-49.28166445751162, -27.550397868662827], [-49.28159101353956, -27.550429471416397], [-49.28148135359456, -27.550444370642943], [-49.28133547771708, -27.55044256625839], [-49.28122581773605, -27.550457465280978], [-49.28115237361102, -27.550489067794768], [-49.281115145335626, -27.55053737385691], [-49.28111413293759, -27.550602383497584], [-49.28109513912079, -27.55065091513813], [-49.28105816387168, -27.55068296877082], [-49.281003207192796, -27.550698544381518], [-49.28093026910279, -27.5506976419498], [-49.28087505926496, -27.55072946991649], [-49.28083757764264, -27.55079402830074], [-49.28081782422951, -27.55089131711595], [-49.28081579904944, -27.551021336369704], [-49.280796045565054, -27.551118625176045], [-49.28075856375244, -27.551183183527368], [-49.280703353617966, -27.551215011410314], [-49.28063041519827, -27.551214108805695], [-49.28057596457138, -27.551197179423056], [-49.28054000175086, -27.551164223284715], [-49.28052252673414, -27.55111524040478], [-49.2805235395026, -27.551050230789134], [-49.28050606450845, -27.551001247907525], [-49.280470101770355, -27.55096829175406], [-49.28041565129083, -27.55095136231466], [-49.28034271305635, -27.55095045956698], [-49.28028826260788, -27.550933530078883], [-49.280252299959, -27.5509005738727], [-49.28023482510713, -27.55085159096252], [-49.28023583803363, -27.550786581354267], [-49.2802001286826, -27.5507373727348], [-49.28012769709064, -27.550703965077698], [-49.28001854326415, -27.55068635832581], [-49.279872667179205, -27.55068455239132], [-49.27976224692409, -27.550748207433116], [-49.279687282352256, -27.55087732352787], [-49.27964777343822, -27.55107190072911], [-49.27964372027758, -27.55133193906718], [-49.27965891501822, -27.55152719360094], [-49.2796933577557, -27.551657664332733], [-49.27974704851168, -27.55172335125205], [-49.27981998723391, -27.551724254335596], [-49.27987165172889, -27.55191996038264], [-49.279902042096104, -27.552310469408543], [-49.27991115815086, -27.552895781392937], [-49.27989899942429, -27.553675896279735], [-49.279908115159124, -27.554261208158906], [-49.27993850582427, -27.554651717086543], [-49.279990171604425, -27.55484742308298], [-49.2800631124001, -27.55484832613289], [-49.280117058121185, -27.55489776056995], [-49.280152008808315, -27.55499572641739], [-49.280167964448765, -27.555142223687398], [-49.280164924976425, -27.55533725238109], [-49.28014441004698, -27.555483298146967], [-49.28010641962999, -27.555580360978283], [-49.28005095373819, -27.555628440862897], [-49.2799780124275, -27.55562753778315], [-49.27992381310494, -27.555594355671833], [-49.279888355798256, -27.55552889455186], [-49.27987164050106, -27.555431154436604], [-49.279873667172886, -27.555301135329955], [-49.27985695191172, -27.55520339521206], [-49.27982149475802, -27.555137934079042], [-49.27976729571815, -27.55510475191754], [-49.2796943547644, -27.555103848704658], [-49.27963990241666, -27.555086918882918], [-49.27960393868848, -27.555053962474624], [-49.27958646357731, -27.555004979493933], [-49.27958747706452, -27.554939969946698], [-49.279551766774375, -27.554890761140403], [-49.279479332743534, -27.554857353048593], [-49.279370174978375, -27.55483974561411], [-49.27922429345497, -27.554837938749138], [-49.27911513576109, -27.554820331116883], [-49.2790427019206, -27.554786922805135], [-49.27900699192716, -27.554737713871095], [-49.27900800574411, -27.554672704341183], [-49.27899053095254, -27.554623721297784], [-49.2789545675711, -27.554590764735003], [-49.278900115602326, -27.554573834638738], [-49.27882717503269, -27.554572930986662], [-49.27877272309499, -27.554556000841696], [-49.278736759802776, -27.55452304422619], [-49.2787192851535, -27.554474061154234], [-49.278720299128516, -27.554409051631715], [-49.27870282450181, -27.55436006855808], [-49.27866686129204, -27.55432711192746], [-49.278612409501726, -27.554310181725736], [-49.27853946911735, -27.55430927793058], [-49.278485017358115, -27.554292347680164], [-49.27844905423757, -27.55425939099681], [-49.27843157975316, -27.554210407894626], [-49.278432593886244, -27.554145398379475], [-49.2784151194244, -27.554096415275616], [-49.278379156386286, -27.554063458577147], [-49.27832470477445, -27.554046528269975], [-49.27825176457533, -27.55404562433175], [-49.278196805861676, -27.554061198730036], [-49.27815982861484, -27.554093251485295], [-49.278140832832285, -27.55414178261164], [-49.278139818527535, -27.554206792116833], [-49.2781208227139, -27.554255323238397], [-49.27808384537784, -27.55428737596859], [-49.2780288865219, -27.554302950293312], [-49.277955946164724, -27.554302046192095], [-49.27790200173638, -27.55425261096905], [-49.277867053277504, -27.554154644647408], [-49.277851100775344, -27.55400814723935], [-49.277854144163754, -27.553813118745985], [-49.277838191702095, -27.553666621332596], [-49.277803243456496, -27.553568654998102], [-49.27774929943971, -27.553519219730287], [-49.27767635961112, -27.553518315505933], [-49.277622162032415, -27.553485132565704], [-49.27758670673133, -27.553419670932506], [-49.27756999370147, -27.553321930619727], [-49.27757202290237, -27.55319191163122], [-49.27755530990851, -27.553094171315788], [-49.27751985476036, -27.55302870966957], [-49.277465657464305, -27.552995526679183], [-49.277392717992626, -27.55299462232173], [-49.27734105755472, -27.552798915559446], [-49.27731067624995, -27.5524084064077], [-49.27730157389331, -27.551823094846128], [-49.27731375001555, -27.55104298081862], [-49.27737758513026, -27.550458573479094], [-49.27749307893949, -27.55006987278144], [-49.27766023163842, -27.5498768786313], [-49.27787904391531, -27.549879590885986], [-49.27804340668719, -27.549865372465568], [-49.278153319887906, -27.54983422356077], [-49.27820878350473, -27.549786144300427], [-49.27820979757828, -27.549721134751536], [-49.27822879245796, -27.549672603550086], [-49.27826576813023, -27.549640550688302], [-49.278320724597656, -27.549624976152117], [-49.278393661878866, -27.549625879921066], [-49.27844887180523, -27.54959405294345], [-49.27848635434011, -27.549529495238453], [-49.27850610947713, -27.549432206819464], [-49.278508137240166, -27.549302187694067], [-49.27849142380136, -27.549204447428068], [-49.278455969201154, -27.549138986017613], [-49.27840177344593, -27.549105803449315], [-49.27832883650795, -27.549104899700293], [-49.27827438730844, -27.54908796947411], [-49.278238425860934, -27.54905501279308], [-49.27822095216287, -27.549006029671336], [-49.278221966195616, -27.548941020114725], [-49.278186258322506, -27.548891811033364], [-49.27811382858017, -27.54885840240077], [-49.278004676974994, -27.548840794159815], [-49.277858803483085, -27.548838986222698], [-49.27774965194918, -27.54882137778402], [-49.27767722239716, -27.54878796893158], [-49.27764151482066, -27.5487387597225], [-49.27764252918304, -27.54867375018324], [-49.277625055804464, -27.548624766998827], [-49.27758909470358, -27.548591810163348], [-49.27753464588294, -27.548574879662745], [-49.277461709329, -27.548573975474657], [-49.27740751416286, -27.548540792542187], [-49.277372060412226, -27.548475330888248], [-49.27735534807073, -27.54837759052619], [-49.27735737709789, -27.548247571459914], [-49.277340664792376, -27.548149831095216], [-49.277305211194644, -27.54808436942824], [-49.27725101631108, -27.54805118644563], [-49.27717808011397, -27.548050282124485], [-49.277123885287644, -27.54801709909464], [-49.277088431859816, -27.547951637378986], [-49.27707171982412, -27.547853896990887], [-49.27707374914007, -27.547723877934228], [-49.277093505096076, -27.547626589734218], [-49.27713098766825, -27.547562032383272], [-49.27718619686297, -27.54753020586797], [-49.27725913271687, -27.547531110169196], [-49.277314088235656, -27.547515535985244], [-49.277351063400694, -27.54748348333658], [-49.27737005820943, -27.547434952237303], [-49.277371072675386, -27.54736994269515], [-49.277390067453055, -27.54732141159109], [-49.277427042528885, -27.54728935891735], [-49.27748199790544, -27.547273784659854], [-49.277554933601344, -27.54727468879813], [-49.27760988895533, -27.547259114488828], [-49.27764686394876, -27.547227061752427], [-49.27766585857909, -27.547178530603016], [-49.277666872859854, -27.54711352104832], [-49.27768586745911, -27.547064989894118], [-49.27772284236335, -27.54703293713264], [-49.277777797575105, -27.547017362749813], [-49.27785073311301, -27.547018266725136], [-49.2779056883022, -27.547002692290498], [-49.27794266312404, -27.54697063946636], [-49.277961657575965, -27.54692210826681], [-49.277962671671524, -27.54685709869961], [-49.27798166609239, -27.546808567495265], [-49.278018640825024, -27.54677651464605], [-49.27807359587198, -27.54676094013787], [-49.27814653125189, -27.546761843950264], [-49.278201486276274, -27.54674626939029], [-49.27823846092651, -27.54671421647842], [-49.27825745520004, -27.54666568522873], [-49.27825846911041, -27.546600675648985], [-49.27824099572924, -27.54655169253061], [-49.27820503507517, -27.546518735867725], [-49.27815058715074, -27.546501805646237], [-49.278077651942425, -27.546500901843807], [-49.2780237110697, -27.546451466786998], [-49.277988764573195, -27.546353500499055], [-49.277972812440126, -27.546207002992134], [-49.27797585460441, -27.546011974267355], [-49.27795990251184, -27.545865476755125], [-49.27792495622852, -27.545767510454315], [-49.27787101576718, -27.545718075352767], [-49.27779808108725, -27.54571717142724], [-49.277743633622855, -27.5457002410653], [-49.27770767338756, -27.54566728428929], [-49.2776902003788, -27.545618301113283], [-49.277691214577956, -27.545553291543186], [-49.27767374159176, -27.54550430836552], [-49.277637781438855, -27.54547135157438], [-49.27758333412179, -27.545454421155725], [-49.27751039962704, -27.545453517087182], [-49.27745595234104, -27.545436586619832], [-49.27741999227733, -27.54540362977601], [-49.27740251943336, -27.545354646569795], [-49.27740353379049, -27.54528963700708], [-49.27731312662309, -27.545239749633588], [-49.27713129802944, -27.545204984275063], [-49.2768580480427, -27.545185340573273], [-49.27649337663093, -27.545180817985848], [-49.276219619365975, -27.54519367779873], [-49.27603677611893, -27.545223920544913], [-49.275944846856596, -27.545271546582647], [-49.27594383164155, -27.545336556095528], [-49.275906603034585, -27.545384860770987], [-49.27583316100801, -27.54541646057882], [-49.275723505568195, -27.545431355461922], [-49.275577636755614, -27.54542954533623], [-49.27546798127984, -27.545444440015395], [-49.2753945391004, -27.545476039583498], [-49.27535731021091, -27.545524344097622], [-49.275356294639074, -27.545589353587975], [-49.27533729932505, -27.545637884398154], [-49.275300324255305, -27.545669936520397], [-49.27524536943239, -27.545685509940604], [-49.275172434874946, -27.545684604638332], [-49.2751179878885, -27.545667673266262], [-49.275082028486594, -27.54563471584673], [-49.27506455666667, -27.54558573239383], [-49.27506557241009, -27.545520722913444], [-49.27502986701023, -27.545471513112638], [-49.27495744050375, -27.545438102964912], [-49.274848292897005, -27.545420492413204], [-49.27470242416615, -27.54541868136969], [-49.2745932766307, -27.545401070620283], [-49.27452085031453, -27.545367660252783], [-49.274485145211244, -27.5453184503243], [-49.27448616128421, -27.5452534408613], [-49.2744686897837, -27.545204457345772], [-49.27443273072837, -27.54517149977184], [-49.274378284120765, -27.545154568125437], [-49.274305349947355, -27.545153662384205], [-49.27425090337082, -27.54513673068912], [-49.27421494440469, -27.5451037730625], [-49.2741974730464, -27.545054789518453], [-49.27419848927731, -27.544989780062867], [-49.27418101794157, -27.544940796517142], [-49.274145059057815, -27.544907838875446], [-49.274090612628605, -27.544890907123648], [-49.27401767864041, -27.544890001239427], [-49.273963486332825, -27.54485681707671], [-49.273928035733555, -27.544791354658372], [-49.273911326836206, -27.544693613997815], [-49.2739133596003, -27.54456359509887], [-49.27396958444231, -27.544466760370568], [-49.27408000127915, -27.54440310974424], [-49.27424461012742, -27.544372643091755], [-49.27446341110345, -27.544375360225626], [-49.27462776584302, -27.544361145481062], [-49.27473767428002, -27.544329999048717], [-49.27479313640166, -27.544281921057426], [-49.274794152248546, -27.54421691157415], [-49.27492254783119, -27.544169738981772], [-49.27517832307017, -27.544140402922743], [-49.27556147802937, -27.544128902694666], [-49.27607201291582, -27.544135237250188], [-49.27645466047393, -27.544156239322454], [-49.276709420721836, -27.544191909971907], [-49.276836293595736, -27.544242249900936], [-49.27683527894987, -27.544307259454023], [-49.27688921827088, -27.544356694914566], [-49.27699811161469, -27.544390556221227], [-49.27716195899403, -27.544408843245183], [-49.27738076037852, -27.544411555790152], [-49.27754511499548, -27.54439733757898], [-49.2776550227788, -27.544366188802343], [-49.27771048371574, -27.54431810958906], [-49.27771149784688, -27.54425310000609], [-49.27773049186207, -27.54420456880329], [-49.27776746574778, -27.54417251597288], [-49.27782241950654, -27.5441569415008], [-49.277895353157, -27.544157845366566], [-49.277951067380314, -27.544093513648146], [-49.27798956210004, -27.54396394636136], [-49.278010837294495, -27.543769143516705], [-49.278014892996794, -27.54350910511933], [-49.27799970146301, -27.54331385037412], [-49.27796526278872, -27.54318337928342], [-49.2779115769956, -27.543117691836766], [-49.27783864403142, -27.54311678801084], [-49.27778445132897, -27.54308360531801], [-49.27774899891597, -27.543018143781204], [-49.27773228678604, -27.542920403413767], [-49.27773431489873, -27.54279038421956], [-49.277754069144066, -27.542693095792576], [-49.27779154949819, -27.542628538125232], [-49.27784675596747, -27.54259671120415], [-49.277919688588526, -27.542597615010163], [-49.27797489500781, -27.54256578803561], [-49.27801237518867, -27.542501230299656], [-49.278032129124746, -27.54240394181569], [-49.278034156839915, -27.542273922591306], [-49.27805391070475, -27.542176634098453], [-49.27809139069536, -27.542112076329577], [-49.27814659681812, -27.542080249271283], [-49.27821952910966, -27.542081152904423], [-49.278273974904295, -27.542098083009886], [-49.27830993421555, -27.54213103960998], [-49.27832740704088, -27.542180022718814]]]}, "properties": {"classe": "Media"}}, {"type": "Feature", "geometry": {"type": "Polygon", "coordinates": [[[-49.27958747706452, -27.554939969946698], [-49.27958646357731, -27.555004979493933], [-49.27960393868848, -27.555053962474624], [-49.27963990241666, -27.555086918882918], [-49.2796943547644, -27.555103848704658], [-49.27976729571815, -27.55510475191754], [-49.27982149475802, -27.555137934079042], [-49.27985695191172, -27.55520339521206], [-49.279873667172886, -27.555301135329955], [-49.27987164050106, -27.555431154436604], [-49.27985188517849, -27.555528442975586], [-49.27981440118129, -27.555593000939293], [-49.27975918851582, -27.55562482831434], [-49.27968624721871, -27.55562392508155], [-49.27963179462026, -27.555606995246162], [-49.279595830733996, -27.555574038830514], [-49.279578355557376, -27.55552505584869], [-49.27957936907176, -27.555460046306596], [-49.279561893917716, -27.55541106332311], [-49.2795259301139, -27.55537810689233], [-49.27947147766284, -27.55536117700018], [-49.27939853655101, -27.55536027362431], [-49.279344084131026, -27.555343343683447], [-49.27930812041643, -27.555310387199945], [-49.27929064540469, -27.555261404187892], [-49.27929165907716, -27.55519639465319], [-49.27927418408799, -27.55514741163945], [-49.279238220455845, -27.555114455140828], [-49.27918376818325, -27.555097525143204], [-49.27911082725669, -27.555096621624248], [-49.279056375015166, -27.555079691577927], [-49.27902041147225, -27.55504673502656], [-49.27900293662538, -27.554997751984278], [-49.27900395045593, -27.554932742456952], [-49.279041181217174, -27.554884437099936], [-49.279114628881395, -27.55485283588305], [-49.27922429345497, -27.554837938749138], [-49.279370174978375, -27.55483974561411], [-49.279479332743534, -27.554857353048593], [-49.279551766774375, -27.554890761140403], [-49.27958747706452, -27.554939969946698]]]}, "properties": {"classe": "Alta"}}, {"type": "Feature", "geometry": {"type": "Polygon", "coordinates": [[[-49.27842853733351, -27.554405436436163], [-49.27842752318683, -27.55447044594873], [-49.27844499770396, -27.554519429051478], [-49.278480960903536, -27.554552385738514], [-49.27853541278812, -27.554569315995764], [-49.27860835334416, -27.554570219800876], [-49.27866280525981, -27.55458715000942], [-49.27869876854864, -27.55462010664374], [-49.27871624320805, -27.55466908971793], [-49.278715229219436, -27.554734099237887], [-49.27873270390143, -27.554783082310394], [-49.27876866727268, -27.554816038929612], [-49.27882311933573, -27.554832969081392], [-49.27889606007704, -27.554833872743426], [-49.27895051217116, -27.554850802846513], [-49.27898647563163, -27.55488375941298], [-49.27900395045593, -27.554932742456952], [-49.27900293662538, -27.554997751984278], [-49.27902041147225, -27.55504673502656], [-49.279056375015166, -27.555079691577927], [-49.27911082725669, -27.555096621624248], [-49.27918376818325, -27.555097525143204], [-49.279238220455845, -27.555114455140828], [-49.27927418408799, -27.55514741163945], [-49.27929165907716, -27.55519639465319], [-49.27929064540469, -27.555261404187892], [-49.27930812041643, -27.555310387199945], [-49.279344084131026, -27.555343343683447], [-49.27939853655101, -27.55536027362431], [-49.27947147766284, -27.55536117700018], [-49.2795259301139, -27.55537810689233], [-49.279561893917716, -27.55541106332311], [-49.27957936907176, -27.555460046306596], [-49.279578355557376, -27.55552505584869], [-49.279595830733996, -27.555574038830514], [-49.27963179462026, -27.555606995246162], [-49.27968624721871, -27.55562392508155], [-49.27975918851582, -27.55562482831434], [-49.2798133877996, -27.555658010488184], [-49.279848845097796, -27.55572347162601], [-49.27986556040403, -27.555821211741176], [-49.279863533677855, -27.555951230837547], [-49.279880249020124, -27.55604897095006], [-49.279915706471314, -27.556114432074843], [-49.2799699060378, -27.556147614198505], [-49.28004284769184, -27.55614851729815], [-49.2800973006252, -27.55616544698619], [-49.28013326485142, -27.556198403284938], [-49.280150740367965, -27.55624738620852], [-49.28014972715617, -27.556312395762795], [-49.28013073179512, -27.556360927169077], [-49.28009375427126, -27.556392980419645], [-49.28003879458715, -27.55640855550035], [-49.27996585276142, -27.55640765239076], [-49.27991063971489, -27.55643947980583], [-49.27987315541092, -27.556504037764746], [-49.27985339984311, -27.556601326280873], [-49.2798513730354, -27.55673134536181], [-49.27974043977763, -27.556827504824366], [-49.27952059990726, -27.55688980440051], [-49.27919185347523, -27.55691824357468], [-49.27875420074608, -27.556912821583758], [-49.27842646840631, -27.55687624944187], [-49.27820865657769, -27.556808527934542], [-49.278100765209224, -27.55670965757732], [-49.27810279407715, -27.55657963861583], [-49.27812255116971, -27.556482350418857], [-49.27816003646301, -27.556417792978788], [-49.2782152499634, -27.556385966282274], [-49.27828819170757, -27.556386870310128], [-49.27834391229709, -27.556322538814175], [-49.27838241165547, -27.556192971810265], [-49.278403689761056, -27.555998169308918], [-49.27840774664698, -27.555738131315238], [-49.278392553977575, -27.555542876832288], [-49.278358111848455, -27.555412405862413], [-49.27830442028131, -27.555346718395135], [-49.278231479223855, -27.555345814407115], [-49.27817778776506, -27.555280126895212], [-49.27814334595719, -27.55514965588273], [-49.27812815377856, -27.554954401380165], [-49.27813221113356, -27.55469436338517], [-49.27815348923739, -27.554499560889024], [-49.278191988056925, -27.55436999388659], [-49.278247707613836, -27.554305662367398], [-49.278320647984614, -27.554306566315578], [-49.278375099721806, -27.554323496629586], [-49.278411062838956, -27.554356453331742], [-49.27842853733351, -27.554405436436163]]]}, "properties": {"classe": "Media"}}, {"type": "Feature", "geometry": {"type": "Polygon", "coordinates": [[[-49.28014212795946, -27.556799967399403], [-49.28013807497642, -27.557060005590813], [-49.280116799605956, -27.557254808460062], [-49.28007830181489, -27.557384376002062], [-49.280022581624884, -27.55744870820629], [-49.27994963911241, -27.557447805056896], [-49.279895185583285, -27.557430875286077], [-49.279859221051055, -27.557397918916134], [-49.279841745513174, -27.557348935961205], [-49.279842758951006, -27.55728392642716], [-49.27982528343571, -27.55723494347055], [-49.279789318985934, -27.557201987085502], [-49.27973486560422, -27.5571850572579], [-49.279661923277025, -27.557184153965405], [-49.27960696314112, -27.557199728852716], [-49.27956998517786, -27.557231781940306], [-49.27955098938469, -27.557280313242273], [-49.27954997577517, -27.557345322766377], [-49.279530979950934, -27.55739385406355], [-49.27949400189843, -27.557425907126078], [-49.27943904162021, -27.557441481939822], [-49.27936609913491, -27.557440578484336], [-49.27931164571202, -27.55742364848891], [-49.27927568136507, -27.557390691975872], [-49.27925820609153, -27.55734170895935], [-49.27925921987274, -27.557276699445197], [-49.279187037869114, -27.557227038766115], [-49.27904166015715, -27.55719272681139], [-49.278823086758514, -27.557173763351713], [-49.27853131764005, -27.557170148039084], [-49.2783127444199, -27.557151183782082], [-49.278167367131196, -27.55711687092867], [-49.27809518575228, -27.557067209708176], [-49.278096200206654, -27.55700220023128], [-49.2782063742184, -27.556954799269384], [-49.27842570771581, -27.556925006558963], [-49.27875420074608, -27.556912821583758], [-49.27919185347523, -27.55691824357468], [-49.27952059990726, -27.55688980440051], [-49.27974043977763, -27.556827504824366], [-49.2798513730354, -27.55673134536181], [-49.27985339984311, -27.556601326280873], [-49.27987315541092, -27.556504037764746], [-49.27991063971489, -27.55643947980583], [-49.27996585276142, -27.55640765239076], [-49.28003879458715, -27.55640855550035], [-49.2800924877062, -27.556474242358256], [-49.28012693217085, -27.55660471298777], [-49.28014212795946, -27.556799967399403]]]}, "properties": {"classe": "Alta"}}, {"type": "Feature", "geometry": {"type": "Polygon", "coordinates": [[[-49.28073123566291, -27.556449637919624], [-49.280728197016884, -27.55664466663443], [-49.28074415353903, -27.556791163850857], [-49.28077910529547, -27.556889129567786], [-49.28083305229894, -27.55693856377306], [-49.280905994508785, -27.556939466443414], [-49.280959941595285, -27.55698890060275], [-49.28099489359907, -27.557086866274325], [-49.28101085050742, -27.55723336347029], [-49.281007812254224, -27.55742839219178], [-49.28102376920316, -27.557574889382426], [-49.28105872142035, -27.5576728550411], [-49.281112668918524, -27.55772228915562], [-49.28118561165703, -27.557723191702753], [-49.28123905292056, -27.55780513056005], [-49.28127299277179, -27.5579681057507], [-49.28128743117762, -27.558212117283006], [-49.28128236800919, -27.558537165150447], [-49.28126033471657, -27.558780725411538], [-49.28122133126766, -27.558942798063484], [-49.28116535769554, -27.559023383097955], [-49.28109241409854, -27.55902248050111], [-49.281037453201115, -27.55903805591809], [-49.281000474984644, -27.55907010936936], [-49.28098147944657, -27.55911864086905], [-49.28098046660044, -27.559183650424867], [-49.28096147103128, -27.559232181919768], [-49.28092449272556, -27.559264235345985], [-49.280869531685816, -27.559279810689404], [-49.28079658793069, -27.55927890792955], [-49.28074162686834, -27.559294483221144], [-49.28070464848016, -27.559326536584653], [-49.28068565276359, -27.559375068034207], [-49.28068463973217, -27.559440077577527], [-49.280647408012875, -27.559488383307585], [-49.280573957577964, -27.55951998519416], [-49.280464288433805, -27.55953488318012], [-49.28031840062087, -27.559533077181342], [-49.28020873144067, -27.559547974963266], [-49.28013528085274, -27.55957957660999], [-49.28009804885068, -27.55962788217868], [-49.28009703546226, -27.559692891699523], [-49.280059803402935, -27.559741197254695], [-49.27998635264498, -27.55977279881397], [-49.279876683194765, -27.559787696320203], [-49.27973079509277, -27.559785889689277], [-49.27962112560651, -27.55980078699146], [-49.279547674695536, -27.55983238831087], [-49.279510442353455, -27.559880693704663], [-49.27950942860801, -27.559945703203056], [-49.27949043225258, -27.55999423445607], [-49.2794534532736, -27.56002628745597], [-49.27939849167362, -27.560041862188648], [-49.279325547471295, -27.560040958633632], [-49.279270585848735, -27.5600565333145], [-49.279233606787294, -27.560088586251695], [-49.27921461028442, -27.56013711745936], [-49.27921359635367, -27.560202126945228], [-49.279176363736276, -27.560250432234593], [-49.27910291240451, -27.560282033297277], [-49.27899324236474, -27.5602969300761], [-49.27884735365744, -27.56029512248697], [-49.278737683581646, -27.56031001906175], [-49.27866423209685, -27.560341619884547], [-49.2786269991967, -27.56038992501254], [-49.27862598490892, -27.560454934475896], [-49.27860698807106, -27.56050346558288], [-49.27857000866959, -27.560535518325736], [-49.27851504670705, -27.56055109269032], [-49.278442102202085, -27.560550188656197], [-49.27838714021696, -27.56056576296898], [-49.27835016073303, -27.560597815649118], [-49.27833116374773, -27.56064634671074], [-49.27833014927463, -27.560711356161576], [-49.278311152258254, -27.560759887218406], [-49.278274172685066, -27.56079193987348], [-49.2782192105576, -27.56080751411266], [-49.27814626589451, -27.560806609915513], [-49.27809003546647, -27.560903445904025], [-49.278050519151996, -27.561098022089748], [-49.27802771690391, -27.561390338478397], [-49.27802162874927, -27.561780395069693], [-49.27799882617968, -27.562072711416228], [-49.27795930916807, -27.562267287518225], [-49.277903077761586, -27.562364123370028], [-49.277830132081746, -27.562363218960034], [-49.27777491538727, -27.562395045335382], [-49.277737427641505, -27.56245960251525], [-49.27771766883808, -27.56255689051301], [-49.27771563900088, -27.56268690933628], [-49.27769588012613, -27.56278419732518], [-49.27765839218993, -27.56284875447208], [-49.27760317519863, -27.562880580763622], [-49.27753022918892, -27.562879676180625], [-49.277475265915825, -27.56289525006849], [-49.2774382853607, -27.56292730244767], [-49.277419287520985, -27.562975833332292], [-49.27741827241024, -27.563040842730114], [-49.27739927453944, -27.563089373609944], [-49.27736229389504, -27.56312142596406], [-49.27730733047959, -27.56313699977832], [-49.277234384311754, -27.563136095032274], [-49.27717942087372, -27.56315166879471], [-49.27714244014686, -27.5631837210861], [-49.2771234421286, -27.563232251920564], [-49.27712242683249, -27.563297261305838], [-49.27710342878315, -27.563345792135504], [-49.27706644796701, -27.56337784440182], [-49.27701148438662, -27.563393418090655], [-49.27693853806065, -27.563392513181554], [-49.276883574457685, -27.56340808681857], [-49.27684659355908, -27.563440139022166], [-49.27682759536227, -27.56348866980646], [-49.27682657988081, -27.563553679179186], [-49.27680758165291, -27.563602209958695], [-49.276770600665024, -27.56363426213721], [-49.27671563691971, -27.563649835700634], [-49.27664269043561, -27.56364893062847], [-49.27658772666771, -27.56366450414006], [-49.276550745597355, -27.56369655625587], [-49.27653174722199, -27.56374508698999], [-49.27653073155517, -27.563810096350178], [-49.276511733148716, -27.56385862707952], [-49.276474751989085, -27.563890679170232], [-49.276419788078826, -27.563906252608223], [-49.2763468414366, -27.563905347373012], [-49.27629187750376, -27.563920920759163], [-49.27625489626166, -27.563952972787167], [-49.27623589770774, -27.56400150347112], [-49.27623488185555, -27.564066512818776], [-49.27621588327054, -27.564115043497935], [-49.27617890193916, -27.56414709550084], [-49.276123937863964, -27.5641626688134], [-49.276050991063606, -27.56416176341513], [-49.275994756963925, -27.564258598347976], [-49.2759552354434, -27.564453173623534], [-49.27593242645478, -27.564745489247464], [-49.275926330025065, -27.565135545219555], [-49.275903520714714, -27.565427860801357], [-49.27586399849671, -27.565622435993127], [-49.27580776341831, -27.565719270789202], [-49.27573481560104, -27.565718365178], [-49.27568035880322, -27.565701433616237], [-49.27564439303841, -27.565668476126273], [-49.275626918304056, -27.56561949272222], [-49.27562793458149, -27.565554483409937], [-49.27559222295232, -27.565505273580698], [-49.27551978345319, -27.565471863208014], [-49.275410616090504, -27.56545425223473], [-49.27526472084036, -27.56545244057296], [-49.27515555354903, -27.565434829401806], [-49.275083114240395, -27.565401418809138], [-49.275047402908086, -27.565352208852115], [-49.27504841951542, -27.56528719955723], [-49.27503094510082, -27.56523821609047], [-49.274994979682944, -27.565205258445957], [-49.27494052326434, -27.565188326609604], [-49.27486757583148, -27.565187420559052], [-49.27481311944398, -27.56517048867398], [-49.274777154115384, -27.565137530976738], [-49.27475967984314, -27.56508854748143], [-49.27476069660861, -27.56502353819394], [-49.2747796960022, -27.564975007756463], [-49.274816678010374, -27.564942956161214], [-49.27487164263569, -27.56492738339413], [-49.27494458989679, -27.564928289434704], [-49.27499980865398, -27.5648964642915], [-49.27503729887057, -27.564831907983674], [-49.27505706054018, -27.564734620524646], [-49.27505909368669, -27.564604601922], [-49.275042381790534, -27.56450686148017], [-49.27500692489222, -27.56444139919531], [-49.27495272299812, -27.564408215054026], [-49.27487977608052, -27.564407309033406], [-49.27482608259203, -27.564341620196718], [-49.274791642584916, -27.564211148567285], [-49.27477645603744, -27.564015894155617], [-49.27478052285391, -27.56375585695936], [-49.27476533634243, -27.56356060253803], [-49.274730896598726, -27.563430130893998], [-49.27467720364451, -27.563364442016752], [-49.27460425742753, -27.563363535882964], [-49.27454980197101, -27.563346603933464], [-49.27451383728853, -27.563313646190583], [-49.2744963633775, -27.563264662668452], [-49.27449738021928, -27.563199653372937], [-49.274425196779454, -27.56314999017951], [-49.27427981313458, -27.56311567297748], [-49.27406122930636, -27.563096701537454], [-49.273769445261756, -27.56309307551137], [-49.27355111596023, -27.563057850957705], [-49.273406241497355, -27.5629910282279], [-49.27333482184755, -27.562892607550616], [-49.273336856864105, -27.562762589031742], [-49.27328367383993, -27.562664395032783], [-49.27317527288505, -27.562598025496225], [-49.2730116540161, -27.5625634802939], [-49.272792817156315, -27.562560759226894], [-49.272628944009824, -27.56254246589117], [-49.27252003460702, -27.562508600483167], [-49.27246608893512, -27.562459163131795], [-49.27246710693814, -27.562394153898463], [-49.272449634073276, -27.562345170160896], [-49.272413670359214, -27.562312211913195], [-49.2723592157985, -27.562295279141278], [-49.2722862703776, -27.562294371822773], [-49.27223181584799, -27.562277439002134], [-49.272195852223206, -27.562244480701718], [-49.272178379500694, -27.562195496935608], [-49.27217939766179, -27.562130487709712], [-49.272070743372396, -27.56208036966642], [-49.271852416754065, -27.562045142553412], [-49.271524417854174, -27.562024805854303], [-49.27108674664589, -27.562019358788643], [-49.27075823857239, -27.56203152487988], [-49.27053889346729, -27.562061304897227], [-49.27042871128319, -27.56210869935707], [-49.27042769209171, -27.56217370852297], [-49.27040869137099, -27.562222238317883], [-49.27037170910748, -27.562254288734024], [-49.270316745303745, -27.56226985975731], [-49.27024379997846, -27.562268951367262], [-49.27018934582109, -27.56225201776046], [-49.270153382845166, -27.562219058959272], [-49.27013591104815, -27.56217007497778], [-49.270136930411354, -27.562105065821882], [-49.27011945863689, -27.562056081838712], [-49.27008349574343, -27.562023123022414], [-49.27002904173351, -27.56200618935888], [-49.26995609659362, -27.562005280825762], [-49.269901642614805, -27.56198834711353], [-49.26986567981062, -27.5619553882445], [-49.269848208178495, -27.561906404232822], [-49.26984922769976, -27.56184139508435], [-49.26975881109923, -27.561791502440766], [-49.26957695847533, -27.561756726127747], [-49.269303669861394, -27.561737065786755], [-49.26893894522564, -27.561732520875076], [-49.268665656857834, -27.56171285928619], [-49.26848380478975, -27.561678081562786], [-49.268393388988045, -27.56162818806345], [-49.26839440935427, -27.56156317896245], [-49.26837693843844, -27.56151419479588], [-49.268340976259225, -27.56148123555784], [-49.268286522819196, -27.561464301234214], [-49.268213578104806, -27.561463391802675], [-49.26815912469588, -27.561446457430353], [-49.268123162605946, -27.5614134981396], [-49.268105691832446, -27.56136451394451], [-49.268106712356705, -27.561299504850965], [-49.2681439500321, -27.561251202775573], [-49.26821740483091, -27.561219607688113], [-49.268327076759554, -27.56120471953142], [-49.26847296585857, -27.561206538221395], [-49.268582637751294, -27.561191649860632], [-49.2686560923972, -27.56116005453323], [-49.26869332978986, -27.561111752296345], [-49.268694349957, -27.56104674318018], [-49.26874982339882, -27.560998668219725], [-49.26885975007472, -27.560967527347923], [-49.269024129997526, -27.56095332043587], [-49.26924296323347, -27.560956047292773], [-49.26940683324508, -27.56097434449487], [-49.2695157400627, -27.561008212238594], [-49.26956968367352, -27.561057650652838], [-49.269568664021534, -27.56112265979904], [-49.269640843854035, -27.56117232536994], [-49.26978622324758, -27.561206647254895], [-49.27000480222396, -27.56122562522452], [-49.27029658075016, -27.561229258930783], [-49.27051566945577, -27.561215731514284], [-49.270662068244974, -27.561185043315586], [-49.270735777096014, -27.561137194564033], [-49.270736796061115, -27.56107218537781], [-49.27081050480376, -27.561024336580903], [-49.27095690327173, -27.56099364805508], [-49.27117599148679, -27.560980119571006], [-49.27146776954472, -27.560983750788132], [-49.27168685772395, -27.560970221494138], [-49.271833255928726, -27.560939532029597], [-49.271906964137266, -27.560891682623826], [-49.27190798240183, -27.560826673395063], [-49.27196345440066, -27.560778597079807], [-49.272073380093175, -27.560747453611047], [-49.27223775949215, -27.56073324285988], [-49.2724565926638, -27.56073596463551], [-49.27262097202238, -27.5607217534276], [-49.27273089750167, -27.560690609426914], [-49.272786369088884, -27.560642532762404], [-49.27278738682464, -27.560577523501085], [-49.272824622260394, -27.56052922006029], [-49.272898075368424, -27.560497622409827], [-49.27300774615514, -27.56048273049253], [-49.273153634661035, -27.560484544224295], [-49.27326330541179, -27.56046965210294], [-49.27333675836687, -27.560438054212554], [-49.27337399351988, -27.560389750610327], [-49.27337501089856, -27.560324741326458], [-49.27344871805911, -27.56027689104869], [-49.27359511494929, -27.560246199658863], [-49.273814201590824, -27.560232666927604], [-49.27410597807945, -27.56023629251439], [-49.27432455627815, -27.560255263632076], [-49.274469936220015, -27.560289580628663], [-49.274542117883314, -27.56033924373352], [-49.274541101191495, -27.56040425305732], [-49.27461328296104, -27.560453916129298], [-49.274758663268486, -27.560488232838754], [-49.27497724213556, -27.560507202956305], [-49.27526901952916, -27.560510826133957], [-49.275488106645156, -27.56049729077663], [-49.27563450338787, -27.56046659722486], [-49.27570820973557, -27.560418745708034], [-49.27570922574052, -27.560353736344318], [-49.27572822380114, -27.560305205689946], [-49.27576520390388, -27.560273153737196], [-49.2758201660513, -27.560257580471927], [-49.27589311026204, -27.5602584858737], [-49.275948580315344, -27.560210407869906], [-49.27598657615525, -27.56011334647817], [-49.27600709776898, -27.559967301710685], [-49.276010145186966, -27.559772273574158], [-49.2760306666802, -27.559626228792006], [-49.276068662218265, -27.559529167357507], [-49.27612413181394, -27.559481089258455], [-49.276197075523164, -27.559481994477245], [-49.27625229112993, -27.559450168670747], [-49.276289778597544, -27.559385611858136], [-49.276309537919644, -27.559288324052787], [-49.27631156912012, -27.559158305262315], [-49.276331328370894, -27.55906101744808], [-49.276368815648084, -27.558996460602504], [-49.27642403095806, -27.558964634712193], [-49.276496974337505, -27.55896553975798], [-49.276552697319715, -27.55890120911098], [-49.27659119982821, -27.558771642787036], [-49.27661248184126, -27.55857684079665], [-49.276616543392, -27.55831680314495], [-49.27660135381237, -27.558121548664015], [-49.27656691319802, -27.557991077356174], [-49.27651322157066, -27.557925389210975], [-49.27644027887802, -27.55792448420507], [-49.27638582573566, -27.557907553073008], [-49.27634986215712, -27.557874595837145], [-49.27633238813984, -27.55782561251157], [-49.276333403665184, -27.557760603102203], [-49.27631592967048, -27.557711619774945], [-49.27627996617438, -27.557678662523983], [-49.27622551317943, -27.557661731335163], [-49.27615257067211, -27.557660826186172], [-49.27609811770825, -27.55764389494866], [-49.2760621543014, -27.557610937644952], [-49.276044680449004, -27.557561954289174], [-49.27604569613243, -27.55749694488718], [-49.27602822230261, -27.557447961529718], [-49.2759922589782, -27.55741500421091], [-49.27593780616176, -27.557398072916634], [-49.27586486383974, -27.557397167624558], [-49.27581041105438, -27.557380236281595], [-49.27577444781922, -27.557347278910044], [-49.27575697413171, -27.55729829552404], [-49.275757989973194, -27.557233286129442], [-49.275740516308254, -27.557184302741767], [-49.275704553155535, -27.557151345355113], [-49.27565010051759, -27.557134413955392], [-49.275577158380884, -27.55713350852024], [-49.27552295976725, -27.557100324724804], [-49.27548750470441, -27.55703486259201], [-49.275470793185974, -27.5569371221352], [-49.27547282517145, -27.556807103358253], [-49.27549258461445, -27.556709815646517], [-49.27553007149108, -27.556645258992408], [-49.27558528580774, -27.556613433382545], [-49.27565822760108, -27.556614338797736], [-49.2757126799883, -27.55663127018379], [-49.27574864298296, -27.556664227563054], [-49.27576611658249, -27.556713210949603], [-49.27576510076825, -27.556778220349337], [-49.27580080987558, -27.55682743006732], [-49.275873243941135, -27.556860840077082], [-49.275982402971316, -27.55687845032149], [-49.27612828694222, -27.5568802607127], [-49.27623744604371, -27.5568978707593], [-49.27630988029968, -27.55693128054917], [-49.27634558970375, -27.556980490139406], [-49.27634457421926, -27.55704549955652], [-49.27643499027952, -27.55709538790235], [-49.27661683798289, -27.557130155002607], [-49.27689011736254, -27.55714980049882], [-49.27725482838649, -27.557154323848387], [-49.27752861540863, -27.557141463368726], [-49.27771147829997, -27.55711121959312], [-49.277803417027364, -27.557063592880024], [-49.27780443165342, -27.55699858341309], [-49.27782342814566, -27.55695005238108], [-49.27786040649055, -27.556917999776225], [-49.277915366690635, -27.556902425584447], [-49.27798830876456, -27.556903329785264], [-49.278042761702196, -27.556920260279814], [-49.27807872551707, -27.556953217090456], [-49.278096200206654, -27.55700220023128], [-49.27809518575228, -27.557067209708176], [-49.278167367131196, -27.55711687092867], [-49.2783127444199, -27.557151183782082], [-49.27853131764005, -27.557170148039084], [-49.278823086758514, -27.557173763351713], [-49.27904166015715, -27.55719272681139], [-49.279187037869114, -27.557227038766115], [-49.27925921987274, -27.557276699445197], [-49.27925820609153, -27.55734170895935], [-49.27927568136507, -27.557390691975872], [-49.27931164571202, -27.55742364848891], [-49.27936609913491, -27.557440578484336], [-49.27943904162021, -27.557441481939822], [-49.27949400189843, -27.557425907126078], [-49.279530979950934, -27.55739385406355], [-49.27954997577517, -27.557345322766377], [-49.27955098938469, -27.557280313242273], [-49.27956998517786, -27.557231781940306], [-49.27960696314112, -27.557199728852716], [-49.279661923277025, -27.557184153965405], [-49.27973486560422, -27.5571850572579], [-49.279789318985934, -27.557201987085502], [-49.27982528343571, -27.55723494347055], [-49.279842758951006, -27.55728392642716], [-49.279841745513174, -27.557348935961205], [-49.279859221051055, -27.557397918916134], [-49.279895185583285, -27.557430875286077], [-49.27994963911241, -27.557447805056896], [-49.280022581624884, -27.55744870820629], [-49.28007830181489, -27.557384376002062], [-49.280116799605956, -27.557254808460062], [-49.28013807497642, -27.557060005590813], [-49.28014212795946, -27.556799967399403], [-49.28016340315149, -27.556605164508042], [-49.28020190051936, -27.5564755969116], [-49.28025762008471, -27.556411264599582], [-49.280330561924025, -27.556412167556132], [-49.280385521575404, -27.556396592358155], [-49.28042249902021, -27.556364539026095], [-49.280441494255896, -27.556316007574086], [-49.28044250729601, -27.55625099800986], [-49.28046150250062, -27.55620246655306], [-49.28049847985619, -27.556170413195947], [-49.280553439365264, -27.5561548379244], [-49.280626381046474, -27.55615574071797], [-49.28068032763829, -27.556205174968053], [-49.280715279181344, -27.55630314069787], [-49.28073123566291, -27.556449637919624]]]}, "properties": {"classe": "Media"}}, {"type": "Feature", "geometry": {"type": "Polygon", "coordinates": [[[-49.27620592863669, -27.56591927895658], [-49.276203896728006, -27.5660492976133], [-49.27623884684638, -27.566147264298248], [-49.27631077906646, -27.566213178987905], [-49.276419693398466, -27.56624704162582], [-49.276565589788184, -27.56624885212261], [-49.2766747581671, -27.56626646223019], [-49.2767471985591, -27.566299872036453], [-49.27678291095783, -27.566349081598563], [-49.27678189532659, -27.56641409094302], [-49.27679937068804, -27.566463074225588], [-49.27683533706084, -27.56649603144037], [-49.27688979444755, -27.566512962573288], [-49.276962742834606, -27.566513867601994], [-49.277016946377465, -27.56654705102395], [-49.277052405103866, -27.566612512862076], [-49.27706911900743, -27.566710253129756], [-49.277067088047644, -27.566840271830856], [-49.27704732765073, -27.566937559611706], [-49.27700983779277, -27.56700211646472], [-49.276954618480154, -27.5670339423765], [-49.27688166974955, -27.567033037327864], [-49.27682645038687, -27.567064863186133], [-49.27678896035544, -27.567129419970474], [-49.27676919964886, -27.56722670769429], [-49.276767168291066, -27.567356726365162], [-49.276747407513156, -27.567454014080077], [-49.276709917291214, -27.567518570831457], [-49.276654697631635, -27.567550396605895], [-49.2765817485711, -27.567549491384206], [-49.27652729073584, -27.56753256011162], [-49.27649132413942, -27.567499602810447], [-49.27647384877928, -27.567450619494835], [-49.27647486463677, -27.56738561017066], [-49.27645738929922, -27.56733662685337], [-49.27642142278528, -27.567303669537097], [-49.27636696509752, -27.56728673820771], [-49.27629401622238, -27.567285832842884], [-49.276239558565706, -27.567268901464786], [-49.276203592141066, -27.567235944095756], [-49.2761861169459, -27.567186960749908], [-49.276187132961546, -27.56712195143311], [-49.276169657788955, -27.567072968085583], [-49.276133691446795, -27.567040010701433], [-49.27607923393762, -27.567023079266548], [-49.27600628524788, -27.56702217375858], [-49.27595208180657, -27.566988989947415], [-49.27591662364146, -27.566923527855987], [-49.27589991074614, -27.566825787497667], [-49.275901943080115, -27.566695768876325], [-49.2758852302208, -27.56659802851536], [-49.27584977220873, -27.566532566410896], [-49.27579556905027, -27.566499382549555], [-49.275722620717694, -27.566498476908425], [-49.27566816354362, -27.56648154532616], [-49.275632197541604, -27.566448587825104], [-49.27561472270908, -27.566399604419342], [-49.275615739027394, -27.566334595114782], [-49.27558002717123, -27.56628538527636], [-49.275507587177245, -27.566251974877623], [-49.27539841905184, -27.56623436386138], [-49.27525252277111, -27.566232552139756], [-49.2751436088644, -27.566198688603155], [-49.27507167738589, -27.56613277334098], [-49.275036728325354, -27.56603480640967], [-49.27503876160817, -27.565904787832753], [-49.275076760485575, -27.56580772689243], [-49.275150724903376, -27.56574362355773], [-49.27526065487179, -27.565712477772184], [-49.27540655046546, -27.565714289453904], [-49.27551571808238, -27.565731900441516], [-49.275588157746455, -27.565765310822876], [-49.2756238694513, -27.56581452065517], [-49.275622853160236, -27.565879529964892], [-49.27564032792731, -27.565928513369506], [-49.27567629377119, -27.565961470863176], [-49.27573075069443, -27.56597840243177], [-49.27580369868346, -27.56597930805295], [-49.275858663716946, -27.565963734914572], [-49.275895645776224, -27.5659316830371], [-49.275914644858744, -27.565883152434655], [-49.275915660978036, -27.56581814311496], [-49.27593466002946, -27.565769612507722], [-49.275971641999455, -27.565737560605168], [-49.27602660689057, -27.565721987393175], [-49.27609955472146, -27.56572289285128], [-49.276153757609976, -27.565756076584197], [-49.27618921558385, -27.56582153861483], [-49.27620592863669, -27.56591927895658]]]}, "properties": {"classe": "Media"}}, {"type": "Feature", "geometry": {"type": "Polygon", "coordinates": [[[-49.27409777342936, -27.570087008937662], [-49.274092686520646, -27.570412055017997], [-49.274070633529035, -27.5706556129056], [-49.27403161442259, -27.570817682597667], [-49.27397562923455, -27.570898264085873], [-49.273902678063344, -27.57089735735637], [-49.27384923662881, -27.570815415781713], [-49.27381530499358, -27.570652439385103], [-49.2738008831244, -27.570408428174865], [-49.27380597089213, -27.570083382144453], [-49.273828024278686, -27.569839824301276], [-49.27386704325213, -27.569677754642502], [-49.27392302784573, -27.56959717315983], [-49.27399597815792, -27.569598079839405], [-49.274049419166815, -27.569680021349253], [-49.27408335093504, -27.569842997712566], [-49.27409777342936, -27.570087008937662]]]}, "properties": {"classe": "Alta"}}, {"type": "Feature", "geometry": {"type": "Polygon", "coordinates": [[[-49.27557406718293, -27.568999976074206], [-49.27556695190544, -27.569455041008], [-49.27554337771155, -27.569796113225408], [-49.275503344583065, -27.570023192730446], [-49.27544685258386, -27.570136279520536], [-49.2753739018599, -27.570135373586638], [-49.27531842632658, -27.57018345105527], [-49.27528042592792, -27.570280511944077], [-49.275259900651136, -27.570426556265236], [-49.27525685052666, -27.57062158402549], [-49.2752363251293, -27.570767628331982], [-49.27519832442863, -27.570864689177988], [-49.275142848437426, -27.570912766551338], [-49.27506989721169, -27.57091186043438], [-49.2750141669247, -27.57097619006266], [-49.27497565749992, -27.57110575545205], [-49.274954368915616, -27.571300556613036], [-49.27495030120488, -27.571560593550775], [-49.27492901244183, -27.571755394689625], [-49.27489050259332, -27.571884960024477], [-49.2748347716811, -27.57194928954483], [-49.27476181978173, -27.571948383234812], [-49.2747068515857, -27.57196395578244], [-49.27466986707434, -27.571996007208217], [-49.27465086624509, -27.57204453752624], [-49.2746498491115, -27.572109546744258], [-49.27463084825114, -27.572158077057484], [-49.27459386365046, -27.57219012845815], [-49.27453889531201, -27.572205700932155], [-49.27446594325446, -27.572204794459015], [-49.27441072057311, -27.57223661918326], [-49.27437322723125, -27.57230117512409], [-49.27435346322251, -27.57239846229487], [-49.27435142857079, -27.572528480703227], [-49.27433166449067, -27.572625767865127], [-49.274294170958235, -27.572690323772967], [-49.274238947979896, -27.57272214841335], [-49.27416599559234, -27.572721241767095], [-49.27411255315013, -27.572639300264917], [-49.274078620715905, -27.57247632393], [-49.27406419825643, -27.57223231277068], [-49.27406928564255, -27.571907266780396], [-49.274091339046976, -27.571663708946506], [-49.27413035843777, -27.571501639266188], [-49.27418634384818, -27.57142105773112], [-49.27425929537664, -27.57142196432745], [-49.27431451767656, -27.571390139643196], [-49.27435201071125, -27.571325583697536], [-49.27437177447431, -27.57122829650386], [-49.27437380898965, -27.571098278069773], [-49.27435709705329, -27.57100053761544], [-49.27432163870576, -27.570935075136994], [-49.27426743395344, -27.570901890621048], [-49.27419448276861, -27.570900984044684], [-49.274141295453816, -27.570802790269298], [-49.27410787208079, -27.57060730931771], [-49.274094212602215, -27.57031454119558], [-49.27410031685175, -27.569924485891462], [-49.274123132543565, -27.569632171048042], [-49.27416265965073, -27.569437596665544], [-49.27421889822053, -27.56934076273834], [-49.27429184837456, -27.569341669254804], [-49.27434681529081, -27.56932609680872], [-49.27438379895064, -27.569294045420556], [-49.27440279935147, -27.569245515104424], [-49.27440381650686, -27.5691805058681], [-49.27442281687659, -27.569131975547172], [-49.274459800447104, -27.56909992413391], [-49.27451476722097, -27.569084351614197], [-49.27458771721684, -27.569085257967565], [-49.27464268396812, -27.569069685396016], [-49.27467966745615, -27.569037633920008], [-49.27469866767837, -27.568989103553687], [-49.27469968464833, -27.568924094304794], [-49.27471868483945, -27.56887556393367], [-49.27475566823818, -27.56884351243259], [-49.27481063484706, -27.568827939787415], [-49.27488358468477, -27.568828845977674], [-49.274938551271084, -27.56881327328066], [-49.27497553458732, -27.56878122171683], [-49.274994534630935, -27.56873269130032], [-49.27499555141547, -27.568667682038868], [-49.27501455142798, -27.568619151617565], [-49.27505153465492, -27.568587100028648], [-49.27510650109883, -27.568571527258012], [-49.27517945077838, -27.568572433285176], [-49.27523441719972, -27.568556860462692], [-49.27527140034416, -27.568524808811055], [-49.27529040020917, -27.568476278344356], [-49.275291416808294, -27.568411269070353], [-49.2753104166422, -27.56836273859886], [-49.275347399697345, -27.568330686922113], [-49.27540236597629, -27.56831511402602], [-49.27547531549768, -27.56831601989009], [-49.27552824884348, -27.568430465507962], [-49.27556116609319, -27.568658450901825], [-49.27557406718293, -27.568999976074206]]]}, "properties": {"classe": "Media"}}, {"type": "Feature", "geometry": {"type": "Polygon", "coordinates": [[[-49.27404283030373, -27.57359750575421], [-49.274041812744656, -27.573662514936824], [-49.27402281131426, -27.573711045131944], [-49.273985825999, -27.573743096331818], [-49.27393085680141, -27.57375866852232], [-49.27385790374017, -27.57375776168298], [-49.27380293452, -27.57377333382163], [-49.27376594912223, -27.573805384958757], [-49.27374694754429, -27.57385391510847], [-49.273745929799745, -27.57391892427854], [-49.27372692819069, -27.573967454423457], [-49.273689942703584, -27.57399950553547], [-49.27363497334099, -27.57401507760049], [-49.27356202012157, -27.574014170598005], [-49.27350679626331, -27.57404599490127], [-49.27346930172954, -27.574110550529454], [-49.27344953651385, -27.574207837495955], [-49.273447500640145, -27.57433785580837], [-49.27342773535305, -27.57443514276597], [-49.273390240628686, -27.574499698361166], [-49.27333501647342, -27.574531522580543], [-49.27326206292396, -27.57453061540493], [-49.27320811133074, -27.574481178138775], [-49.273173161734405, -27.57438321080533], [-49.27315721412215, -27.57423671341679], [-49.27316026842775, -27.57404168597427], [-49.27318079741785, -27.573895642194344], [-49.27321880106203, -27.573798582070275], [-49.27327427937309, -27.573750505589892], [-49.27334723240703, -27.573751412735533], [-49.27340220167007, -27.573735840779754], [-49.27343918714353, -27.573703789743025], [-49.273458188824854, -27.57365525963946], [-49.27345920672759, -27.57359025047682], [-49.27349644660341, -27.573541947130103], [-49.27356990842456, -27.57351034956909], [-49.27367959219746, -27.573495457736588], [-49.27382549796261, -27.573497271548447], [-49.27393467289116, -27.57351488410186], [-49.274007117006995, -27.573548295484716], [-49.27404283030373, -27.57359750575421]]]}, "properties": {"classe": "Alta"}}, {"type": "Feature", "geometry": {"type": "Polygon", "coordinates": [[[-49.27463560888336, -27.573019675728997], [-49.27463255731896, -27.573214703352175], [-49.27464850683235, -27.573361200674775], [-49.27468345748974, -27.57345916769569], [-49.27473740930393, -27.573508604402722], [-49.27481036223425, -27.57350951077262], [-49.274864568399316, -27.573542695130833], [-49.27490002782687, -27.57360815750027], [-49.27491674051052, -27.573705897894325], [-49.274914706409746, -27.573835916316874], [-49.274876704217455, -27.573932976972547], [-49.27480273387945, -27.57399707983032], [-49.27469279540594, -27.574028224833736], [-49.2745468888716, -27.574026411900864], [-49.27443720464387, -27.5740413043988], [-49.27436374268222, -27.574072902411704], [-49.27432650298027, -27.574121205996768], [-49.27432548556576, -27.574186215184223], [-49.27430648415445, -27.574234745416266], [-49.27426949873281, -27.574266796685144], [-49.274214529303364, -27.574282368976753], [-49.27414157588482, -27.574281462270598], [-49.27408635204224, -27.57431328680481], [-49.27404885773893, -27.574377842598544], [-49.27402909296851, -27.574475129665224], [-49.27402705775488, -27.57460514801245], [-49.27398905449065, -27.574702208366915], [-49.273915083121594, -27.574766310697605], [-49.27380514365797, -27.574797454948044], [-49.27365923617443, -27.574795641036324], [-49.273549551095705, -27.574810532790703], [-49.27347608838124, -27.574842130295345], [-49.273438848024654, -27.57489043360745], [-49.27343783005369, -27.574955442757215], [-49.273418828106394, -27.575003972838648], [-49.27338184216922, -27.57503602384397], [-49.27332687224472, -27.575051595759078], [-49.27325391835158, -27.57505068856349], [-49.27319971199225, -27.5750175035714], [-49.27316425319446, -27.574952040805748], [-49.27314754195182, -27.574854300279913], [-49.2731495782238, -27.57472428199777], [-49.2731693438207, -27.574626995097255], [-49.273206838718615, -27.57456243957078], [-49.27326206292396, -27.57453061540493], [-49.27333501647342, -27.574531522580543], [-49.273390240628686, -27.574499698361166], [-49.27342773535305, -27.57443514276597], [-49.273447500640145, -27.57433785580837], [-49.27344953651385, -27.574207837495955], [-49.27346930172954, -27.574110550529454], [-49.27350679626331, -27.57404599490127], [-49.27356202012157, -27.574014170598005], [-49.27363497334099, -27.57401507760049], [-49.273689942703584, -27.57399950553547], [-49.27372692819069, -27.573967454423457], [-49.273745929799745, -27.57391892427854], [-49.27374694754429, -27.57385391510847], [-49.27376594912223, -27.573805384958757], [-49.27380293452, -27.57377333382163], [-49.27385790374017, -27.57375776168298], [-49.27393085680141, -27.57375866852232], [-49.2739860803982, -27.57372684403689], [-49.27402357449386, -27.57366228824587], [-49.274043339081985, -27.573565001162656], [-49.274045374186485, -27.57343498279485], [-49.27406513870322, -27.573337695702747], [-49.27410263260828, -27.573273139878744], [-49.27415785590808, -27.573241315309446], [-49.274230808639295, -27.573242221975665], [-49.27428603188901, -27.573210397352824], [-49.27432352562055, -27.573145841460107], [-49.2743432898275, -27.573048554310926], [-49.27434532453378, -27.57291853591287], [-49.27436508866935, -27.57282124875478], [-49.2744025822103, -27.572756692829092], [-49.274457805163024, -27.572724868122386], [-49.27453075756423, -27.57272577461549], [-49.27458470896648, -27.572775211367304], [-49.274619659410455, -27.57287317840108], [-49.27463560888336, -27.573019675728997]]]}, "properties": {"classe": "Media"}}, {"type": "Feature", "geometry": {"type": "Polygon", "coordinates": [[[-49.273134305851265, -27.575699419051137], [-49.27313023308893, -27.575959455574257], [-49.273072462519785, -27.57615380246309], [-49.272960993986985, -27.576282459647587], [-49.27279582752251, -27.57634542700238], [-49.27257696334722, -27.576342704346754], [-49.27241332455388, -27.576308157578154], [-49.27230491121932, -27.57624178689556], [-49.272251723326896, -27.576143592427275], [-49.27225376076649, -27.576013574230828], [-49.27227352744367, -27.57591628752195], [-49.27231102333453, -27.57585173229303], [-49.27236624844548, -27.575819908530697], [-49.27243920281321, -27.575820816215753], [-49.27249417323277, -27.57580524467717], [-49.27253115968549, -27.575773193935408], [-49.272550162168805, -27.57572466400462], [-49.272551180696276, -27.575659654892526], [-49.27257018314847, -27.57561112495694], [-49.27260716951184, -27.575579074190088], [-49.27266213978897, -27.575563502577847], [-49.272735093998506, -27.57556441009974], [-49.272790064253044, -27.57554883843564], [-49.27282705053391, -27.575516787606038], [-49.27284605283855, -27.575468257625033], [-49.272847071180514, -27.575403248500372], [-49.27286607345404, -27.57535471851457], [-49.272903059645564, -27.575322667659844], [-49.27295802975766, -27.5753070959221], [-49.27303098380901, -27.575308003280842], [-49.27308468115253, -27.5753736929085], [-49.273119121840544, -27.575504164828438], [-49.273134305851265, -27.575699419051137]]]}, "properties": {"classe": "Media"}}, {"type": "Feature", "geometry": {"type": "Polygon", "coordinates": [[[-49.27225121396486, -27.576176096976003], [-49.272250195238236, -27.576241106072917], [-49.27230414719627, -27.576290543719253], [-49.272413069895, -27.576324409853534], [-49.27257696334722, -27.576342704346754], [-49.27279582752251, -27.57634542700238], [-49.27295972109539, -27.576363721047912], [-49.27306864409628, -27.57639758667991], [-49.273122596512366, -27.576447024027352], [-49.27312157828766, -27.576512033151698], [-49.27304785973338, -27.57655988264516], [-49.272901440797256, -27.57659057238945], [-49.27268232150104, -27.57660410215508], [-49.27239050194053, -27.57660047160127], [-49.272172146700605, -27.576565243738465], [-49.27202725587687, -27.576498418918316], [-49.27195582944373, -27.576399997369617], [-49.27195786725436, -27.57626997919831], [-49.27197763424935, -27.57617269254908], [-49.27201513040482, -27.576108137414316], [-49.27207035572717, -27.576076313780632], [-49.2721433102531, -27.57607722162885], [-49.27219777146168, -27.57609415476395], [-49.27223373936645, -27.576127113208297], [-49.27225121396486, -27.576176096976003]]]}, "properties": {"classe": "Alta"}}, {"type": "Feature", "geometry": {"type": "Polygon", "coordinates": [[[-49.273410343547866, -27.576710689557952], [-49.273409325481374, -27.576775698689726], [-49.27342680069704, -27.57682468233368], [-49.27346276921356, -27.576857640483965], [-49.27351723103347, -27.576874573126453], [-49.27359018614323, -27.576875480238797], [-49.27364413902657, -27.57692491740169], [-49.27367908972414, -27.57702288463838], [-49.27369503822315, -27.57716938196107], [-49.273691984457365, -27.577364409370873], [-49.2736714552291, -27.577510453158204], [-49.27363345050794, -27.57760751331633], [-49.27357797030667, -27.577655589833068], [-49.27350501468131, -27.577654682690767], [-49.273450807005126, -27.57762149774652], [-49.27341534730586, -27.577556035023235], [-49.273398635577124, -27.577458294534352], [-49.27340067177836, -27.57732827628371], [-49.273383960085624, -27.57723053579217], [-49.273348500539456, -27.57716507305588], [-49.27329429314626, -27.57713188806145], [-49.27322133787828, -27.57713098078595], [-49.27316713054242, -27.577097795744223], [-49.27313167116641, -27.57703233295919], [-49.273114959743864, -27.57693459244426], [-49.273116996234236, -27.576804574203294], [-49.27313676233863, -27.576707287353646], [-49.27317425803315, -27.576642731887706], [-49.27322948332419, -27.576610907792098], [-49.273302438248436, -27.57661181504762], [-49.273356899920785, -27.576628747746906], [-49.27339286835478, -27.57666170591232], [-49.273410343547866, -27.576710689557952]]]}, "properties": {"classe": "Alta"}}, {"type": "Feature", "geometry": {"type": "Polygon", "coordinates": [[[-49.273116996234236, -27.576804574203294], [-49.273114959743864, -27.57693459244426], [-49.27313167116641, -27.57703233295919], [-49.27316713054242, -27.577097795744223], [-49.27322133787828, -27.57713098078595], [-49.27329429314626, -27.57713188806145], [-49.27334799147858, -27.577197577618648], [-49.27338243292754, -27.57732804948091], [-49.27339761747138, -27.577523303658733], [-49.27339354501431, -27.577783340149725], [-49.273372251677436, -27.57797814070219], [-49.27333373742767, -27.578107705310977], [-49.27327800228676, -27.57817203396557], [-49.273205046331306, -27.57817112665011], [-49.27315007479655, -27.57818669841573], [-49.2731130876638, -27.57821874928292], [-49.27309408493053, -27.57826727926581], [-49.273093066610265, -27.578332288372142], [-49.273019346781254, -27.578380137782148], [-49.27287292539122, -27.578410827377557], [-49.272653802461896, -27.578424356928853], [-49.27236197808911, -27.578420726095217], [-49.272143364566695, -27.578401750299726], [-49.27199796192771, -27.578367429890672], [-49.27192577015041, -27.57831776509758], [-49.27192678915817, -27.57825275603122], [-49.27194579239342, -27.5782042262315], [-49.27198277984259, -27.578172175690664], [-49.27203775150826, -27.57815660439457], [-49.27211070740909, -27.57815751232276], [-49.27216618848196, -27.578109436436755], [-49.27220419467084, -27.578012376754234], [-49.272224725962936, -27.57786633328735], [-49.27222778238864, -27.577671306042852], [-49.27224831356004, -27.57752526256128], [-49.272286319446735, -27.577428202835932], [-49.27234180006152, -27.57738012685458], [-49.272414755460396, -27.577381034599604], [-49.272470235997176, -27.577332958562945], [-49.272508241615824, -27.577235898762257], [-49.272528772303545, -27.577089855209728], [-49.272531828090756, -27.576894827912078], [-49.272570597404815, -27.5767490112523], [-49.272645080168914, -27.576652405199297], [-49.2727552763997, -27.576605009697804], [-49.27290118620726, -27.576606824668364], [-49.27301010942347, -27.576640690355337], [-49.27308204610254, -27.576706606848163], [-49.273116996234236, -27.576804574203294]]]}, "properties": {"classe": "Media"}}, {"type": "Feature", "geometry": {"type": "Polygon", "coordinates": [[[-49.273090011628994, -27.578527315687253], [-49.27308899329508, -27.578592324791025], [-49.27297879515602, -27.578639720460096], [-49.27275941714009, -27.57866950243073], [-49.272430859294644, -27.57868167018616], [-49.27199312178616, -27.57867622295665], [-49.27166507353002, -27.57865588436631], [-49.27144671455314, -27.57862065519614], [-49.27133804480811, -27.578570535962918], [-49.271339064173276, -27.578505526919123], [-49.271449262804936, -27.578458132577303], [-49.271668640631354, -27.578428352673694], [-49.27199719769995, -27.578416186691527], [-49.272434934177184, -27.57842163386107], [-49.27276298198555, -27.578441970606924], [-49.27298134115194, -27.57847719771006], [-49.273090011628994, -27.578527315687253]]]}, "properties": {"classe": "Alta"}}, {"type": "Feature", "geometry": {"type": "Polygon", "coordinates": [[[-49.271618658067666, -27.579289268515247], [-49.27161763883338, -27.579354277561293], [-49.27163511358241, -27.579403261395747], [-49.271671082333434, -27.579436220012685], [-49.271725545089005, -27.579453153398024], [-49.27179850183557, -27.579454061529383], [-49.27185270984658, -27.579487247129123], [-49.271888169149776, -27.579552710220213], [-49.271904879738756, -27.579650450816033], [-49.27190284157298, -27.579780468920422], [-49.271864834423745, -27.57987752845674], [-49.271790858236855, -27.579941629393957], [-49.27168091302255, -27.579972771675575], [-49.271534998855536, -27.57997095521968], [-49.271425308395166, -27.579985845035544], [-49.2713518416009, -27.580017441207346], [-49.271314598466304, -27.580065743792304], [-49.27131357901914, -27.580130752820633], [-49.2713492930367, -27.58017996378131], [-49.27142174055571, -27.580213376647855], [-49.27153092158256, -27.58023099136302], [-49.27167683609335, -27.58023280783892], [-49.27178550760345, -27.58028292687761], [-49.27185693619609, -27.580381348569784], [-49.271891121854615, -27.580528072970736], [-49.2718880644625, -27.580723100100297], [-49.27190401082036, -27.58086959746975], [-49.27193896099447, -27.580967565077994], [-49.27199291499765, -27.581017002912827], [-49.27206587278921, -27.58101791095097], [-49.27212008162894, -27.581051096478095], [-49.27215554154458, -27.581116559517124], [-49.27217225252971, -27.58121430008146], [-49.27217021454379, -27.581344318174956], [-49.27215044652606, -27.581441604747738], [-49.27211294845261, -27.581506159792212], [-49.27205772032984, -27.581537983294975], [-49.27198476219447, -27.581537075236835], [-49.27193029838165, -27.581520141909063], [-49.27189432890493, -27.581487183334005], [-49.27187685376176, -27.581438199525813], [-49.271877872933445, -27.58137319049034], [-49.27186039781286, -27.581324206680474], [-49.27182442841868, -27.581291248090317], [-49.27176996475346, -27.581274314705734], [-49.27169700680365, -27.58127340650439], [-49.27164254316956, -27.581256473071065], [-49.271606573864744, -27.58122351442814], [-49.271589098886636, -27.581174530589717], [-49.271590118216565, -27.58110952156167], [-49.271572643261045, -27.58106053772156], [-49.271536674038764, -27.581027579063516], [-49.27148221055228, -27.581010645573397], [-49.27140925278803, -27.581009737228847], [-49.271354789332676, -27.58099280368998], [-49.27131882019975, -27.580959844979162], [-49.27130134538671, -27.580910861110503], [-49.27130236487487, -27.580845852089876], [-49.27128489008442, -27.580796868219544], [-49.27124892103403, -27.5807639094936], [-49.271194457726274, -27.58074697589795], [-49.27112150014759, -27.580746067410207], [-49.27106703687096, -27.580729133765793], [-49.27103106790994, -27.580696174987096], [-49.27101359326196, -27.5806471910882], [-49.271014612908345, -27.58058218207502], [-49.27099713828295, -27.58053319817445], [-49.270961169404465, -27.580500239380623], [-49.27090670627543, -27.580483305679426], [-49.27083374888231, -27.580482397048485], [-49.270779285784414, -27.580465463298545], [-49.27074331699528, -27.58043250445195], [-49.270725842512356, -27.580383520522837], [-49.27072686231697, -27.580318511517074], [-49.27074586647995, -27.580269981935984], [-49.27078285498774, -27.58023793177182], [-49.27083782784292, -27.580222361010442], [-49.27091078506414, -27.580223269631375], [-49.270966012810945, -27.58019144656428], [-49.27100351104659, -27.58012689182833], [-49.27102327976468, -27.580029605436923], [-49.27102531898911, -27.57989958739769], [-49.27104508763576, -27.57980230099739], [-49.27108258568072, -27.579737746228425], [-49.271137813130416, -27.5797059230774], [-49.27121077002153, -27.57970683152514], [-49.27126599742114, -27.579675008320567], [-49.27130349529251, -27.57961045348286], [-49.27132326362924, -27.57951316702544], [-49.27132530245523, -27.579383148955895], [-49.271345070720535, -27.57928586248958], [-49.27138256840123, -27.579221307618866], [-49.271437795503736, -27.579189484330374], [-49.271510752064756, -27.57919039260493], [-49.271565214672734, -27.57920732604705], [-49.271601183341225, -27.579240284679116], [-49.271618658067666, -27.579289268515247]]]}, "properties": {"classe": "Media"}}, {"type": "Feature", "geometry": {"type": "Polygon", "coordinates": [[[-49.27158451185969, -27.581467071207918], [-49.271582473158844, -27.581597089256288], [-49.27159918367993, -27.58169482986323], [-49.27163464346351, -27.581760293024878], [-49.27168885251597, -27.58179347872783], [-49.271761810809586, -27.581794386949177], [-49.271815255498844, -27.581876329376716], [-49.27184918664641, -27.58203930603363], [-49.27186360421898, -27.582283316928308], [-49.271858508087284, -27.58260836205415], [-49.27181820643349, -27.5828516917905], [-49.271742699147026, -27.583013306108334], [-49.27163198626502, -27.5830932049562], [-49.27148606797236, -27.58309138826031], [-49.27137637437675, -27.583106277888454], [-49.27130290543765, -27.583137873924812], [-49.27126566114865, -27.583186176426597], [-49.27126464153749, -27.583251185424015], [-49.271227397191126, -27.583299487912257], [-49.271153928081816, -27.58333108386104], [-49.27104423421597, -27.58334597321315], [-49.27089831563414, -27.583344155884408], [-49.270788621732294, -27.583359045032257], [-49.27071515246986, -27.583390640740898], [-49.27067790784044, -27.583438943067524], [-49.27067688787177, -27.583503952042392], [-49.27063964318499, -27.583552254355475], [-49.27056617375236, -27.583583849976527], [-49.27045647958026, -27.58359873884834], [-49.27031056070928, -27.583596920886723], [-49.27020137662863, -27.58357930507562], [-49.270128927362215, -27.583545891502958], [-49.27009321290362, -27.583496680225952], [-49.27009423321612, -27.5834316712711], [-49.2701132382689, -27.583383141834815], [-49.27015022804839, -27.58335109190933], [-49.27020520255715, -27.58333552148054], [-49.270278161813884, -27.583336430527947], [-49.27033339134125, -27.583304607806152], [-49.27037089110251, -27.58324005333433], [-49.270390661091255, -27.583142767125903], [-49.2703927013314, -27.58301274918847], [-49.2704124712487, -27.58291546297113], [-49.27044997081924, -27.5828509084663], [-49.27050520004944, -27.582819085660564], [-49.27057815897602, -27.58281999453474], [-49.270633133164765, -27.582804423920372], [-49.27067012259701, -27.582772373837912], [-49.27068912727018, -27.58272384430152], [-49.270690147197826, -27.582658835318924], [-49.27070915183986, -27.582610305777724], [-49.27074614118273, -27.582578255670168], [-49.27080111522899, -27.58256268498211], [-49.27087407399733, -27.58256359369307], [-49.270929048020996, -27.582548022953137], [-49.270966037281326, -27.5825159727828], [-49.27098504177575, -27.58246744319617], [-49.27098606151782, -27.582402434201], [-49.2710050659811, -27.582353904609562], [-49.27104205515206, -27.582321854414094], [-49.27109702903325, -27.582306283600488], [-49.27116998764335, -27.582307192148242], [-49.27122572619701, -27.58224286452902], [-49.2712642446176, -27.582113300758678], [-49.27128554288334, -27.581918500847728], [-49.271289621027314, -27.581658464801322], [-49.27131091911408, -27.581463664868206], [-49.27134943711057, -27.58133410104327], [-49.27140517503857, -27.581269773316006], [-49.27147813297472, -27.581270681670553], [-49.27153234174415, -27.581303867423692], [-49.27156780137461, -27.58136933059834], [-49.27158451185969, -27.581467071207918]]]}, "properties": {"classe": "Media"}}, {"type": "Feature", "geometry": {"type": "Polygon", "coordinates": [[[-49.271877872933445, -27.58137319049034], [-49.27187685376176, -27.581438199525813], [-49.27189432890493, -27.581487183334005], [-49.27193029838165, -27.581520141909063], [-49.27198476219447, -27.581537075236835], [-49.27205772032984, -27.581537983294975], [-49.27211218417379, -27.581554916574], [-49.27214815373988, -27.581587875096265], [-49.27216562902553, -27.58163685887591], [-49.272164610012084, -27.581701867918795], [-49.27218208532034, -27.581750851696757], [-49.27221805496895, -27.581783810203923], [-49.27227251896051, -27.581800743426136], [-49.27234547728145, -27.58180165134107], [-49.27239994130413, -27.58181858451455], [-49.272435911042116, -27.581851542968927], [-49.27245338649284, -27.581900526718336], [-49.27245236763765, -27.581965535768635], [-49.27246984311097, -27.582014519516363], [-49.2725058129315, -27.582047477955616], [-49.27256027710178, -27.582064411072288], [-49.27263323560828, -27.582065318844016], [-49.27268693576634, -27.582131008704483], [-49.272721377628244, -27.582261480677076], [-49.27273656117224, -27.58245673477229], [-49.27273248630251, -27.582716770987755], [-49.272711190346456, -27.582911571209504], [-49.27267267327098, -27.583041135432406], [-49.27261693509786, -27.58310546364593], [-49.272543975903716, -27.583104555834236], [-49.27248900178913, -27.583120127210456], [-49.272452012735435, -27.583152177795085], [-49.27243300874006, -27.58320070760225], [-49.27243198981657, -27.583265716639655], [-49.27241298579007, -27.58331424644202], [-49.272375996647, -27.58334629700153], [-49.272321022389924, -27.583361868304088], [-49.272248063037516, -27.58336096032918], [-49.272193088757845, -27.583376531579848], [-49.27215609953223, -27.583408582076594], [-49.27213709535812, -27.583457111833518], [-49.27213607624904, -27.58352212085838], [-49.27211707204379, -27.583570650610508], [-49.272080082728806, -27.583602701082125], [-49.272025108306636, -27.58361827225912], [-49.27195214879597, -27.583617364121004], [-49.27189717435121, -27.583632935246122], [-49.27186018495368, -27.583664985654973], [-49.2718411806008, -27.583713515361662], [-49.27184016130616, -27.58377852437397], [-49.27180291701159, -27.583826827016555], [-49.27172944768936, -27.583858423259187], [-49.27161975334588, -27.583873313044663], [-49.27147383402169, -27.583871496288783], [-49.27136413964221, -27.583886385869988], [-49.27129067016685, -27.583917981872474], [-49.271253425589215, -27.583966284353455], [-49.27125240593705, -27.584031293343187], [-49.271233401248764, -27.58407982294904], [-49.2711964115108, -27.58411187316325], [-49.27114143672572, -27.584127443971724], [-49.271068476912205, -27.584126535353953], [-49.27101350210454, -27.584142106110544], [-49.27097651228403, -27.584174156261984], [-49.27095750744812, -27.584222685822393], [-49.270956487610356, -27.58428769479956], [-49.27084628281409, -27.58433508843514], [-49.27062689298759, -27.58436486646533], [-49.2702983181783, -27.584377028373243], [-49.2698605585528, -27.58437157338895], [-49.26953198374367, -27.58438373347753], [-49.26931259358433, -27.58441350940888], [-49.26920238802731, -27.584460901699913], [-49.26920136714431, -27.584525910614424], [-49.26918236147087, -27.584574439890737], [-49.26914537099343, -27.58460648952108], [-49.26909039571456, -27.584622059491334], [-49.26901743565293, -27.584621149780993], [-49.26896246035146, -27.584636719699358], [-49.268925469791476, -27.584668769266923], [-49.2689064639704, -27.58471729849778], [-49.26890544290179, -27.58478230739971], [-49.26886819700128, -27.58483060917341], [-49.26879472624112, -27.58486220378862], [-49.26868503062772, -27.58487709118814], [-49.26853911020167, -27.58487527128777], [-49.26842992522972, -27.58485765404082], [-49.26835747573576, -27.584824239535255], [-49.26832176171338, -27.58477502782827], [-49.26832278312585, -27.584710018946378], [-49.268341789197976, -27.584661489807157], [-49.2683787799162, -27.58462944040283], [-49.2684337552831, -27.584613870719313], [-49.26850671531734, -27.584614780736093], [-49.26856169066165, -27.584599211000686], [-49.268598681297334, -27.58456716153358], [-49.26861768722183, -27.584518632348896], [-49.26861870844868, -27.58445362345441], [-49.26863771434203, -27.58440509426493], [-49.268674704888326, -27.58437304477271], [-49.26872968009014, -27.5843574749636], [-49.268802639966154, -27.584358384817143], [-49.26885761514538, -27.584342814956177], [-49.268894605609134, -27.584310765401153], [-49.268913611354854, -27.58426223616622], [-49.2689146323961, -27.58419722725912], [-49.268951878046785, -27.584148925458006], [-49.26902534827919, -27.584117330732596], [-49.26913504309972, -27.58410244302568], [-49.269280962548955, -27.584104262253074], [-49.26939065733351, -27.584089374341886], [-49.2694641274128, -27.584057779376316], [-49.26950137278043, -27.584009477413566], [-49.26950239346414, -27.583944468483878], [-49.269539638774404, -27.583896166507575], [-49.26961310868348, -27.583864571454413], [-49.269722803197794, -27.583849683267182], [-49.26986872235791, -27.583851501861677], [-49.26997841683624, -27.583836613470172], [-49.27005188659221, -27.58380501817686], [-49.27008913161941, -27.583756716038938], [-49.270090151945595, -27.583691707086654], [-49.270127396915434, -27.583643404935188], [-49.27020086650119, -27.583611809554274], [-49.27031056070928, -27.583596920886723], [-49.27045647958026, -27.58359873884834], [-49.27056617375236, -27.583583849976527], [-49.27063964318499, -27.583552254355475], [-49.27067688787177, -27.583503952042392], [-49.27067790784044, -27.583438943067524], [-49.27071515246986, -27.583390640740898], [-49.270788621732294, -27.583359045032257], [-49.27089831563414, -27.583344155884408], [-49.27104423421597, -27.58334597321315], [-49.271153928081816, -27.58333108386104], [-49.271227397191126, -27.583299487912257], [-49.27126464153749, -27.583251185424015], [-49.27126566114865, -27.583186176426597], [-49.27130290543765, -27.583137873924812], [-49.27137637437675, -27.583106277888454], [-49.27148606797236, -27.58309138826031], [-49.27163198626502, -27.5830932049562], [-49.271742699147026, -27.583013306108334], [-49.27181820643349, -27.5828516917905], [-49.271858508087284, -27.58260836205415], [-49.27186360421898, -27.582283316928308], [-49.27184918664641, -27.58203930603363], [-49.271815255498844, -27.581876329376716], [-49.271761810809586, -27.581794386949177], [-49.27168885251597, -27.58179347872783], [-49.27163464346351, -27.581760293024878], [-49.27159918367993, -27.58169482986323], [-49.271582473158844, -27.581597089256288], [-49.27158451185969, -27.581467071207918], [-49.27160428037833, -27.58136978473919], [-49.27164177869085, -27.58130522984249], [-49.27169700680365, -27.58127340650439], [-49.27176996475346, -27.581274314705734], [-49.27182442841868, -27.581291248090317], [-49.27186039781286, -27.581324206680474], [-49.271877872933445, -27.58137319049034]]]}, "properties": {"classe": "Alta"}}, {"type": "Feature", "geometry": {"type": "Polygon", "coordinates": [[[-49.26949269683085, -27.584562053289893], [-49.26949065539503, -27.584692071136388], [-49.26947088426189, -27.58478935714668], [-49.26943338340754, -27.584853911313168], [-49.26937815283838, -27.58488573362244], [-49.26930519259113, -27.584884824055315], [-49.26925021719002, -27.58490039408294], [-49.26921322661635, -27.58493244372583], [-49.26919422086756, -27.584980972998068], [-49.26919319995719, -27.585045981907435], [-49.26917419417726, -27.58509451117488], [-49.269137203514205, -27.585126560792624], [-49.269082227970586, -27.585142130746565], [-49.269009267565096, -27.5851412210162], [-49.268954291998895, -27.58515679091825], [-49.26891730125329, -27.585188840473222], [-49.26889829532573, -27.58523736969521], [-49.268897274229744, -27.585302378592], [-49.26887826827103, -27.58535090780919], [-49.26884127743604, -27.585382957339025], [-49.26878630172733, -27.585398527167378], [-49.26871334116359, -27.585397617273777], [-49.2686583654323, -27.585413187050253], [-49.268621374514765, -27.585445236517298], [-49.268602368408416, -27.585493765689034], [-49.26860134712681, -27.58555877457324], [-49.26858234098932, -27.585607303740172], [-49.26854534998239, -27.585639353182096], [-49.268490374108595, -27.585654922884867], [-49.26841741338661, -27.585654012828016], [-49.268362437490225, -27.58566958247891], [-49.268325446400745, -27.58570163185803], [-49.268306440115616, -27.58575016097952], [-49.26830541864838, -27.58581516985111], [-49.26828641233212, -27.585863698967795], [-49.26824942115324, -27.5858957483218], [-49.268194445114354, -27.58591131789899], [-49.26812148423412, -27.58591040767889], [-49.26806727438266, -27.58587722055751], [-49.268031815587705, -27.58581175655779], [-49.26801510784285, -27.58571401569314], [-49.2680171511075, -27.58558399796741], [-49.268036923695604, -27.585486712240325], [-49.268074425583265, -27.585422158504286], [-49.268129656776914, -27.585390336745885], [-49.26820261731327, -27.58539124694595], [-49.26825784845682, -27.58535942513398], [-49.26829535017084, -27.58529487132917], [-49.268315122448904, -27.58519758554493], [-49.26831716531491, -27.58506756778885], [-49.26835517758777, -27.584970509518907], [-49.26842915921327, -27.58490641070404], [-49.26853911020167, -27.58487527128777], [-49.26868503062772, -27.58487709118814], [-49.26879472624112, -27.58486220378862], [-49.26886819700128, -27.58483060917341], [-49.26890544290179, -27.58478230739971], [-49.2689064639704, -27.58471729849778], [-49.268925469791476, -27.584668769266923], [-49.26896246035146, -27.584636719699358], [-49.26901743565293, -27.584621149780993], [-49.26909039571456, -27.584622059491334], [-49.26914537099343, -27.58460648952108], [-49.26918236147087, -27.584574439890737], [-49.26920136714431, -27.584525910614424], [-49.26920238802731, -27.584460901699913], [-49.26922139366961, -27.58441237241879], [-49.26925838405767, -27.584380322763337], [-49.26931335919405, -27.584364752719388], [-49.269386319097435, -27.584365662266492], [-49.269440528658556, -27.58439884886357], [-49.26947598790517, -27.58446431253357], [-49.26949269683085, -27.584562053289893]]]}, "properties": {"classe": "Media"}}, {"type": "Feature", "geometry": {"type": "Polygon", "coordinates": [[[-49.26801255374278, -27.58587653784669], [-49.268007445478446, -27.58620158214171], [-49.26798537391713, -27.58644513777188], [-49.26794633902702, -27.586607204734353], [-49.2678903408415, -27.586687783020814], [-49.26781737945913, -27.58668687261742], [-49.267761892053535, -27.58673494642288], [-49.26772387856864, -27.586832004454823], [-49.26770333899161, -27.586978046725452], [-49.26770027335283, -27.58717307324149], [-49.267679733654965, -27.58731911549742], [-49.26764171986763, -27.587416173486485], [-49.26758623200367, -27.58746424719648], [-49.26751327011915, -27.587463336609783], [-49.26745829319794, -27.58747890585127], [-49.26742130122135, -27.587510954941433], [-49.26740229418681, -27.58755948389439], [-49.26740127210786, -27.58762449271789], [-49.26732754353074, -27.587672338644484], [-49.26718110840315, -27.587703021555825], [-49.26696196674694, -27.587716541222306], [-49.26667011865807, -27.587712897303], [-49.266451488288446, -27.587693911763832], [-49.266306075671075, -27.587659584953244], [-49.266233880784114, -27.58760991710084], [-49.26623490355088, -27.587544908317447], [-49.26625391108758, -27.587496379547815], [-49.26629090338067, -27.587464330784186], [-49.26634588043272, -27.58744876201245], [-49.266418842262425, -27.58744967321211], [-49.266473819291896, -27.58743410438849], [-49.26651081150244, -27.58740205556206], [-49.26652981889149, -27.587353526746963], [-49.26653084147259, -27.587288517950956], [-49.26656808925502, -27.58724021690618], [-49.26664156221103, -27.587208623582402], [-49.26675126034706, -27.58719373792238], [-49.266897183703676, -27.58719555984192], [-49.267006881803745, -27.587180673977606], [-49.26708035460665, -27.5871490804136], [-49.26711760210598, -27.58710077920717], [-49.26711862432947, -27.587035770388535], [-49.26713763138302, -27.586987241472535], [-49.26717462325309, -27.586955192451413], [-49.26722959994224, -27.586939623311043], [-49.26730256146915, -27.58694053403093], [-49.267357793654625, -27.58690871263159], [-49.26739529646193, -27.586844159132205], [-49.26741506988463, -27.58674687354619], [-49.267417113946614, -27.58661685588114], [-49.26743688729781, -27.586519570286214], [-49.26747438991433, -27.58645501675379], [-49.267529621802574, -27.586423195270477], [-49.2676025829993, -27.586424105817088], [-49.26765832577497, -27.586359779858338], [-49.26769685005291, -27.586230217410098], [-49.26771815581129, -27.586035418482854], [-49.26772224308312, -27.58577538308177], [-49.267743548662345, -27.585580584132355], [-49.267782072515935, -27.585451021629453], [-49.267837814665725, -27.58538669556258], [-49.26791077518839, -27.585387605915862], [-49.26796421851637, -27.585469549734647], [-49.267998144712294, -27.58563252704214], [-49.26801255374278, -27.58587653784669]]]}, "properties": {"classe": "Alta"}}, {"type": "Feature", "geometry": {"type": "Polygon", "coordinates": [[[-49.26768698856197, -27.588018188077413], [-49.26768392275882, -27.58821321456256], [-49.267718104627896, -27.588359939690093], [-49.267789534285825, -27.58845836344018], [-49.267898211749305, -27.58850848575751], [-49.2680441369351, -27.588510306551356], [-49.26815332541445, -27.588527924256354], [-49.268225777211256, -27.588561338960446], [-49.268261492319105, -27.588610550720894], [-49.26826047070125, -27.58867555956417], [-49.2682779451723, -27.58872454375795], [-49.26831391575094, -27.58875750329639], [-49.26836838243973, -27.58877443816531], [-49.268441345225135, -27.588775348342377], [-49.26849555657351, -27.58880853537502], [-49.268531016512625, -27.588873999286186], [-49.26854772503605, -27.588971740089256], [-49.2685456821032, -27.589101757788107], [-49.268525909126765, -27.589199043530183], [-49.26848840608284, -27.589263597307863], [-49.268433172977836, -27.589295419107746], [-49.2683602098485, -27.589294508910644], [-49.268305232098676, -27.589310078447326], [-49.268268239709684, -27.589342127738302], [-49.26824923267894, -27.58939065679768], [-49.26824821102001, -27.58945566563323], [-49.26819272232786, -27.58950373953729], [-49.26808276656185, -27.58953487844275], [-49.26791834373479, -27.589549082220547], [-49.26769945391304, -27.58954635067965], [-49.26753554208809, -27.589528049595216], [-49.26742660829032, -27.589494179163896], [-49.2673726525069, -27.589444739514764], [-49.26737367468174, -27.589379730709275], [-49.267356200532326, -27.589330746419705], [-49.26732023007734, -27.58929778664015], [-49.267265763319344, -27.58928085135651], [-49.2671928002448, -27.589279940546398], [-49.267138333517956, -27.58926300521399], [-49.26710236315238, -27.589230045381672], [-49.267084889145494, -27.589181061063545], [-49.2670859114786, -27.58911605226552], [-49.26706843749431, -27.58906706794573], [-49.26703246721129, -27.58903410809829], [-49.266978000632115, -27.589017172709088], [-49.266905037743236, -27.589016261755756], [-49.26685057119522, -27.588999326317797], [-49.266814601001606, -27.58896636641759], [-49.26679712715984, -27.588917382069248], [-49.26679814965121, -27.588852373278684], [-49.266780675832024, -27.588803388928664], [-49.266744705720974, -27.588770429013337], [-49.26669023932061, -27.588753493518585], [-49.26661727661741, -27.588752582422025], [-49.266563065903945, -27.588719394682524], [-49.266527607207976, -27.58865393032303], [-49.266510900523066, -27.588556189356922], [-49.26651294580863, -27.588426171788086], [-49.26649623915968, -27.58832843081935], [-49.266460780616825, -27.588262966446873], [-49.26640657018648, -27.588229778657222], [-49.266333607840906, -27.58822886742748], [-49.26627939746794, -27.588195679590523], [-49.266243939095325, -27.588130215169315], [-49.266227232716645, -27.588032474177243], [-49.26622927829129, -27.587902456618167], [-49.26632201504007, -27.587806082529834], [-49.26650544282553, -27.587743351724693], [-49.26677956168497, -27.587714263844568], [-49.26714437183033, -27.5877188183606], [-49.267417212938284, -27.58777099023604], [-49.26759808519673, -27.58787078002265], [-49.26768698856197, -27.588018188077413]]]}, "properties": {"classe": "Media"}}, {"type": "Feature", "geometry": {"type": "Polygon", "coordinates": [[[-49.27175554794189, -27.589174270150984], [-49.27175452836028, -27.58923927910922], [-49.271790245299464, -27.5892884900391], [-49.27186269879616, -27.589321902914097], [-49.271971888856775, -27.58933951767703], [-49.272117815457406, -27.589341334239904], [-49.27222700558948, -27.58935894880476], [-49.27229945927694, -27.58939236145958], [-49.272335176513366, -27.589441572261556], [-49.27233415726204, -27.589506581237217], [-49.27226042936931, -27.589554429813067], [-49.27211399278285, -27.589585117870786], [-49.27189484752445, -27.58959864518075], [-49.271602993689974, -27.589595011401983], [-49.27138384839562, -27.58960853790106], [-49.271237411545506, -27.589639225018928], [-49.27116368311785, -27.589687072985242], [-49.27116266316496, -27.589752081918327], [-49.27112541641297, -27.589800384233257], [-49.27105194283413, -27.589831979899806], [-49.270942242434835, -27.589846868860715], [-49.27079631525567, -27.58984505103179], [-49.27068737999942, -27.589811183101677], [-49.270615436720355, -27.58974526515984], [-49.27058048540819, -27.589647297262797], [-49.27058252598819, -27.589517279434077], [-49.270620538062865, -27.58942022058178], [-49.27069452157799, -27.589356120674875], [-49.270804476543816, -27.58932497965687], [-49.270950403035094, -27.58932679744578], [-49.27106010291163, -27.589311908453567], [-49.27113357613286, -27.589280312764455], [-49.27117082269237, -27.58923201043565], [-49.27117184261792, -27.58916700149742], [-49.27120908912005, -27.589118699155076], [-49.27128256217102, -27.589087103378354], [-49.27139226177722, -27.58907221411005], [-49.27153818797924, -27.589074031265945], [-49.2716473777298, -27.589091646271203], [-49.27171983105282, -27.589125059213824], [-49.27175554794189, -27.589174270150984]]]}, "properties": {"classe": "Alta"}}, {"type": "Feature", "geometry": {"type": "Polygon", "coordinates": [[[-49.26971258026507, -27.589148819135833], [-49.26971155947968, -27.589213828024036], [-49.269747275468156, -27.589263039437764], [-49.26981972826724, -27.589296453350535], [-49.26992891788335, -27.589314069705114], [-49.270074844292566, -27.589315888413537], [-49.27018403398015, -27.589333504570053], [-49.27025648697001, -27.58936691826264], [-49.27029220325575, -27.589416129548496], [-49.27029118280062, -27.589481138454143], [-49.270308658296635, -27.589530122434027], [-49.270344629762484, -27.58956308148226], [-49.270399097200745, -27.589580015584744], [-49.27047206059784, -27.58958092471908], [-49.27052652806724, -27.589597858772798], [-49.2705624996225, -27.589630817768253], [-49.27057997526105, -27.589679801719566], [-49.270578954964215, -27.589744810632645], [-49.27063291239806, -27.58979424910563], [-49.27074184761863, -27.58982811707707], [-49.27090576063876, -27.589846414417856], [-49.271124651428025, -27.589849140931356], [-49.271288564568934, -27.589867437824203], [-49.2713975000919, -27.58990130529307], [-49.27145145798413, -27.589950743467018], [-49.27145043818955, -27.59001575240753], [-49.271467914280635, -27.590064736265305], [-49.271503886276086, -27.590097695034473], [-49.27155835417846, -27.590114628700896], [-49.2716313179742, -27.590115537242212], [-49.27168527607602, -27.590164975333394], [-49.27172022852461, -27.59026294299769], [-49.27173617530715, -27.59040944024734], [-49.27173311635734, -27.590604467083413], [-49.27171258106946, -27.590750510083204], [-49.271674569413086, -27.59084756923997], [-49.271619081401035, -27.590895644541526], [-49.27154611708936, -27.590894735970206], [-49.27149113890518, -27.590910306749898], [-49.27145414682984, -27.59094235690108], [-49.27143514086076, -27.590990886437897], [-49.2714341210115, -27.591055895368118], [-49.27141511501128, -27.591104424900127], [-49.27137812284653, -27.591136475026186], [-49.271323144519805, -27.591152045732176], [-49.271250180049805, -27.591151136997592], [-49.271194181702086, -27.591231716572], [-49.27115514937809, -27.59139378446925], [-49.27113308304449, -27.591637340697666], [-49.2711279827332, -27.59196238526008], [-49.271105916153296, -27.592205941457163], [-49.27106688327285, -27.592368009286105], [-49.2710108841252, -27.592448588738563], [-49.270937918808904, -27.592447679800692], [-49.27088242964582, -27.592495754745404], [-49.2708444165799, -27.59259281359035], [-49.27082387959829, -27.592738856347715], [-49.270820818731444, -27.59293388302424], [-49.27080028162905, -27.593079925766922], [-49.27076226826067, -27.593176984569002], [-49.27070677863914, -27.593225059418288], [-49.27063381282052, -27.593224150297132], [-49.270578323120915, -27.593272225091084], [-49.27054030948428, -27.593369283817765], [-49.270519771897774, -27.593515326489428], [-49.27051671039182, -27.593710353112773], [-49.2704961726845, -27.593856395769727], [-49.2704581587454, -27.593953454453565], [-49.27040266858732, -27.594001529152077], [-49.27032970226635, -27.594000619847616], [-49.270273956863896, -27.594064946706254], [-49.270235432303274, -27.594194509743858], [-49.27021412856267, -27.59438930897095], [-49.270210045675185, -27.594649344392643], [-49.27018874175547, -27.594844143597555], [-49.27015021677044, -27.59497370658054], [-49.2700944707419, -27.595038033331072], [-49.27002150374654, -27.59503712383329], [-49.26996626805734, -27.595068946105798], [-49.26992876363755, -27.595133500167794], [-49.269908990480765, -27.59523078603267], [-49.26990694861089, -27.59536080370805], [-49.26988717538259, -27.59545808956403], [-49.26984967077197, -27.595522643592997], [-49.26979443478542, -27.595554465781515], [-49.269721467459696, -27.59555355611043], [-49.269668784137586, -27.595422856176707], [-49.269636384905134, -27.595162366001695], [-49.26962426967894, -27.594772085584317], [-49.26963243820619, -27.594252014901066], [-49.269620322907834, -27.593861734439724], [-49.26958792403673, -27.593601244223787], [-49.26953524167623, -27.593470544254348], [-49.269462275740324, -27.59346963451006], [-49.26940423253207, -27.593680230895416], [-49.269361111731484, -27.59410233339934], [-49.26933291312043, -27.59473594199543], [-49.269319636582615, -27.595581056641848], [-49.269291436863334, -27.59621466507238], [-49.26924831407887, -27.596636767328853], [-49.26919026844737, -27.59684736343768], [-49.26911730028887, -27.596846453409928], [-49.26906206342136, -27.59687827526092], [-49.2690245578081, -27.596942829009855], [-49.26900478344267, -27.59704011467014], [-49.26900274034899, -27.597170132249374], [-49.26898296591205, -27.597267417900746], [-49.26894546010793, -27.59733197161665], [-49.26889022294304, -27.597363793383654], [-49.26881725445415, -27.59736288318257], [-49.268762272664546, -27.5973784527013], [-49.26872527755552, -27.59741050196038], [-49.268706269124515, -27.597459030973898], [-49.2687052473851, -27.59752403974964], [-49.26868623892294, -27.597572568758363], [-49.26864924372447, -27.59760461799229], [-49.268594261792266, -27.597620187437297], [-49.26852129314503, -27.59761927707289], [-49.26846631119022, -27.59763484646598], [-49.26842931590915, -27.5976668956371], [-49.26841030729926, -27.59771542460034], [-49.268409285374105, -27.597780433363507], [-49.268426761123145, -27.597829417546542], [-49.26846273456507, -27.597862377143585], [-49.26851720570246, -27.59787931214052], [-49.26859017452175, -27.597880222514952], [-49.268644390241924, -27.597913409655536], [-49.268679852890756, -27.597978873585234], [-49.26869656246182, -27.598076614317463], [-49.268694518914515, -27.59820663185608], [-49.26867474396873, -27.598303917428634], [-49.268637237600544, -27.598368471027527], [-49.268581999816384, -27.598400292639322], [-49.268509030653, -27.598399382244864], [-49.26845379281871, -27.598431203803077], [-49.26841628627676, -27.59849575733316], [-49.26839651102074, -27.598593042848538], [-49.26839446707456, -27.598723060356804], [-49.268374691747, -27.598820345863263], [-49.268337185014175, -27.598884899360304], [-49.26828194688248, -27.59891672083452], [-49.26820897738869, -27.598915810266707], [-49.268153228142296, -27.59898013605878], [-49.26811469906658, -27.599109698226616], [-49.268093390139704, -27.599304496780743], [-49.26808930139474, -27.599564531726298], [-49.26806799228862, -27.59975933025823], [-49.268029462788306, -27.599888892371414], [-49.26797371291561, -27.599953218055333], [-49.26790074274728, -27.599952307294107], [-49.267845759534815, -27.5999678763788], [-49.2678087632595, -27.599999925329875], [-49.2677897539188, -27.60004845416151], [-49.26778873152624, -27.60011346288143], [-49.267769722154355, -27.600161991708244], [-49.26773272578959, -27.6001940406342], [-49.267677742434515, -27.600209609645134], [-49.267604772107816, -27.600208698720568], [-49.26754978873013, -27.600224267679593], [-49.26751279228276, -27.600256316542715], [-49.26749378276313, -27.600304845324057], [-49.26749276018481, -27.600369854031378], [-49.26747375063401, -27.600418382807902], [-49.267436754097176, -27.600450431645875], [-49.267381770576876, -27.600466000531153], [-49.26730880009182, -27.60046508944324], [-49.26725458359233, -27.600431901753122], [-49.267219121106194, -27.600366437483764], [-49.26720241262697, -27.600268696648566], [-49.26720445811405, -27.600138679251394], [-49.267224234770126, -27.60004139398769], [-49.26726174257127, -27.599976840849855], [-49.26731698152394, -27.599945019824457], [-49.26738995166486, -27.59994593089232], [-49.26744544621437, -27.5998978576359], [-49.26748346511634, -27.599800800072856], [-49.267504008357946, -27.59965475821538], [-49.26750707596959, -27.59945973207021], [-49.2674911342261, -27.599313234714653], [-49.26745618319385, -27.599215266147578], [-49.26740222288569, -27.5991658263568], [-49.26732925326095, -27.59916491531901], [-49.267275293036015, -27.59911547548225], [-49.267240342251576, -27.599017506869828], [-49.267224400894776, -27.59887100949393], [-49.26722746889924, -27.59867598335566], [-49.267248012182094, -27.598529941519462], [-49.267286030712924, -27.59843288397858], [-49.26734152450458, -27.59838481072082], [-49.26741449361317, -27.598385721728533], [-49.267471009830274, -27.598272639689846], [-49.26751107300959, -27.5980455646138], [-49.26753468308688, -27.597704496502967], [-49.26754184007999, -27.59724943535334], [-49.26756544974902, -27.59690836718772], [-49.267605512076116, -27.596681292010093], [-49.26766202712551, -27.596568209817942], [-49.26773499504351, -27.59656912060218], [-49.26779023210375, -27.59653729928872], [-49.26782773826948, -27.59647274589675], [-49.2678475135343, -27.596375460439685], [-49.26784955792209, -27.596245442925134], [-49.26786933311537, -27.59614815745914], [-49.26790683909024, -27.596083604034128], [-49.26796207585311, -27.59605178263667], [-49.26803504344075, -27.596052693247564], [-49.268090280153494, -27.5960208717965], [-49.268127785954626, -27.595956318302687], [-49.268147560837704, -27.595859032779533], [-49.26814960482664, -27.595729015234642], [-49.2681693796382, -27.595631729702575], [-49.26820688524847, -27.59556717617572], [-49.26826212166386, -27.595535354640663], [-49.26833508892113, -27.595536265078223], [-49.26839006982648, -27.59552069568544], [-49.2684270643612, -27.59548864648278], [-49.26844607252273, -27.59544011748442], [-49.268447094324635, -27.59537510869808], [-49.268466102455, -27.595326579694905], [-49.26850309690029, -27.59529453046712], [-49.26855807766306, -27.595278961000602], [-49.268631044762, -27.59527987127485], [-49.26868602550218, -27.59526430175643], [-49.26872301986487, -27.59523225246584], [-49.26874202784753, -27.5951837234172], [-49.268743049463716, -27.59511871461827], [-49.268762057415216, -27.595070185564822], [-49.26879905168848, -27.59503813624908], [-49.26885403228608, -27.595022566656937], [-49.268926999226686, -27.59502347676788], [-49.26898223516875, -27.59499165492167], [-49.26901974007552, -27.594927101137536], [-49.269039513940584, -27.59482981542885], [-49.26904155678783, -27.59469979780326], [-49.269024847247415, -27.59460205707666], [-49.26898938535992, -27.594536593245206], [-49.268935171131766, -27.594503406295498], [-49.26886220453519, -27.59450249620459], [-49.268808245751316, -27.594453057005648], [-49.268773294820825, -27.594355088721958], [-49.268757351730876, -27.59420859136572], [-49.26876041641513, -27.594013564938045], [-49.26878095645082, -27.593867522648065], [-49.26881897180754, -27.593770464489054], [-49.26887446249813, -27.5937223904488], [-49.26894742857866, -27.59372330050966], [-49.26900342989005, -27.593642722003118], [-49.26904246633367, -27.59348065494302], [-49.26906453787617, -27.593237099337692], [-49.26906964454941, -27.592912055189974], [-49.26905523315114, -27.59266804458154], [-49.269021303810774, -27.592505067518953], [-49.26896785656165, -27.592423123993886], [-49.268894891341134, -27.592422213983102], [-49.268840422787925, -27.592405279242882], [-49.26880445091559, -27.592372319795615], [-49.268786975721554, -27.592323335655408], [-49.26878799718713, -27.59225832682814], [-49.268807004552656, -27.592209797725907], [-49.268843997804574, -27.592177748340912], [-49.26889897694546, -27.592162178659052], [-49.268971941993975, -27.592163088659817], [-49.26902717644168, -27.592131266716827], [-49.26906468025183, -27.592066712849274], [-49.269084453417996, -27.591969427070556], [-49.269086495964096, -27.591839409388292], [-49.26910626905877, -27.591742123600664], [-49.2691437726781, -27.59167756970007], [-49.26919900682851, -27.59164574767311], [-49.26927197154673, -27.591646657500572], [-49.26932720564703, -27.591614835420028], [-49.26936470909266, -27.59155028145065], [-49.2693844818772, -27.591452995605874], [-49.269386524024576, -27.591322977893274], [-49.26940629673763, -27.59122569203958], [-49.26944379999245, -27.591161138037172], [-49.26949903379546, -27.59112931587266], [-49.269571998183395, -27.591130225526832], [-49.26962748716582, -27.59108215109188], [-49.26966550068668, -27.590985092585452], [-49.26968603873314, -27.590839050019753], [-49.2696891013356, -27.59064402340151], [-49.26967315727346, -27.590497526044548], [-49.26963820661305, -27.590399557947748], [-49.269584249367185, -27.590350119098918], [-49.2695112854952, -27.590349209474777], [-49.26945707308638, -27.590316022797207], [-49.26942161216847, -27.590250559089153], [-49.26940490273507, -27.59015281836403], [-49.26940694474559, -27.590022800625697], [-49.26939023534818, -27.58992505989792], [-49.26935477458344, -27.589859596176865], [-49.26930056245778, -27.58982640944912], [-49.269227598943424, -27.58982549969175], [-49.26917313159263, -27.58980856513266], [-49.26913716041894, -27.5897756057942], [-49.269119685419795, -27.58972662169052], [-49.2691207065765, -27.589661612827495], [-49.26908499075833, -27.589612401262087], [-49.26901253800201, -27.589578986967798], [-49.268903348313955, -27.589561369887388], [-49.26875742167027, -27.589559549932908], [-49.268648232053714, -27.589541932654445], [-49.26857577948819, -27.589508518139965], [-49.26854006396727, -27.589459306446695], [-49.26854108545424, -27.58939429760112], [-49.26856009235942, -27.58934576849592], [-49.26859708466928, -27.589313719123304], [-49.26865206238638, -27.58929814946918], [-49.268725025529406, -27.589299059513035], [-49.26878000322391, -27.589283489807006], [-49.26881699545121, -27.58925144037161], [-49.26883600220873, -27.589202911220944], [-49.26883702351003, -27.58913790236278], [-49.26889251174234, -27.58908982817729], [-49.26900246686497, -27.58905868859733], [-49.26916688889077, -27.589044483493872], [-49.26938577788607, -27.58904721267586], [-49.26954968943382, -27.589065511557017], [-49.26965862356443, -27.589099380333995], [-49.26971258026507, -27.589148819135833]]]}, "properties": {"classe": "Media"}}, {"type": "Feature", "geometry": {"type": "Polygon", "coordinates": [[[-49.267469239937725, -27.601865054122094], [-49.26746821727717, -27.60193006281396], [-49.26748569315264, -27.601979047098624], [-49.26752166758284, -27.60201200697019], [-49.26757614057032, -27.60202894241453], [-49.26764911210154, -27.602029853409263], [-49.26770307385555, -27.602079293154016], [-49.26773802587303, -27.60217726167209], [-49.26775396814116, -27.60232375897568], [-49.26775090059352, -27.60251878506591], [-49.267730356923295, -27.60266482689295], [-49.26769233710005, -27.602761884450064], [-49.267636841136635, -27.602809957725047], [-49.26756386908916, -27.60280904670024], [-49.26750786170781, -27.6028896242619], [-49.267468818893924, -27.60305169042383], [-49.267446740614105, -27.603295245194424], [-49.26744162690018, -27.60362028857648], [-49.26741954837369, -27.603863843315693], [-49.26738050500279, -27.604025909409263], [-49.26732449682088, -27.60410648684883], [-49.267251523926646, -27.604105575620558], [-49.267195771339615, -27.60416990083569], [-49.26715723898305, -27.604299462510113], [-49.26713592683511, -27.604494260654327], [-49.26713183492885, -27.604754295273487], [-49.267110522601584, -27.60494909339552], [-49.26707198982027, -27.605078655015262], [-49.267016236606764, -27.6051429801222], [-49.26694326303781, -27.605142068700463], [-49.26688827707728, -27.60515763726936], [-49.26685127870647, -27.60518968584938], [-49.2668322679228, -27.605238214454666], [-49.26683124473985, -27.605303223093003], [-49.26681223392501, -27.605351751693476], [-49.26677523546471, -27.605383800248358], [-49.26672024936153, -27.605399368743477], [-49.26664727563418, -27.605398457158362], [-49.266592033675664, -27.605430277758728], [-49.2665545234492, -27.605494830563767], [-49.26653474494839, -27.605592115586912], [-49.266532698197125, -27.605722132835762], [-49.26649467612501, -27.605819189926876], [-49.266420678677804, -27.605883286829165], [-49.26631070586576, -27.6059144234861], [-49.26616475776373, -27.605912599815667], [-49.26605504077885, -27.605927484113565], [-49.26598155487048, -27.605959076464067], [-49.265944300032196, -27.606007376924424], [-49.26594327629175, -27.606072385524914], [-49.26592426494, -27.606120913974483], [-49.26588726596336, -27.60615296226536], [-49.2658322793644, -27.606168530383407], [-49.26575930516186, -27.606167618308117], [-49.265705342426585, -27.606118177783003], [-49.265670391199286, -27.606020208831396], [-49.26565445146709, -27.605873711465478], [-49.2656575231636, -27.605678685686357], [-49.26567807035987, -27.605532644378897], [-49.265716093025496, -27.60543558753634], [-49.26577159117335, -27.605387515146486], [-49.265844564859556, -27.605388427191667], [-49.265900062929305, -27.605340354746424], [-49.26593808532648, -27.605243297828405], [-49.265958632038206, -27.60509725644982], [-49.2659617030949, -27.604902230617398], [-49.26598224968566, -27.604756189224105], [-49.26602027178009, -27.60465913226317], [-49.26607576939104, -27.604611059722398], [-49.26614874257465, -27.604611971584127], [-49.266204495988035, -27.604547646832124], [-49.26624302955446, -27.60441808548226], [-49.266264343252054, -27.60422328754503], [-49.26626843711386, -27.603963253025626], [-49.2662897506321, -27.603768455066206], [-49.266328283773746, -27.603638893661643], [-49.266384036560645, -27.603574568801424], [-49.26645700906956, -27.603575480469683], [-49.26651225010217, -27.603543659874052], [-49.26654975962169, -27.603479107033756], [-49.26656953762171, -27.603381821962177], [-49.26657158412613, -27.603251804666932], [-49.2665913620546, -27.60315451958644], [-49.266628871383176, -27.603089966713068], [-49.2666841121183, -27.603058146033423], [-49.26675708429674, -27.60305905752827], [-49.266812324981736, -27.603027236794997], [-49.26684983413651, -27.602962683852798], [-49.266869611754636, -27.6028653987151], [-49.26687165786004, -27.602735381389518], [-49.266891435406606, -27.602638096242902], [-49.266928944370434, -27.602573543267656], [-49.26698418475795, -27.60254172245035], [-49.26705715660593, -27.602542633771805], [-49.26711265266758, -27.602494560732424], [-49.26715067288677, -27.60239750334985], [-49.26717121725068, -27.60225146163629], [-49.2671742857897, -27.602056435598488], [-49.26719483003268, -27.601910393870224], [-49.2672328499492, -27.60181333644475], [-49.26728834555213, -27.60176526330987], [-49.26736131689756, -27.60176617444791], [-49.267415789737285, -27.60178310994908], [-49.26745176408487, -27.601816069835763], [-49.267469239937725, -27.601865054122094]]]}, "properties": {"classe": "Media"}}, {"type": "Feature", "geometry": {"type": "Polygon", "coordinates": [[[-49.273786297538265, -27.589979799424338], [-49.27378527911951, -27.590044808444798], [-49.27380275626979, -27.590093792056027], [-49.273838729007785, -27.59012675025214], [-49.27389319733608, -27.590143683018987], [-49.27396616124108, -27.590144590334233], [-49.2740206296005, -27.59016152305233], [-49.274056602427905, -27.590194481195628], [-49.274074079720734, -27.590243464778275], [-49.2740730614603, -27.590308473806143], [-49.27409053877574, -27.590357457387114], [-49.27412651168572, -27.590390415515294], [-49.27418098019281, -27.59040734817655], [-49.27425394428344, -27.59040825534852], [-49.274308412821675, -27.590425187961], [-49.27434438582105, -27.59045814603639], [-49.27436186327904, -27.59050712958877], [-49.27436084517694, -27.590572138624054], [-49.27439656371716, -27.590621348947032], [-49.2744690189364, -27.590654760531194], [-49.27457821084108, -27.59067237331933], [-49.27472413940724, -27.590674187223446], [-49.27483333138335, -27.590691799813484], [-49.27490578679333, -27.59072521117743], [-49.27494150563081, -27.59077442137248], [-49.274940487859034, -27.59083943042516], [-49.27503093007621, -27.590889320692938], [-49.275212832380866, -27.590924092001256], [-49.27548619480623, -27.590943743991147], [-49.275851017320264, -27.590948276119228], [-49.276124379991636, -27.590967926859612], [-49.27630628285238, -27.591002696755687], [-49.27639672586928, -27.591052586166434], [-49.27639570894381, -27.591117595266425], [-49.276467910925795, -27.59116725812238], [-49.276613331891895, -27.591201574623458], [-49.276831971863814, -27.59122054454002], [-49.27712383080835, -27.59122416752357], [-49.277342470959084, -27.59124313664167], [-49.27748789234921, -27.591277452242764], [-49.27756009495702, -27.591327114556528], [-49.27755907870588, -27.59139212369383], [-49.27759479896727, -27.591441333265298], [-49.27766725577793, -27.591474743244465], [-49.27777644914423, -27.591492353574072], [-49.27792237904221, -27.591494164166175], [-49.27803131848498, -27.59152802658568], [-49.27810326752682, -27.591593940922056], [-49.27813822615751, -27.591691907231823], [-49.27813619430236, -27.59182192553853], [-49.278207635645856, -27.59192034440667], [-49.27835255033488, -27.591987163730227], [-49.27857093839496, -27.592022383280256], [-49.27886279973027, -27.592026002704895], [-49.27908144192183, -27.592044969166786], [-49.27922686500287, -27.592079283014442], [-49.27929906895169, -27.592128944477494], [-49.27929805369168, -27.59219395366681], [-49.279333774995266, -27.592243162832446], [-49.27940623289916, -27.592276571947878], [-49.27951542740974, -27.59229418095586], [-49.27966135850305, -27.592295989768452], [-49.27977055308502, -27.592313598578336], [-49.27984301117962, -27.592347007473485], [-49.279878732780475, -27.592396216511126], [-49.279877717850866, -27.59246122571781], [-49.27989519807653, -27.592510208686456], [-49.27993117347616, -27.592543165411197], [-49.27998564405228, -27.59256009587793], [-49.28005860979135, -27.592561000064265], [-49.280111811899054, -27.59265919199833], [-49.2801452504473, -27.592854671702938], [-49.2801589253889, -27.593147439183777], [-49.28015283655762, -27.593537494429416], [-49.28013002820782, -27.59382980980769], [-49.28009050031226, -27.59402438531886], [-49.280034252918114, -27.59412122095723], [-49.27996128614699, -27.594120316711187], [-49.27990478484056, -27.594233404586173], [-49.27986474885276, -27.59446048459129], [-49.27984117811984, -27.5948015567291], [-49.279834072660286, -27.595256620995567], [-49.279846985392034, -27.595598145268344], [-49.27987991652236, -27.59582612956454], [-49.27993286611505, -27.595940573881563], [-49.28000583409033, -27.595941478197265], [-49.28005954509885, -27.596007165588585], [-49.28009399919298, -27.596137636078854], [-49.28010919635104, -27.596332889678596], [-49.28010513647729, -27.596592926385476], [-49.28012033367167, -27.596788179975526], [-49.28015478802996, -27.596918650451098], [-49.280208499573824, -27.59698433780167], [-49.28028146825087, -27.596985242003875], [-49.28033568733253, -27.59701842472013], [-49.280371156846606, -27.59708388597337], [-49.280387876786705, -27.597181625776997], [-49.2803858471123, -27.597311644134887], [-49.28040256708853, -27.597409383935847], [-49.280438036755946, -27.59747484517602], [-49.280492256120915, -27.597508027841975], [-49.280565225155655, -27.59750893191077], [-49.28061919089972, -27.59755836682538], [-49.28065415339385, -27.597656332609077], [-49.2806701126253, -27.597802829274055], [-49.28066706852783, -27.597997856821443], [-49.28068302779999, -27.59814435348109], [-49.280717990507995, -27.59824231925185], [-49.280771956664616, -27.59829175412154], [-49.2808449262291, -27.598292658066875], [-49.280899399759655, -27.598309588297376], [-49.28093537726985, -27.5983425448354], [-49.28095285875713, -27.598391527695092], [-49.28095184420284, -27.598456536882377], [-49.28096932571276, -27.598505519740392], [-49.281005303305584, -27.598538476263272], [-49.28105977698385, -27.598555406436873], [-49.28113274673399, -27.598556310238834], [-49.28118722044339, -27.598573240363656], [-49.28122319812564, -27.59860619683369], [-49.281240679778186, -27.598655179663076], [-49.281239665382344, -27.5987201888577], [-49.28125714705753, -27.59876917168541], [-49.281293124822405, -27.598802128140296], [-49.28134759867953, -27.59881905820822], [-49.28142056861533, -27.59881996186681], [-49.28147504250359, -27.598836891885924], [-49.28151102035789, -27.598869848287972], [-49.281528502175696, -27.598918831087047], [-49.28152748793833, -27.598983840289048], [-49.281544969778764, -27.59903282308644], [-49.2815809477157, -27.599065779473314], [-49.281635421751695, -27.599082709435542], [-49.28170839187314, -27.59908361295076], [-49.28176286594025, -27.599100542864186], [-49.28179884396662, -27.59913349919823], [-49.281816325949684, -27.599182481966988], [-49.28181531187079, -27.599247491176353], [-49.2818327938765, -27.599296473943426], [-49.28186877198549, -27.59932943026229], [-49.281923246200336, -27.599346360118837], [-49.28199621650744, -27.59934726349067], [-49.28205069075341, -27.59936419329841], [-49.28208666895184, -27.59939714956443], [-49.282104151100185, -27.59944613230287], [-49.282103137179746, -27.599511141519624], [-49.28212061935073, -27.599560124256374], [-49.2821565976318, -27.599593080507237], [-49.2822110720255, -27.599610010258075], [-49.28228404251824, -27.59961091348653], [-49.28233851694308, -27.599627843188582], [-49.282374495313576, -27.599660799386594], [-49.28239197762719, -27.59970978209471], [-49.28239096386524, -27.599774791318822], [-49.282408446201494, -27.59982377402525], [-49.28244442465462, -27.59985673020811], [-49.282498899227186, -27.59987365985325], [-49.282571869905595, -27.599874562938318], [-49.28262634450928, -27.59989149253467], [-49.282662323051845, -27.59992444866467], [-49.282679805530734, -27.599973431342463], [-49.28267879192727, -27.600038440573933], [-49.2826962744288, -27.600087423250027], [-49.282732253054, -27.600120379364878], [-49.28278672780542, -27.600137308904323], [-49.28285969866948, -27.600138211845998], [-49.282913920084106, -27.600171393646157], [-49.2829493920771, -27.600236854327722], [-49.28296611464209, -27.600334593904115], [-49.282964087738556, -27.600464612379206], [-49.282980810339716, -27.600562351952934], [-49.2830162824861, -27.600627812621404], [-49.2830705041841, -27.600660994371225], [-49.283143475405886, -27.60066189717945], [-49.28319795049297, -27.600678826571194], [-49.283233929458916, -27.60071178256885], [-49.2832514123012, -27.600760765186532], [-49.28325039900113, -27.600825774430174], [-49.28326788186607, -27.600874757046174], [-49.283303860914664, -27.600907713028658], [-49.283358336149476, -27.6009246423635], [-49.28343130755692, -27.600925545028325], [-49.283485529530786, -27.600958726626914], [-49.28352100209889, -27.601024187182194], [-49.283537725254845, -27.601121926707595], [-49.28353569895814, -27.60125194520698], [-49.28355242215027, -27.60134968472969], [-49.28358789487178, -27.60141514527189], [-49.28364211712903, -27.601448326820126], [-49.28371508889421, -27.601449229351484], [-49.2837695644647, -27.601466158538614], [-49.28380554385406, -27.601499114403904], [-49.28382302705976, -27.60154809696149], [-49.28382201406313, -27.60161310621725], [-49.283839497291474, -27.60166208877314], [-49.283875476763484, -27.601695044623277], [-49.283929952481714, -27.60171197375349], [-49.284002924432556, -27.601712876141434], [-49.28405714696569, -27.60174605753843], [-49.28409262010892, -27.601811517967427], [-49.284109343855896, -27.601909257441807], [-49.28410731816607, -27.60203927596546], [-49.28412404194922, -27.602137015437183], [-49.284159515245875, -27.602202475853066], [-49.284213738062405, -27.602235657199714], [-49.284286710371, -27.602236559454173], [-49.2843411864249, -27.602253488436673], [-49.284377166237704, -27.602286444169597], [-49.28439464980685, -27.602335426667057], [-49.28439363711366, -27.60240043593496], [-49.28441112070545, -27.602449418430734], [-49.2844471006009, -27.60248237414847], [-49.284501576802555, -27.602499303074055], [-49.284574549296806, -27.6025002051851], [-49.28462877238923, -27.602533386380497], [-49.28466424610764, -27.60259884668315], [-49.28468097044566, -27.60269658610652], [-49.28467894536278, -27.602826604654453], [-49.28469566973698, -27.602924344075156], [-49.28473114360882, -27.60298980436472], [-49.284785366984664, -27.603022985509746], [-49.28485833983668, -27.603023887487304], [-49.2849125632699, -27.603057068584963], [-49.28494803731215, -27.60312252882567], [-49.28496476195705, -27.60322026822282], [-49.28496273716408, -27.603350286780298], [-49.284979461845175, -27.60344802617478], [-49.28501493604087, -27.603513486402374], [-49.28506915975751, -27.60354666744967], [-49.285142132967295, -27.603547569293724], [-49.2851966098092, -27.60356449797264], [-49.28523259029681, -27.60359745350881], [-49.28525007442759, -27.603646435916346], [-49.28524906218286, -27.60371144520116], [-49.28526654633629, -27.603760427607003], [-49.28530252690656, -27.603793383127986], [-49.28535700389622, -27.60381031174998], [-49.28542997729168, -27.60381121345061], [-49.28548445431247, -27.603828142023797], [-49.285520434972184, -27.60386109749191], [-49.285537919268286, -27.603910079869095], [-49.28553690718209, -27.60397508916126], [-49.285554391500845, -27.604024071536756], [-49.28559037224323, -27.60405702698971], [-49.285644849411774, -27.604073955505964], [-49.28571782299289, -27.604074857063154], [-49.28577230019257, -27.604091785530613], [-49.285808281024394, -27.604124740930683], [-49.28582576548582, -27.604173723277526], [-49.285824753558174, -27.604238732577027], [-49.28586048147451, -27.60428794029072], [-49.28593294927155, -27.604321346392094], [-49.28604215695563, -27.60433895082386], [-49.28618810450278, -27.60434075349802], [-49.286297312258235, -27.60435835773157], [-49.28636978024602, -27.604391763612487], [-49.28640550845979, -27.604440971198073], [-49.286404496862794, -27.60450598051483], [-49.28642198164468, -27.60455496279873], [-49.286457962824116, -27.60458791804387], [-49.286512440403634, -27.604604846236104], [-49.286585414369654, -27.60460574735307], [-49.286639639114, -27.604638927827313], [-49.28667511466451, -27.604704387681785], [-49.28669184101483, -27.60480212692991], [-49.286689818124415, -27.60493214557555], [-49.28670654451094, -27.60502988482099], [-49.28674202021492, -27.605095344662338], [-49.28679624524273, -27.605128525086208], [-49.28686921956653, -27.60512942606964], [-49.286923191821465, -27.605178858778107], [-49.28695816204832, -27.605276823234853], [-49.286974130234384, -27.6054233194521], [-49.28697109631347, -27.605618347430987], [-49.286987064540405, -27.605764843642888], [-49.2870220349814, -27.60586280808665], [-49.28707600764914, -27.605912240750072], [-49.287148982502856, -27.605913141609882], [-49.287202955253825, -27.605962574227252], [-49.28723792594283, -27.60606053862548], [-49.28725389455718, -27.606207034816748], [-49.287250861030685, -27.60640206280221], [-49.28723034204589, -27.606548108584494], [-49.28719233757218, -27.60664517215687], [-49.287136847622264, -27.606693253507142], [-49.28706387225217, -27.606692352617596], [-49.287008635058555, -27.606724181583484], [-49.2869711360047, -27.606788740424033], [-49.28695137508426, -27.60688602915265], [-49.28694935232124, -27.60701604777693], [-49.28692959132942, -27.60711333649667], [-49.2868920920848, -27.607177895304282], [-49.28683685459373, -27.607209724186315], [-49.28676387889291, -27.607208823123575], [-49.28671066441811, -27.607110633348363], [-49.28667721124135, -27.606915154883474], [-49.2866635193156, -27.60662238773461], [-49.28666958847481, -27.606232331890357], [-49.286655896550535, -27.605939564717985], [-49.28662244370886, -27.60574408622893], [-49.286569229996786, -27.60564589641749], [-49.28649625534231, -27.605644995260864], [-49.286441777259995, -27.60562806704146], [-49.28640579576344, -27.605595111781636], [-49.286388310850114, -27.605546129495547], [-49.28638932250132, -27.60548112018906], [-49.286371837610645, -27.605432137901285], [-49.28633585619677, -27.60539918262629], [-49.28628137826222, -27.60538225434994], [-49.28620840379342, -27.60538135304987], [-49.28615392589, -27.605364424724712], [-49.28611794456557, -27.605331469396848], [-49.28610045981758, -27.605282487080405], [-49.286101471627354, -27.605217477781274], [-49.286065743321785, -27.605168270117364], [-49.28599327493761, -27.605134864062155], [-49.28588406648118, -27.605117259558348], [-49.28573811792848, -27.605115456517957], [-49.28562890954342, -27.60509785181593], [-49.28555644135001, -27.605064445540272], [-49.28552071334189, -27.605015237748248], [-49.28552172548233, -27.604950228466375], [-49.28548599752439, -27.604901020667025], [-49.285413529504794, -27.604867614323627], [-49.28530432142989, -27.60485000937895], [-49.28515837327568, -27.60484820574496], [-49.28504916527215, -27.604830600602053], [-49.28497669744331, -27.604797194038238], [-49.28494096978281, -27.604747986110763], [-49.28494198225392, -27.604682976846174], [-49.284906254643595, -27.604633768911373], [-49.28483378698857, -27.604600362279815], [-49.284724579295194, -27.604582756894274], [-49.28457863153948, -27.6045809526667], [-49.28446942391749, -27.604563347082934], [-49.28439695645324, -27.604529940230957], [-49.28436122914035, -27.604480732168042], [-49.28436224194211, -27.604415722920745], [-49.284344758110194, -27.604366740418865], [-49.28430877766329, -27.604333784656546], [-49.28425430060394, -27.604316855619622], [-49.28418132691855, -27.604315953285727], [-49.284127103123716, -27.60428277188981], [-49.28409162924725, -27.604217311454796], [-49.28407490528279, -27.604119571994108], [-49.28407693118981, -27.60398955351162], [-49.28406020726153, -27.603891814048254], [-49.28402473353851, -27.60382635360015], [-49.2839705100271, -27.60379317215387], [-49.283897536699506, -27.603792269686483], [-49.283843566514896, -27.60374283588379], [-49.28380859951405, -27.603644870769074], [-49.28379263568425, -27.60349837435452], [-49.283795674959265, -27.603303346641272], [-49.283779711170254, -27.603156850221374], [-49.28374474438344, -27.603058885093706], [-49.28369077461155, -27.603009451246024], [-49.28361780181383, -27.603008548655083], [-49.28356332552044, -27.602991619378322], [-49.28352734574497, -27.602958663438084], [-49.28350986248489, -27.60290968084855], [-49.283510875721504, -27.60284467161559], [-49.28349339248406, -27.60279568902435], [-49.28345741279125, -27.602762733068968], [-49.28340293664561, -27.602745803735278], [-49.28332996403357, -27.602744901000925], [-49.28327574126116, -27.60271171931184], [-49.283240268356195, -27.60264625869094], [-49.28322354531233, -27.602548519151664], [-49.28322557208901, -27.602418500697883], [-49.283208849081305, -27.60232076115594], [-49.28317337632976, -27.60225530052194], [-49.28311915384076, -27.602222118782517], [-49.28304618158648, -27.602221215914685], [-49.28299195915485, -27.602188034127877], [-49.28295648657371, -27.602122573445047], [-49.282939763836666, -27.602024833879575], [-49.282941790903195, -27.60189481543538], [-49.282925068202324, -27.601797075867253], [-49.282889595774584, -27.601731615171317], [-49.28283537362636, -27.60169843333417], [-49.28276240172983, -27.60169753033287], [-49.28270792622443, -27.601680600752577], [-49.28267194712375, -27.601647644615635], [-49.282654464425235, -27.60159866193621], [-49.282655478110215, -27.60153365272019], [-49.282637995434335, -27.601484670039063], [-49.282602016416305, -27.601451713886977], [-49.28254754105864, -27.601434784249772], [-49.282474569347784, -27.601433881105073], [-49.28242009402126, -27.60141695141907], [-49.28238411509267, -27.601383995214107], [-49.28236663255944, -27.601335012504368], [-49.28236764640291, -27.601270003295692], [-49.282350163892325, -27.601221020584248], [-49.28231418504637, -27.60118806436415], [-49.28225970986759, -27.601171134621232], [-49.282186738342396, -27.601170231333136], [-49.282132263194754, -27.601153301541423], [-49.28209628443823, -27.60112034526847], [-49.282078802070295, -27.601071362528394], [-49.282079816072255, -27.601006353327087], [-49.282062333726955, -27.600957370585324], [-49.282026355053084, -27.600924414297204], [-49.28197188005317, -27.600907484448587], [-49.28189890871365, -27.600906581017103], [-49.2818446872783, -27.600873398821], [-49.28180921577494, -27.600807937883214], [-49.281792494197184, -27.60071019821717], [-49.28179452250449, -27.600580179826743], [-49.28177780096288, -27.60048244015803], [-49.281742329612904, -27.60041697920716], [-49.281688108460926, -27.600383796960724], [-49.28161513747914, -27.600382893395796], [-49.2815606628149, -27.600365963399504], [-49.281524684481774, -27.600333006994195], [-49.28150720247722, -27.600284024194032], [-49.28150821678256, -27.6002190150049], [-49.28149073480065, -27.600170032203042], [-49.28145475655016, -27.600137075782587], [-49.28140028203365, -27.600120145729385], [-49.28132731123753, -27.600119242021076], [-49.281273090361424, -27.600086059623436], [-49.281237619433135, -27.600020598559404], [-49.28122089844628, -27.5999228588424], [-49.281222927360304, -27.599792840476304], [-49.28120620640959, -27.59969510075663], [-49.281170735634674, -27.599629639679524], [-49.281116515041916, -27.599596457231556], [-49.281043544603534, -27.599595553389815], [-49.280989324068166, -27.599562370894493], [-49.28095385346361, -27.59949690976855], [-49.2809371327835, -27.59939917002538], [-49.28093916198728, -27.599269151668867], [-49.2809224413433, -27.599171411923045], [-49.280886970892105, -27.59910595078402], [-49.28083275064009, -27.599072768238397], [-49.28075978055943, -27.599071864263216], [-49.28070530668308, -27.599054933963473], [-49.28066932902462, -27.59902197736154], [-49.28065184758151, -27.598972994471538], [-49.28065286233507, -27.59890798529937], [-49.28063538091459, -27.59885900240769], [-49.28059940333877, -27.598826045790585], [-49.280544929610144, -27.598809115433962], [-49.28047195971514, -27.59880821131542], [-49.280417486017654, -27.598791280909985], [-49.28038150853126, -27.598758324240052], [-49.28036402725341, -27.598709341319736], [-49.28036504216542, -27.598644332154954], [-49.28034756091021, -27.59859534923295], [-49.28031158350644, -27.598562392547873], [-49.28025710995667, -27.598545462085553], [-49.28018414024733, -27.59854455782364], [-49.2801296667287, -27.598527627312542], [-49.280093689414365, -27.598494670574606], [-49.280076208301764, -27.598445687623997], [-49.28007722337223, -27.59838067846656], [-49.28005974228227, -27.59833169551426], [-49.280023765050565, -27.598298738761187], [-49.27996929167965, -27.598281808193192], [-49.27989632215597, -27.59828090378792], [-49.27984235641707, -27.59823146859566], [-49.2798073945037, -27.5981335026397], [-49.27979143640311, -27.59798700593224], [-49.27979448204903, -27.59779197847441], [-49.27977852398911, -27.597645481761617], [-49.279743562289596, -27.597547515792737], [-49.27968959696324, -27.597498080555578], [-49.27961662796931, -27.597497176026845], [-49.27956240889302, -27.597463993030875], [-49.27952693976215, -27.597398531590592], [-49.27951022057032, -27.59730079171944], [-49.279512251277, -27.59717077342127], [-49.279495532121295, -27.597073033547435], [-49.27946006314376, -27.597007572094103], [-49.27940584435077, -27.596974389047833], [-49.279332875714545, -27.59697348438571], [-49.27927840310937, -27.596956553578057], [-49.27924242654885, -27.59692359664722], [-49.2792249460304, -27.59687461360737], [-49.27922596153537, -27.59680960446437], [-49.279208481039554, -27.596760621422824], [-49.27917250456164, -27.59672766447686], [-49.27911803210419, -27.59671073361232], [-49.279045063653605, -27.59670982880684], [-49.278991606862675, -27.596627888756842], [-49.27895766179417, -27.596464913485523], [-49.27894322841491, -27.596220903001225], [-49.278948306595765, -27.59589585729741], [-49.27893387323946, -27.595651846797377], [-49.27889992847513, -27.59548887150766], [-49.27884647233594, -27.59540693141991], [-49.278773504759144, -27.595406026510933], [-49.27871928694931, -27.595372843234408], [-49.278683818934226, -27.595307381613303], [-49.278667100707516, -27.59520964166099], [-49.27866913222863, -27.59507962338136], [-49.27865241403802, -27.594981883426403], [-49.27861694617624, -27.594916421792213], [-49.27856272864968, -27.594883238465425], [-49.27848976143055, -27.594882333423065], [-49.27843706778504, -27.594751636346267], [-49.27840464779942, -27.59449114725636], [-49.27839250139071, -27.59410086615223], [-49.27840062830673, -27.59358079301045], [-49.278370240304085, -27.593190285595178], [-49.278301337765896, -27.59292934391577], [-49.27819392077895, -27.59279796793019], [-49.27804798913374, -27.59279615754501], [-49.27793879443106, -27.592778547371303], [-49.27786633669485, -27.592745137497044], [-49.27783061591872, -27.592695927979477], [-49.277831632065954, -27.59263091884508], [-49.277795911339965, -27.592581709320196], [-49.27772345377745, -27.592548299378308], [-49.27761425938481, -27.592530688962157], [-49.27746832813809, -27.592528877983792], [-49.277359133816866, -27.59251126736954], [-49.27728667644509, -27.592477857207378], [-49.277250956016374, -27.592428647554527], [-49.27725197249399, -27.5923636384375], [-49.27723449348259, -27.592314655189522], [-49.27719851900082, -27.592281697804705], [-49.277144049051266, -27.59226476626892], [-49.27707108362034, -27.592263860559786], [-49.27701661370192, -27.59224692897523], [-49.27698063930956, -27.592213971537593], [-49.27696316044072, -27.592164988261015], [-49.27696417707672, -27.5920999791514], [-49.27691021558916, -27.592050542974732], [-49.27680127603411, -27.592016679669513], [-49.2766373584243, -27.5919983891067], [-49.27641846272929, -27.591995671089578], [-49.27625454524014, -27.59197738007875], [-49.276145605987374, -27.59194351627089], [-49.276091644958186, -27.59189407979506], [-49.276092662096545, -27.59182907071278], [-49.276020459878296, -27.591779407653977], [-49.27587503838009, -27.591745090507786], [-49.27565639762365, -27.591726119044587], [-49.27536453757581, -27.591722492915867], [-49.275145896998254, -27.591703520654182], [-49.27500047592415, -27.59166920260801], [-49.27492827433178, -27.59161953900702], [-49.27492929214447, -27.591554529962092], [-49.274893573079716, -27.59150531975785], [-49.27482111717422, -27.59147190836784], [-49.2747119244344, -27.591454295734806], [-49.27456599483631, -27.59145248177079], [-49.274456802167926, -27.591434868939675], [-49.27438434645319, -27.59140145732941], [-49.2743486276857, -27.59135224699726], [-49.27434964582873, -27.591287237969684], [-49.27433216827246, -27.591238254415604], [-49.27429619503557, -27.591205296329125], [-49.27424172612061, -27.591188363696098], [-49.27416876151402, -27.591187456494175], [-49.2741142926302, -27.591170523812377], [-49.27407831948271, -27.591137565673094], [-49.27406084206899, -27.591088582090432], [-49.27406186037037, -27.591023573070274], [-49.27404438297926, -27.59097458948593], [-49.27400840991436, -27.590941631331514], [-49.27395394117821, -27.590924698592882], [-49.27388097675726, -27.59092379124768], [-49.273826508052245, -27.59090685846028], [-49.27379053507675, -27.590873900253058], [-49.273773057828194, -27.590824916640134], [-49.27377407628791, -27.59075990762739], [-49.27375659906196, -27.590710924012786], [-49.27372062616904, -27.590677965790423], [-49.2736661576117, -27.590661032946198], [-49.273593193376385, -27.590660125457717], [-49.27353872485019, -27.590643192564702], [-49.273502752046674, -27.590610234289557], [-49.27348527496327, -27.59056125064637], [-49.27348629358132, -27.59049624164105], [-49.273468816520534, -27.59044725799619], [-49.2734328437996, -27.59041429970589], [-49.27337837542107, -27.590397366756058], [-49.27330541137139, -27.590396459124303], [-49.273250943023996, -27.5903795261257], [-49.27321497039246, -27.590346567782607], [-49.27319749347422, -27.59029758410917], [-49.273198512250595, -27.590232575111276], [-49.27318103535496, -27.590183591436148], [-49.273145062806, -27.590150633077943], [-49.27309059460628, -27.59013370002251], [-49.27301763074223, -27.59013279224748], [-49.27296316257365, -27.590115859143285], [-49.272927190114096, -27.59008290073227], [-49.27290971336101, -27.59003391702858], [-49.272910732295706, -27.589968908038088], [-49.27296621928356, -27.589920832166666], [-49.27307617428389, -27.589889689347235], [-49.273240597309496, -27.589875479450683], [-49.27345948842666, -27.589878202286013], [-49.27362340215742, -27.589896496440225], [-49.27373233853222, -27.589930362109968], [-49.273786297538265, -27.589979799424338]]]}, "properties": {"classe": "Alta"}}, {"type": "Feature", "geometry": {"type": "Polygon", "coordinates": [[[-49.26652092911122, -27.60646973196667], [-49.26651785884033, -27.60666475781289], [-49.26649731245291, -27.60681079926348], [-49.26645928991858, -27.606907856311672], [-49.26640379125016, -27.60695592894526], [-49.26633081650381, -27.606955017146593], [-49.266275829550175, -27.606970585423266], [-49.266238830370554, -27.607002633795766], [-49.26621981896236, -27.607051162278253], [-49.26621879533917, -27.607116170878477], [-49.26623627133947, -27.607165155297892], [-49.26627224698198, -27.60719811553064], [-49.266326722269255, -27.60721505156254], [-49.26639969718773, -27.60721596337124], [-49.26645340488694, -27.60728165580937], [-49.266487845419206, -27.607412128900318], [-49.26650301876266, -27.6076073826546], [-49.26649892482127, -27.607867417069855], [-49.266514098200524, -27.60806267081449], [-49.26654853899648, -27.608193143890873], [-49.266602247230985, -27.60825883628848], [-49.26667522285171, -27.60825974798393], [-49.266729698726174, -27.608276683882035], [-49.26676567486793, -27.608309644005182], [-49.26678315127442, -27.608358628367526], [-49.26678212792692, -27.608423636974923], [-49.26679960435602, -27.608472621335583], [-49.26683558058041, -27.60850558144362], [-49.26689005660268, -27.60852251728487], [-49.266963032409265, -27.60852342883697], [-49.26701750846272, -27.60854036462943], [-49.26705348477662, -27.608573324684638], [-49.26707096134838, -27.60862230901673], [-49.26706993815931, -27.608687317631574], [-49.26708741475369, -27.608736301961983], [-49.26712339115023, -27.608769262002056], [-49.2671778673515, -27.608786197737675], [-49.26725084334393, -27.608787109146427], [-49.267305063812046, -27.608820296988597], [-49.26734052878363, -27.608885761287166], [-49.26735723825224, -27.608983502055526], [-49.267355192177256, -27.609113519297562], [-49.267371901681884, -27.609211260063297], [-49.26740736680675, -27.609276724348838], [-49.267461587558294, -27.609309912140812], [-49.26753456390872, -27.609310823416234], [-49.267588528989336, -27.609360263317406], [-49.267623482840825, -27.609458231867595], [-49.267639425450355, -27.609604729079045], [-49.26763635675152, -27.609799754952846], [-49.26765229940148, -27.609946252158988], [-49.267687253466654, -27.610044220696345], [-49.267741218959884, -27.61009366055274], [-49.26781419584047, -27.61009457170485], [-49.26786841711259, -27.610127759358125], [-49.267903882804006, -27.610193223535536], [-49.267920592908304, -27.610290964250503], [-49.26791854738485, -27.61042098150687], [-49.26793525752518, -27.610518722219183], [-49.26797072336991, -27.61058418638357], [-49.268024944925465, -27.61061737398664], [-49.268097922164074, -27.61061828500541], [-49.26815239943628, -27.61063522040274], [-49.26818837675566, -27.610668180201007], [-49.26820585411964, -27.610717164414375], [-49.26820483150952, -27.61078217304871], [-49.26822230889613, -27.610831157260403], [-49.26825828629816, -27.61086411704354], [-49.26831276371819, -27.610881052384013], [-49.268385741142666, -27.61088196325941], [-49.26844021859388, -27.610898898551074], [-49.268476196085416, -27.610931858281383], [-49.268493673614714, -27.61098084246448], [-49.26849265116305, -27.611045851106283], [-49.268510128714965, -27.611094835287705], [-49.26854610628916, -27.611127795002886], [-49.268600583888215, -27.61114473023768], [-49.268673561498545, -27.611145640969703], [-49.268728039128774, -27.611162576155703], [-49.268764016792474, -27.61119553581804], [-49.26878149448708, -27.611244519970892], [-49.26878047219388, -27.61130952862011], [-49.26879794991111, -27.611358512771275], [-49.268833927657475, -27.611391472418493], [-49.26888840543553, -27.61140840754762], [-49.268961383231726, -27.611409318136268], [-49.26901586104097, -27.611426253216585], [-49.26905183887684, -27.611459212810974], [-49.26906931673676, -27.61150819693355], [-49.26906829460203, -27.611573205590215], [-49.26908577248458, -27.611622189711117], [-49.26912175040311, -27.61165514929036], [-49.26917622836019, -27.61167208431381], [-49.26924920634224, -27.61167299475908], [-49.2693036843305, -27.611689929733714], [-49.26933966233854, -27.611722889260136], [-49.26935714036379, -27.61177187335244], [-49.26935611838753, -27.61183688201654], [-49.26937359643539, -27.611885866107176], [-49.269409574526094, -27.611918825618446], [-49.26946405266219, -27.611935760536223], [-49.26953703083011, -27.6119366708381], [-49.26959150899739, -27.61195360570706], [-49.269627487177594, -27.6119865651655], [-49.26964496536816, -27.61203554922754], [-49.269643943550385, -27.612100557899094], [-49.26966142176357, -27.612149541959457], [-49.26969740002644, -27.61218250140275], [-49.26975187834156, -27.612199436214848], [-49.269824856695344, -27.612200346373342], [-49.26987933504164, -27.612217281136623], [-49.26991531339401, -27.61225024052708], [-49.26993279174991, -27.612299224558843], [-49.269931770090615, -27.612364233237848], [-49.269894514594064, -27.612412534696883], [-49.26982102523247, -27.61244412890574], [-49.26971130201224, -27.612459015807094], [-49.26956534497401, -27.612457195316676], [-49.2694561326907, -27.61243957768282], [-49.26938366518625, -27.612406162993565], [-49.26934794245423, -27.6123569513062], [-49.269348964457876, -27.612291942647236], [-49.26933148636709, -27.612242958553786], [-49.26929550820058, -27.612209999019942], [-49.2692410299609, -27.612193064031565], [-49.26916805163451, -27.612192153566262], [-49.26911357342602, -27.61217521852907], [-49.26907759534902, -27.612142258942395], [-49.26906011740093, -27.612093274820353], [-49.26906113956306, -27.612028266168828], [-49.269043661637596, -27.61197928204511], [-49.26900768364325, -27.611946322443284], [-49.268953205582605, -27.611929387349235], [-49.268880227442075, -27.61192847674056], [-49.268825749412606, -27.61191154159769], [-49.26878977150778, -27.611878581943035], [-49.268772293725014, -27.611829597790724], [-49.26877331604561, -27.611764589146663], [-49.268755838285465, -27.611715604992675], [-49.26871986046329, -27.61168264532288], [-49.26866538258166, -27.61166571012315], [-49.26859240462701, -27.611664799371088], [-49.26853792677655, -27.61164786412255], [-49.268501949043895, -27.61161490439993], [-49.268484471426454, -27.611565920217352], [-49.268485493905516, -27.61150091158072], [-49.268468016310685, -27.611451927396477], [-49.268432038660684, -27.611418967658707], [-49.26837756095807, -27.611402032353308], [-49.26830458318928, -27.611401121457874], [-49.26825010551785, -27.611384186103656], [-49.26821412795736, -27.61135122631306], [-49.268196650505224, -27.611302242100226], [-49.26819767314275, -27.611237233471048], [-49.26818019571324, -27.611188249256532], [-49.268144218235406, -27.61115528945082], [-49.26808974071181, -27.611138354039745], [-49.268016763128884, -27.611137443000928], [-49.267962285636465, -27.611120507541056], [-49.267926308248136, -27.611087547682498], [-49.26790883096132, -27.61103856343941], [-49.26790985375731, -27.61097355481765], [-49.26789237649311, -27.610924570572887], [-49.26785639918743, -27.610891610699206], [-49.267801921842846, -27.61087467518247], [-49.26772894444579, -27.61087376400029], [-49.26767446713239, -27.610856828434734], [-49.267638489916216, -27.610823868508223], [-49.26762101279471, -27.610774884234882], [-49.267622035749156, -27.610709875620582], [-49.26760455865026, -27.610660891345557], [-49.26756858151674, -27.610627931403922], [-49.26751410435117, -27.610610995781517], [-49.26744112713999, -27.610610084455967], [-49.2673866500056, -27.61059314878475], [-49.267350672961584, -27.610560188790288], [-49.26733319600539, -27.610511204486684], [-49.267334219118275, -27.610446195879835], [-49.26731674218468, -27.610397211574554], [-49.26728076522333, -27.61036425156495], [-49.26722628823678, -27.61034731583689], [-49.267153311211445, -27.61034640436797], [-49.267099090067234, -27.610313216441043], [-49.267063624831906, -27.61024775207908], [-49.26704691549904, -27.61015001129548], [-49.267048962028, -27.61001999409413], [-49.26703225273115, -27.609922253307893], [-49.26699678764913, -27.609856788932913], [-49.26694256678835, -27.609823600955778], [-49.26686959012105, -27.609822689353532], [-49.266815369317705, -27.609789501329058], [-49.26677990440612, -27.6097240369053], [-49.266763195379845, -27.609626296095676], [-49.26676524219826, -27.609496278904057], [-49.266748533208, -27.60939853809179], [-49.266713068449704, -27.609333073655034], [-49.2666588479298, -27.609299885580345], [-49.2665858716205, -27.609298973844773], [-49.26653139527451, -27.60928203787036], [-49.2664954189054, -27.60924907767948], [-49.26647794251059, -27.609200093286276], [-49.266478966071375, -27.609135084696632], [-49.266461489699175, -27.609086100301752], [-49.2664255134127, -27.60905314009573], [-49.26637103721453, -27.609036204064477], [-49.2662980610911, -27.609035292185556], [-49.26624358492412, -27.609018356105484], [-49.26620760872715, -27.608985395846663], [-49.26619013249763, -27.60893641142321], [-49.266191156216834, -27.608871402841018], [-49.266118948028996, -27.608821734437335], [-49.26597350801089, -27.608787406101218], [-49.26575483618436, -27.608768417602874], [-49.2654629325164, -27.608764768593545], [-49.26524374873338, -27.608778283571617], [-49.265097284739255, -27.608808962878324], [-49.26502354051214, -27.60885680674348], [-49.26502251610436, -27.608921815285516], [-49.264985259782, -27.60897011540321], [-49.26491177151728, -27.60900170706627], [-49.26480205131664, -27.60901659021743], [-49.26465609922073, -27.609014764772418], [-49.26454637898411, -27.60902964771908], [-49.264472890566125, -27.609061239141724], [-49.26443563396035, -27.609109539097584], [-49.26443460919455, -27.609174547616977], [-49.26439735253133, -27.60922284755927], [-49.26432386394293, -27.609254438894194], [-49.264214143435765, -27.60926932156449], [-49.26406819105049, -27.60926749548586], [-49.26395847050734, -27.609282377951665], [-49.26388498176567, -27.609313969046156], [-49.26384772481904, -27.60936226882661], [-49.263846699695215, -27.60942727732334], [-49.26380944269115, -27.609475577090222], [-49.26373595377905, -27.60950716809703], [-49.26362623296536, -27.609522050286433], [-49.26348028029074, -27.609520223574183], [-49.26337055944108, -27.6095351055591], [-49.26329707037572, -27.60956669632544], [-49.26325981308823, -27.609614995930496], [-49.26325878760638, -27.609680004404538], [-49.26323977437698, -27.60972853237903], [-49.26320277338648, -27.609760579846213], [-49.26314778463744, -27.60977614679193], [-49.263074808148595, -27.609775233195684], [-49.26301981937696, -27.60979080008946], [-49.26298281830381, -27.60982284749377], [-49.26296380492659, -27.60987137542275], [-49.26296277925884, -27.60993638388414], [-49.26292552169529, -27.609984683384432], [-49.262852032208144, -27.610016273893322], [-49.262742310803866, -27.610031155353532], [-49.2625963575231, -27.61002932768078], [-49.262486636082855, -27.610044208936483], [-49.26241314644246, -27.610075799204928], [-49.262375888595486, -27.610124098543366], [-49.26237486256969, -27.61018910698209], [-49.262355848856565, -27.610237634810037], [-49.262318847442565, -27.61026968201942], [-49.26226385833024, -27.61028524859612], [-49.26219088153833, -27.610284334519605], [-49.26213589240341, -27.61029990104435], [-49.262098890906756, -27.610331948190883], [-49.2620798770458, -27.610380475973294], [-49.2620788508341, -27.610445484399403], [-49.26205983694195, -27.610494012177007], [-49.262022835355786, -27.610526059298348], [-49.261967846078186, -27.610541625749303], [-49.26189486912787, -27.610540711509348], [-49.2618403930069, -27.610523773700034], [-49.261804417728825, -27.610490812343766], [-49.26178694329107, -27.610441827454675], [-49.26178796967493, -27.610376819038628], [-49.26177049525978, -27.61032783414786], [-49.261734520064344, -27.61029487277647], [-49.26168004409121, -27.61027793491034], [-49.2616070673268, -27.610277020527057], [-49.26155182149689, -27.610308838918918], [-49.2615143065647, -27.61037339010515], [-49.26149452252377, -27.61047067409913], [-49.26149246939799, -27.61060069090851], [-49.261472685285426, -27.610697974893576], [-49.26143517016216, -27.610762526046695], [-49.26137992403465, -27.61079434435446], [-49.26130694693968, -27.610793429797674], [-49.26125195744149, -27.61080899595338], [-49.26121495552132, -27.61084104284208], [-49.26119594117662, -27.61088957047793], [-49.26119491442094, -27.610954578868707], [-49.261212388659025, -27.611003563820564], [-49.26124836390958, -27.611036525327652], [-49.261302840175205, -27.611053463375814], [-49.26137581744233, -27.61105437794267], [-49.26143003708316, -27.611087568041388], [-49.261465499125464, -27.61115303369494], [-49.261482203562785, -27.61125077491675], [-49.26148015035448, -27.611380791710666], [-49.26146036605089, -27.61147807567658], [-49.261422850628115, -27.611542626806877], [-49.261367604092605, -27.61157444508814], [-49.26129462648115, -27.611573530501172], [-49.26123937989551, -27.611605348728794], [-49.26120186429885, -27.611669899790222], [-49.26118207968473, -27.611767183698852], [-49.26118002607707, -27.611897200462327], [-49.26116024139131, -27.611994484362043], [-49.26112272560356, -27.612059035390367], [-49.26106747872028, -27.612090853533886], [-49.26099450077826, -27.612089938773387], [-49.26094002406327, -27.61207300058508], [-49.26090404858885, -27.612040038991363], [-49.26088657435245, -27.611991054006374], [-49.26088760133533, -27.61192604563597], [-49.26087012712153, -27.611877060649302], [-49.26083415172976, -27.61184409904047], [-49.26077967516261, -27.611827160795347], [-49.26070669740652, -27.611826245891514], [-49.26065119375382, -27.611874315960915], [-49.26061316414837, -27.611971371021212], [-49.26059260857724, -27.61211741108459], [-49.2605895270708, -27.612312436157836], [-49.26056897137853, -27.612458476206502], [-49.26053094147009, -27.612555531223812], [-49.260475437358366, -27.61260360119759], [-49.260402459099524, -27.612602686110165], [-49.26034721174255, -27.612634503942193], [-49.26030969525063, -27.612699054712884], [-49.26028990961733, -27.612796338435654], [-49.26028785486653, -27.61292635511812], [-49.260268069161576, -27.61302363883196], [-49.26023055247856, -27.61308818956954], [-49.26017530482393, -27.613120007317452], [-49.26010232623451, -27.613119092056493], [-49.26004733541233, -27.613134657668194], [-49.260010332338666, -27.613166704173082], [-49.25999131701094, -27.61321523158529], [-49.25999028944272, -27.613280239912605], [-49.25997127408379, -27.613328767319995], [-49.25993427092059, -27.6133608137997], [-49.25987927995571, -27.61337637933759], [-49.259806301207874, -27.613375463913155], [-49.25975259486255, -27.61330976900151], [-49.25971816097202, -27.613179294626057], [-49.25970299951435, -27.61298404079734], [-49.25970711039335, -27.612724007512963], [-49.25969194897121, -27.6125287536746], [-49.25965751534414, -27.61239827928466], [-49.25960380953407, -27.612332584332616], [-49.2595308314887, -27.61233166879506], [-49.259476611872564, -27.61229847795762], [-49.25944115071339, -27.612233011843244], [-49.25942444800476, -27.612135270465377], [-49.25942650370597, -27.612005253827856], [-49.259446289912624, -27.6119079702463], [-49.259483806600834, -27.611843419713068], [-49.259539053777054, -27.611811602214768], [-49.25961203147807, -27.611812517732186], [-49.259667535527846, -27.611764448097745], [-49.2597055658702, -27.611667393329142], [-49.25972612249222, -27.611521353438533], [-49.25972920542425, -27.611326328432707], [-49.25974976192512, -27.611180288527375], [-49.25978779196448, -27.611083233715785], [-49.25984329555522, -27.61103516398571], [-49.25991627275353, -27.611036079319522], [-49.25997126252528, -27.61102051370787], [-49.260008264851756, -27.61098846717124], [-49.26002727973037, -27.610939939723803], [-49.260028307174686, -27.610874931373285], [-49.260065566288745, -27.610826632729655], [-49.260139057044796, -27.61079504376263], [-49.26024877944929, -27.610780164414898], [-49.26039473354289, -27.61078199460221], [-49.26050445591143, -27.61076711504997], [-49.26057794651425, -27.610735525842475], [-49.2606152053449, -27.610687227036966], [-49.26061623243113, -27.61062221866375], [-49.26063524697383, -27.610573691115242], [-49.26067224895942, -27.61054164438367], [-49.260727238390515, -27.61052607845489], [-49.2608002152858, -27.6105269933084], [-49.260855461428825, -27.610495175231936], [-49.26089297678281, -27.610430624244728], [-49.260912761341295, -27.610333340360157], [-49.26091481512817, -27.610203323585864], [-49.260934599615005, -27.61010603969237], [-49.260972114777914, -27.610041488672046], [-49.261027360623345, -27.61000967051148], [-49.26110033718808, -27.610010585191475], [-49.26115532629874, -27.609995019076813], [-49.26119232793659, -27.609962972187997], [-49.26121134209907, -27.609914444539157], [-49.26121236879972, -27.609849436138116], [-49.26123138293099, -27.609800908484463], [-49.26126838447933, -27.60976886157047], [-49.26132337344731, -27.609753295382], [-49.26139634985366, -27.60975420989855], [-49.2614515954372, -27.609722391555454], [-49.261489110161136, -27.6096578403719], [-49.26150889401902, -27.609560556361302], [-49.26151094703476, -27.609430539531296], [-49.26153073082101, -27.609333255511775], [-49.26156824535388, -27.609268704295133], [-49.26162349063983, -27.609236885867926], [-49.26169646671564, -27.60923780021097], [-49.26175042900811, -27.60928724226223], [-49.261785377557906, -27.609385212044998], [-49.26180131235215, -27.609531709571492], [-49.26179823332436, -27.609726734842805], [-49.2618141681589, -27.609873232364002], [-49.26184911692223, -27.609971202133984], [-49.26190307962724, -27.610020644140555], [-49.26197605623324, -27.610021558360387], [-49.26203181491164, -27.609957235571702], [-49.262070355585614, -27.609827675790363], [-49.26209167823326, -27.609632879026876], [-49.26209578288755, -27.60937284528641], [-49.26211710535563, -27.609178048500713], [-49.26215564560453, -27.60904848866461], [-49.26221140365617, -27.60898416576762], [-49.262284379587335, -27.60898507979385], [-49.26233936803691, -27.608969513176216], [-49.26237636898618, -27.60893746593526], [-49.262395382432565, -27.608888938085077], [-49.26239640838962, -27.60882392963346], [-49.26241542180481, -27.60877540177847], [-49.262452422664566, -27.608743354512335], [-49.26250741097149, -27.60872778782092], [-49.26258038674426, -27.60872870168372], [-49.26263537502857, -27.60871313494036], [-49.2626723758057, -27.608681087611373], [-49.26269138907307, -27.608632559710856], [-49.26269241484424, -27.60856755124662], [-49.262729671990684, -27.60851925178218], [-49.26280316048464, -27.60848766128728], [-49.26291288033254, -27.60847277970465], [-49.26305883157506, -27.608474606950004], [-49.263168551387, -27.608459725162895], [-49.263242039727714, -27.608428134427548], [-49.26327929659077, -27.60837983480128], [-49.263280322003915, -27.60831482631436], [-49.26329933493542, -27.608266298312813], [-49.263336335371704, -27.60823425078892], [-49.26339132331535, -27.608218683728506], [-49.26346429878509, -27.60821959711107], [-49.263519286706135, -27.60820402999872], [-49.2635562870598, -27.608171982411946], [-49.263575299843474, -27.608123454364907], [-49.26357632507075, -27.608058445865346], [-49.26359533782325, -27.60800991781349], [-49.2636323380874, -27.607977870201562], [-49.26368732586579, -27.607962303015427], [-49.26376030117713, -27.607963216234573], [-49.26381528893291, -27.607947648996493], [-49.26385228911443, -27.607915601321714], [-49.263871301719114, -27.607867073224348], [-49.26387232676051, -27.60780206471216], [-49.263909583128914, -27.607753764889967], [-49.26398307079655, -27.607722173727467], [-49.26409278976985, -27.6077072911674], [-49.26423874008945, -27.607709117125488], [-49.26434845902678, -27.60769423436093], [-49.26442194654116, -27.607662642958015], [-49.26445920262617, -27.607614342973992], [-49.26446022730958, -27.607549334439135], [-49.26447923957841, -27.607500806240758], [-49.2645162394191, -27.60746875837108], [-49.26457122683423, -27.607453190815974], [-49.2646442018425, -27.60745410355492], [-49.264699189235024, -27.60743853594788], [-49.26473618899308, -27.607406488015346], [-49.264755201114106, -27.607357959771466], [-49.26475622561165, -27.60729295122401], [-49.264775237701485, -27.607244422975313], [-49.26481223737005, -27.607212375017614], [-49.26486722461992, -27.607196807336788], [-49.264940199469784, -27.607197719912325], [-49.26499518669704, -27.60718215217958], [-49.26503218628298, -27.60715010415902], [-49.265051198225, -27.607101575864824], [-49.265052222536696, -27.607036567304746], [-49.26507123444754, -27.60698803900574], [-49.26510823394398, -27.60695599096004], [-49.26516322102858, -27.6069404231535], [-49.26523619572005, -27.606941335565633], [-49.26529118278204, -27.60692576770717], [-49.26532818219585, -27.606893719598602], [-49.265347193958895, -27.6068451912541], [-49.26534821808473, -27.60678018268142], [-49.26536722981659, -27.60673165433209], [-49.265404229140906, -27.60669960619838], [-49.26545921606024, -27.606684038266135], [-49.26553219059332, -27.606684950514868], [-49.26558717749005, -27.606669382530704], [-49.265624176731734, -27.60663733433414], [-49.26564318831579, -27.606588805939325], [-49.265644212255786, -27.606523797353997], [-49.265663223808666, -27.60647526895437], [-49.265700222960845, -27.606443220732654], [-49.265755209714925, -27.606427652674707], [-49.2658281840896, -27.606428564760037], [-49.26588317082106, -27.606412996650164], [-49.26592016989063, -27.6063809483656], [-49.26593918129571, -27.60633241992047], [-49.26594020504986, -27.606267411322538], [-49.2659774599845, -27.60621911086913], [-49.26605094607185, -27.60618751852996], [-49.26616066331834, -27.60617263424776], [-49.2663066117646, -27.606174457938263], [-49.26641530550663, -27.606224582066943], [-49.26648674462774, -27.606323006724637], [-49.26652092911122, -27.60646973196667]]]}, "properties": {"classe": "Media"}}, {"type": "Feature", "geometry": {"type": "Polygon", "coordinates": [[[-49.260573605460856, -27.61332006561049], [-49.26057155099936, -27.613450082302776], [-49.26055176542184, -27.6135473660573], [-49.26051424870441, -27.613611916866436], [-49.260459000853515, -27.613643734716753], [-49.260386021905965, -27.613642819589067], [-49.26033103085134, -27.61365838530196], [-49.26029402767094, -27.61369043187593], [-49.26027501236217, -27.613738959325147], [-49.260273984938586, -27.613803967657347], [-49.26025496959861, -27.61385249510174], [-49.26021796632867, -27.613884541650553], [-49.26016297513136, -27.613900107289613], [-49.260089996025386, -27.61389919199845], [-49.26003474791255, -27.613931009666196], [-49.259997230756056, -27.61399556031206], [-49.25997744454945, -27.614092843949447], [-49.25997538931661, -27.614222860586], [-49.25995560303833, -27.614320144214464], [-49.259918085690714, -27.614384694827205], [-49.259862837280224, -27.61441651241083], [-49.25978985784364, -27.614415596946113], [-49.259734609382996, -27.614447414476075], [-49.259697091861476, -27.614511965019943], [-49.25967730527261, -27.614609248591105], [-49.25967524964032, -27.6147392651972], [-49.25965546297979, -27.61483654875944], [-49.25961794526714, -27.614901099270178], [-49.25956269650881, -27.61493291671601], [-49.259489716741626, -27.61493200107774], [-49.25943421094015, -27.614980070542902], [-49.259396179048224, -27.615077125129144], [-49.259375621052925, -27.61522316484868], [-49.25937253698459, -27.61541818970828], [-49.25935197886811, -27.615564229413078], [-49.25931394667312, -27.61566128395633], [-49.25925844041253, -27.615709353325833], [-49.259185460142525, -27.615708437503923], [-49.2591299538038, -27.615756506817995], [-49.25909192134017, -27.615853561285704], [-49.25907136273873, -27.615999600919263], [-49.25906827802982, -27.61619462572544], [-49.25904771930718, -27.616340665344268], [-49.25900968654048, -27.616437719768992], [-49.25895417974261, -27.616485788987386], [-49.258881198969775, -27.61648487298183], [-49.25882594919353, -27.616516690080754], [-49.25878843037707, -27.61658124030333], [-49.258768642513935, -27.616678523663012], [-49.258766585628024, -27.616808540167405], [-49.258746797693206, -27.61690582351814], [-49.25870927868559, -27.616970373707616], [-49.25865402861164, -27.617002190722385], [-49.25858104750816, -27.617001274543238], [-49.25852656883187, -27.616984335323334], [-49.25849059259633, -27.616951373085058], [-49.258473118798946, -27.61690238784256], [-49.258474147421005, -27.616837379601737], [-49.25845667364622, -27.61678839435757], [-49.25842069749335, -27.616755432104195], [-49.258366218964944, -27.616738492827455], [-49.25829323804745, -27.616737576504967], [-49.25823824517272, -27.616753141296396], [-49.25820124032201, -27.616785187222238], [-49.258182223492746, -27.616833714296657], [-49.25818119469847, -27.6168987225274], [-49.25816217783799, -27.616947249597004], [-49.25812517289773, -27.616979295497668], [-49.258070179880285, -27.616994860215254], [-49.25799719880437, -27.616993943729256], [-49.257941948528725, -27.61702576045014], [-49.257904429016534, -27.617090310397106], [-49.25788464026134, -27.617187593583594], [-49.25788258228702, -27.617317610017214], [-49.25786279346012, -27.617414893194756], [-49.257825273756765, -27.61747944310859], [-49.2577700231834, -27.617511259745324], [-49.257697041776844, -27.61751034308573], [-49.25764307757888, -27.617460899411153], [-49.25760813063017, -27.617362928744917], [-49.2575922009178, -27.617216431099244], [-49.257595288375235, -27.6170214064752], [-49.25761584919303, -27.616875367180086], [-49.25765388334085, -27.616778313207167], [-49.25770939083162, -27.616730244544197], [-49.25778237172154, -27.61673116117354], [-49.25783839362839, -27.616650588344783], [-49.25787745645335, -27.61648852607175], [-49.257899560162826, -27.61624497436279], [-49.25790470478842, -27.61591993322074], [-49.25792680825049, -27.615676381480334], [-49.25796587051742, -27.615514319138764], [-49.25802189162282, -27.61543374618763], [-49.258094871665506, -27.615434662613147], [-49.25815012107472, -27.615402845785514], [-49.258187639813656, -27.615338295723927], [-49.25820742787585, -27.615241012441793], [-49.2582094852852, -27.61511099594675], [-49.2582292732757, -27.615013712655692], [-49.258266791823495, -27.614949162560993], [-49.25832204093503, -27.6149173456492], [-49.25839502064709, -27.61491826190114], [-49.25845001257105, -27.61490269700033], [-49.258487016688164, -27.614870650967294], [-49.25850603299584, -27.614822123816154], [-49.25850706150764, -27.61475711555469], [-49.2585443226792, -27.6147088174369], [-49.25861781648273, -27.61467722943248], [-49.25872754292472, -27.61466235148416], [-49.25887350204583, -27.614664183507635], [-49.25898322845187, -27.614649305354767], [-49.259056722102166, -27.614617717109834], [-49.25909398299025, -27.614569418830133], [-49.25909501114389, -27.614504410545923], [-49.25911402711558, -27.61445588329369], [-49.25915103089175, -27.614423837065647], [-49.259206022474984, -27.614408271847662], [-49.25927900188402, -27.614409187619202], [-49.259334250446045, -27.614377370275772], [-49.25937176812427, -27.614312819836584], [-49.25939155491223, -27.614215536315033], [-49.25939361083381, -27.614085519718767], [-49.25941339755009, -27.613988236188295], [-49.259450915037185, -27.613923685715985], [-49.25950616330155, -27.613891868288423], [-49.25957914237998, -27.613892783886406], [-49.25963413364273, -27.61387721848249], [-49.25967113707109, -27.61384517209716], [-49.25969015266246, -27.61379664474458], [-49.2596911804304, -27.613731636432508], [-49.259710195990564, -27.6136831090751], [-49.25974719932938, -27.61365106266461], [-49.25980219044944, -27.613635497186866], [-49.25987516936946, -27.61363641262137], [-49.259930160466915, -27.613620847091685], [-49.25996716372308, -27.6135888006183], [-49.25998617913539, -27.613540273215357], [-49.259987206717376, -27.61347526489062], [-49.260006222098475, -27.61342673748287], [-49.260043225265115, -27.613394690984304], [-49.26009821621988, -27.613379125380796], [-49.26017119498148, -27.613380040651826], [-49.26022618591364, -27.61336447499636], [-49.26026318899763, -27.613332428434916], [-49.26028220423086, -27.613283900981624], [-49.260283231626914, -27.613218892644248], [-49.26030224682894, -27.613170365186136], [-49.2603392498234, -27.61313831859951], [-49.26039424061286, -27.613122752870236], [-49.26046721921606, -27.613123667977792], [-49.26052143954565, -27.613156858456623], [-49.2605569016294, -27.613222324329726], [-49.260573605460856, -27.61332006561049]]]}, "properties": {"classe": "Media"}}, {"type": "Feature", "geometry": {"type": "Polygon", "coordinates": [[[-49.25816833447935, -27.617711325357455], [-49.25816627679433, -27.617841341800915], [-49.258146488094845, -27.617938625019157], [-49.258108968357014, -27.618003175004564], [-49.25805371758731, -27.618034991743706], [-49.25798073582253, -27.61803407521738], [-49.25792574225204, -27.618049639850188], [-49.25788873685711, -27.61808168566262], [-49.25786971963516, -27.618130212668856], [-49.25786869059975, -27.61819522087663], [-49.257849673346584, -27.618243747878036], [-49.2578126678621, -27.618275793665298], [-49.257757674148884, -27.61829135822426], [-49.25768469222567, -27.61829044153442], [-49.25762969848986, -27.618306006041415], [-49.25759269292271, -27.61833805176578], [-49.25757367552164, -27.618386578721623], [-49.25757264630022, -27.618451586916745], [-49.25755362886793, -27.618500113867782], [-49.25751662321122, -27.618532159566932], [-49.25746162933268, -27.618547724000095], [-49.257388647251034, -27.61854680714673], [-49.25733442537575, -27.618513615388636], [-49.25729896373462, -27.618448148748794], [-49.25728226232115, -27.61835040724062], [-49.25728432109466, -27.61822039086797], [-49.25730411061457, -27.618123107814018], [-49.25734163085699, -27.61805855807113], [-49.25739688182839, -27.618026741625883], [-49.257469863565596, -27.618027658459077], [-49.25752485717891, -27.618012094009508], [-49.2575618626496, -27.617980048297675], [-49.257580879975094, -27.617931521337745], [-49.25758190916894, -27.61786651313745], [-49.25760092646322, -27.6178179861727], [-49.25763793184435, -27.617785940435688], [-49.25769292531494, -27.617770375912265], [-49.25776590689371, -27.617771292581946], [-49.2578209003417, -27.617755728006564], [-49.25785790564017, -27.617723682206655], [-49.25787692278656, -27.617675155196345], [-49.2578779517944, -27.617610146983402], [-49.25789696890955, -27.617561619968267], [-49.25793397411847, -27.617529574143173], [-49.257988967423735, -27.617514009493956], [-49.25806194884408, -27.61751492600012], [-49.258116170480655, -27.617548117465695], [-49.25815163236123, -27.61761358391366], [-49.25816833447935, -27.617711325357455]]]}, "properties": {"classe": "Media"}}, {"type": "Feature", "geometry": {"type": "Polygon", "coordinates": [[[-49.25727608591787, -27.618740456343094], [-49.257274027089196, -27.618870472705424], [-49.25725423737009, -27.61896775573766], [-49.257216716736664, -27.61903230543218], [-49.25716146519539, -27.61906412177555], [-49.257088482783075, -27.61906320474858], [-49.257033488583986, -27.619078768995752], [-49.256996482579375, -27.61911081453759], [-49.256977464766656, -27.61915934138821], [-49.25697643515941, -27.619224349555438], [-49.25693917167945, -27.619272647119676], [-49.25686567429904, -27.619304234050663], [-49.25675594302464, -27.61931911029107], [-49.25660997789694, -27.619317275756615], [-49.25650076153364, -27.619299647717682], [-49.25642829395858, -27.619266226262333], [-49.25639257516533, -27.619217011447894], [-49.25639360511705, -27.619152003300844], [-49.256412623181205, -27.61910347654207], [-49.256449629344246, -27.619071431163775], [-49.25650462360877, -27.6190558671518], [-49.256577605993485, -27.619056784485657], [-49.2566326002354, -27.61904122042174], [-49.25666960631578, -27.619009174980526], [-49.256688624232034, -27.618960648176184], [-49.256689653997725, -27.61889564001647], [-49.256708671882755, -27.618847113207305], [-49.256745677873575, -27.618815067740908], [-49.256800671972755, -27.618799503603135], [-49.25687365419904, -27.61880042077346], [-49.25692864827562, -27.618784856583716], [-49.25696565418377, -27.618752811054406], [-49.256984671920904, -27.618704284199683], [-49.256985701500575, -27.61863927602732], [-49.257004719206485, -27.618590749167783], [-49.25704172502507, -27.618558703613264], [-49.25709671895892, -27.61854313934968], [-49.25716970102678, -27.618544056356487], [-49.25722392286308, -27.618577248177257], [-49.257259384495605, -27.61864271483499], [-49.25727608591787, -27.618740456343094]]]}, "properties": {"classe": "Media"}}, {"type": "Feature", "geometry": {"type": "Polygon", "coordinates": [[[-49.25638948528947, -27.619412035885123], [-49.25638845532395, -27.61947704402957], [-49.25640592852015, -27.61952602949351], [-49.25644190489681, -27.61955899227105], [-49.25649638445651, -27.619575932348038], [-49.25656936718568, -27.619576849702078], [-49.256623846776606, -27.619593789730242], [-49.256659823242835, -27.619626752454952], [-49.25667729658177, -27.619675737890354], [-49.25667626677468, -27.61974074604232], [-49.25665724869821, -27.61978927283331], [-49.256620242338784, -27.619821318255507], [-49.256565247699, -27.619836882294795], [-49.25649226479758, -27.61983596493067], [-49.256437270135194, -27.619851528918], [-49.2564002636931, -27.619883574277303], [-49.25638124546872, -27.619932101022716], [-49.256380215475595, -27.619997109162007], [-49.25636119721999, -27.62004563590259], [-49.256324190688325, -27.620077681236694], [-49.2562691958832, -27.620093245150173], [-49.25619621282335, -27.62009232762251], [-49.256141217995626, -27.620107891484004], [-49.2561042113813, -27.620139936755205], [-49.25608519297777, -27.62018846345022], [-49.256084162798615, -27.62025347157686], [-49.25604689856596, -27.620301768860312], [-49.25597340025205, -27.62033335527029], [-49.25586366786336, -27.620348230749507], [-49.25571770144058, -27.620346395213634], [-49.2556087418651, -27.620312514406486], [-49.255536789191154, -27.620246588417665], [-49.255501843408396, -27.620148617303766], [-49.25550390444186, -27.62001860108831], [-49.255523695937434, -27.619921318400078], [-49.255561217871225, -27.61985676923141], [-49.25561647024972, -27.61982495356892], [-49.255689453109724, -27.619825871393385], [-49.25574444784764, -27.61981030770692], [-49.255781454444715, -27.619778262530026], [-49.255800472898365, -27.619729735876838], [-49.25580150322215, -27.619664727755147], [-49.25582052164458, -27.61961620109713], [-49.25585752815209, -27.61958415589504], [-49.255912522747266, -27.619568592134723], [-49.25598550544884, -27.619569509795653], [-49.25604050002142, -27.619553945983355], [-49.25607750644626, -27.619521900718347], [-49.256096524720775, -27.619473374014774], [-49.25609755485853, -27.619408365880417], [-49.25611657310182, -27.61935983917202], [-49.2561535794371, -27.61932779388182], [-49.25620857386694, -27.619312229995675], [-49.25628155641009, -27.61931314749307], [-49.25633603582188, -27.619330087626885], [-49.25637201211587, -27.619363050419516], [-49.25638948528947, -27.619412035885123]]]}, "properties": {"classe": "Media"}}, {"type": "Feature", "geometry": {"type": "Polygon", "coordinates": [[[-49.25607540613644, -27.620806040627148], [-49.25607334570911, -27.620936056867503], [-49.25605355446034, -27.62103333963464], [-49.25601603236621, -27.621097888920907], [-49.25596077943323, -27.6211297047129], [-49.25588779569821, -27.62112878699141], [-49.255832800307246, -27.621144350702448], [-49.2557957932416, -27.621176395866527], [-49.25577677449869, -27.62122492249779], [-49.25577574409207, -27.621289930604], [-49.25575672531793, -27.62133845723044], [-49.255719718162716, -27.621370502369317], [-49.255664722629, -27.621386066006487], [-49.25559173873554, -27.621385148121444], [-49.25553674317923, -27.62140071170665], [-49.255499735941335, -27.621432756782614], [-49.255480717019275, -27.621481283363472], [-49.2554796864266, -27.621546291457015], [-49.25546066747331, -27.621594818033063], [-49.25542366014584, -27.621626863083822], [-49.25536866444678, -27.62164242659517], [-49.255295680394866, -27.621641508546574], [-49.255240684673204, -27.621657072005938], [-49.25520367726307, -27.621689116993803], [-49.255184658161845, -27.62173764352426], [-49.25518362738311, -27.621802651605137], [-49.25516460825066, -27.62185117813078], [-49.25512760075094, -27.62188322309342], [-49.255072604886536, -27.62189878647893], [-49.25499962067618, -27.621897868266778], [-49.25494539798305, -27.621864675546725], [-49.254909936834906, -27.621799208341763], [-49.25489323722527, -27.621701466665293], [-49.25489529911344, -27.62157145052117], [-49.25491509150149, -27.621474167978317], [-49.25495261436554, -27.62140961902907], [-49.25500786771208, -27.621377803660025], [-49.25508085157793, -27.621378721851983], [-49.25513584717706, -27.621363158450038], [-49.255172854490716, -27.621331113474717], [-49.255191873516324, -27.621282586940147], [-49.25519290426744, -27.621217578854132], [-49.25521192326182, -27.621169052314745], [-49.255248930485905, -27.621137007314214], [-49.25530392594228, -27.62112144383841], [-49.25537690964969, -27.621122361866803], [-49.25543216273421, -27.621090546315095], [-49.25546968515902, -27.621025997202466], [-49.25548947691764, -27.620928714542345], [-49.255491538033944, -27.620798698342362], [-49.25552957557976, -27.620701645153524], [-49.25560358950083, -27.620637554944715], [-49.25571357980753, -27.620606427659357], [-49.25585954657479, -27.620608263215416], [-49.255968506526635, -27.620642143841163], [-49.256040459717305, -27.62070806962621], [-49.25607540613644, -27.620806040627148]]]}, "properties": {"classe": "Media"}}, {"type": "Feature", "geometry": {"type": "Polygon", "coordinates": [[[-49.24893399210077, -27.629201293765163], [-49.24893295730279, -27.629266301558772], [-49.24889568675712, -27.629314596573728], [-49.248822180436015, -27.629346178779738], [-49.248712438345954, -27.629361048119453], [-49.24856646052771, -27.629359204508557], [-49.24845671840178, -27.62937407364359], [-49.24838321192742, -27.62940565560887], [-49.248345941098115, -27.629453950461734], [-49.248344905941636, -27.629518958232456], [-49.24827114053847, -27.629566792073724], [-49.248124644836345, -27.62959745186692], [-49.247905418857364, -27.629610937382044], [-49.24761346269801, -27.62960724827761], [-49.24739475454566, -27.62958822911218], [-49.24724929443309, -27.629553880234827], [-49.24717708233817, -27.629504201875562], [-49.24717811818392, -27.62943919414541], [-49.24723363672099, -27.629391130267702], [-49.247343637908735, -27.62936001017525], [-49.247508121760134, -27.629345833738753], [-49.24772708834189, -27.629348600766917], [-49.247891572153264, -27.62933442387231], [-49.24800157312762, -27.629303303246225], [-49.24805709125192, -27.629255239017976], [-49.248058126566846, -27.629190231254782], [-49.248113644607784, -27.62914216699933], [-49.24822364533406, -27.629111046184388], [-49.24838812875868, -27.629096868680662], [-49.2486070949483, -27.629099634296857], [-49.24877106088889, -27.62911796022962], [-49.24888002661071, -27.629151846675956], [-49.24893399210077, -27.629201293765163]]]}, "properties": {"classe": "Media"}}, {"type": "Feature", "geometry": {"type": "Polygon", "coordinates": [[[-49.233706465035034, -27.63186908034895], [-49.23370542112295, -27.631934087584852], [-49.233722885702264, -27.631983075446346], [-49.23375885879175, -27.632016043927536], [-49.23381334039404, -27.63203299301426], [-49.2338863304956, -27.632033922684098], [-49.233940812129184, -27.632050871721997], [-49.23397678530834, -27.632083840150397], [-49.23399425003044, -27.632132827983444], [-49.23399320627671, -27.632197835227], [-49.23390118565113, -27.632245428627535], [-49.23371818809128, -27.632275608000686], [-49.23344421363123, -27.6322883729869], [-49.23307926240162, -27.632283723051355], [-49.23280581015189, -27.632263983169832], [-49.23262385691299, -27.63222915388671], [-49.23253340265082, -27.632179235561555], [-49.23253444726625, -27.632114228369115], [-49.23255347824336, -27.632065705563807], [-49.23259049556862, -27.632033667137858], [-49.23264549924466, -27.63201811307711], [-49.23271848929027, -27.63201904336103], [-49.232773492943764, -27.632003489248252], [-49.23281051018636, -27.63197145075929], [-49.232829541015434, -27.631922927908285], [-49.232830585444525, -27.631857920703048], [-49.23288611119946, -27.63180986293703], [-49.232996118239654, -27.631778754542985], [-49.23316060657822, -27.631764595391584], [-49.233379576281976, -27.63176738529156], [-49.233543542579824, -27.631785729297704], [-49.23365250550188, -27.631819627607065], [-49.233706465035034, -27.63186908034895]]]}, "properties": {"classe": "Media"}}, {"type": "Feature", "geometry": {"type": "Polygon", "coordinates": [[[-49.232530268783584, -27.632374257134966], [-49.23252922415417, -27.632439264324805], [-49.23240070757097, -27.63248639149436], [-49.232144718955, -27.63251563828464], [-49.23176125837187, -27.63252700399066], [-49.23125032603182, -27.632520487561383], [-49.230867388293404, -27.63249934722263], [-49.23061244517256, -27.632463584038895], [-49.23048549660366, -27.632413198715152], [-49.23048654243944, -27.632348191596964], [-49.23061505957352, -27.6323010662322], [-49.23087104792697, -27.632271822261895], [-49.2312545075654, -27.632260458981065], [-49.231765438699085, -27.632266975338702], [-49.23214837594962, -27.632288113167178], [-49.232403319332995, -27.632323873530932], [-49.232530268783584, -27.632374257134966]]]}, "properties": {"classe": "Media"}}, {"type": "Feature", "geometry": {"type": "Polygon", "coordinates": [[[-49.22873059168675, -27.632585853980963], [-49.228729544802924, -27.632650861035113], [-49.22869226446758, -27.632699150127863], [-49.228618750653034, -27.63273072122888], [-49.22850900336584, -27.63274557428085], [-49.22836302264687, -27.632743709199442], [-49.228253275324015, -27.63275856204668], [-49.22817976135641, -27.632790132906837], [-49.22814248073748, -27.632838421837267], [-49.22814143349494, -27.632903428868325], [-49.22812240043947, -27.632951950964344], [-49.22808538155755, -27.63298398811755], [-49.2280303768518, -27.632999540313776], [-49.22795738634102, -27.632998607532535], [-49.22790238161272, -27.63301415967675], [-49.22786536264813, -27.633046196766927], [-49.227846329444624, -27.63309471881723], [-49.227845282015714, -27.633159725835426], [-49.227826248780886, -27.63320824788087], [-49.22778922972662, -27.633240284945774], [-49.22773422485554, -27.633255837015955], [-49.22766123418644, -27.63325490407093], [-49.22760622929282, -27.633270456089097], [-49.22756921015589, -27.633302493090966], [-49.22755017677302, -27.63335101509069], [-49.22754912915773, -27.633416022096057], [-49.22753009574354, -27.633464544090916], [-49.22749307651693, -27.633496581067504], [-49.22743807148053, -27.633512133011635], [-49.227365080653115, -27.633511199902827], [-49.22731086141559, -27.63347799654809], [-49.22727541379566, -27.633412522970445], [-49.22725873778674, -27.633314779183312], [-49.227260833347984, -27.633184765190524], [-49.227280652644886, -27.633087487985264], [-49.22731819565371, -27.633022947559855], [-49.22737346238102, -27.632991143900888], [-49.22744645286374, -27.632992076989176], [-49.22750145763461, -27.63297652502837], [-49.227538476674845, -27.63294448803894], [-49.227557509981814, -27.632895966035065], [-49.22755855756903, -27.632830959024524], [-49.22757759084468, -27.6327824370158], [-49.22761460979524, -27.632750400001093], [-49.22766961442333, -27.632734847966237], [-49.22774260474774, -27.632735780890748], [-49.22779760935329, -27.632720228803883], [-49.22783462822118, -27.632688191726157], [-49.22785366134879, -27.632639669671708], [-49.227854708749646, -27.632574662648317], [-49.22791023694251, -27.63252660699913], [-49.22802024588684, -27.632495502656838], [-49.22818473559576, -27.632481349492153], [-49.22840370613615, -27.632484147313782], [-49.22856767231862, -27.632502497215707], [-49.22867663417319, -27.632536399395008], [-49.22873059168675, -27.632585853980963]]]}, "properties": {"classe": "Media"}}]}